Running command: /home/pk3-pk/NAMD_2.14/namd2 +p 4 NAMD_7D35_D0.inp

Charm++: standalone mode (not using charmrun)
Charm++> Running in Multicore mode: 4 threads (PEs)
Charm++> Using recursive bisection (scheme 3) for topology aware partitions
Converse/Charm++ Commit ID: v6.10.2-0-g7bf00fa-namd-charm-6.10.2-build-2020-Aug-05-556
Warning> Randomization of virtual memory (ASLR) is turned on in the kernel, thread migration may not work! Run 'echo 0 > /proc/sys/kernel/randomize_va_space' as root to disable it, or try running with '+isomalloc_sync'.
CharmLB> Load balancer assumes all CPUs are same.
Charm++> Running on 1 hosts (1 sockets x 6 cores x 2 PUs = 12-way SMP)
Charm++> cpu topology info is gathered in 0.000 seconds.
Info: NAMD 2.14 for Linux-x86_64-multicore
Info: 
Info: Please visit http://www.ks.uiuc.edu/Research/namd/
Info: for updates, documentation, and support information.
Info: 
Info: Please cite Phillips et al., J. Chem. Phys. 153:044130 (2020) doi:10.1063/5.0014475
Info: in all publications reporting results obtained with NAMD.
Info: 
Info: Based on Charm++/Converse 61002 for multicore-linux-x86_64-iccstatic
Info: Built Mon Aug 24 10:08:36 CDT 2020 by jim on belfast.ks.uiuc.edu
Info: 1 NAMD  2.14  Linux-x86_64-multicore  4    pk3-lin-06  pk3-pk
Info: Running on 4 processors, 1 nodes, 1 physical nodes.
Info: CPU topology information available.
Info: Charm++/Converse parallel runtime startup completed at 0.00195315 s
CkLoopLib is used in SMP with simple dynamic scheduling (converse-level notification)
Info: 247.641 MB of memory in use based on /proc/self/stat
Info: Configuration file is NAMD_7D35_D0.inp
Info: Working in the current directory /home/pk3-pk/AKP
TCL: Suspending until startup complete.
Warning: The parameter fullElectFrequency now defaults to nonbondedFreq (1) rather than stepsPerCycle.
Info: SIMULATION PARAMETERS:
Info: TIMESTEP               1
Info: NUMBER OF STEPS        0
Info: STEPS PER CYCLE        20
Info: PERIODIC CELL BASIS 1  53.711 0 0
Info: PERIODIC CELL BASIS 2  0 46.078 0
Info: PERIODIC CELL BASIS 3  0 0 48.556
Info: PERIODIC CELL CENTER   0 0 0
Info: WRAPPING WATERS AROUND PERIODIC BOUNDARIES ON OUTPUT.
Info: WRAPPING ALL CLUSTERS AROUND PERIODIC BOUNDARIES ON OUTPUT.
Info: LOAD BALANCER  Centralized
Info: LOAD BALANCING STRATEGY  New Load Balancers -- DEFAULT
Info: LDB PERIOD             4000 steps
Info: FIRST LDB TIMESTEP     100
Info: LAST LDB TIMESTEP     -1
Info: LDB BACKGROUND SCALING 1
Info: HOM BACKGROUND SCALING 1
Info: PME BACKGROUND SCALING 1
Info: MIN ATOMS PER PATCH    40
Info: INITIAL TEMPERATURE    300
Info: CENTER OF MASS MOVING INITIALLY? NO
Info: DIELECTRIC             1
Info: EXCLUDE                SCALED ONE-FOUR
Info: 1-4 ELECTROSTATICS SCALED BY 1
Info: MODIFIED 1-4 VDW PARAMETERS WILL BE USED
Info: DCD FILENAME           NAMD_7D35_D0.dcd
Info: DCD FREQUENCY          1000
Info: DCD FIRST STEP         1000
Info: DCD FILE WILL CONTAIN UNIT CELL DATA
Info: NO EXTENDED SYSTEM TRAJECTORY OUTPUT
Info: NO VELOCITY DCD OUTPUT
Info: NO FORCE DCD OUTPUT
Info: OUTPUT FILENAME        NAMD_7D35_D0
Info: BINARY OUTPUT FILES WILL BE USED
Info: NO RESTART FILE
Info: SWITCHING ACTIVE
Info: SWITCHING ON           8
Info: SWITCHING OFF          12
Info: PAIRLIST DISTANCE      14
Info: PAIRLIST SHRINK RATE   0.01
Info: PAIRLIST GROW RATE     0.01
Info: PAIRLIST TRIGGER       0.3
Info: PAIRLISTS PER CYCLE    2
Info: PAIRLISTS ENABLED
Info: MARGIN                 3
Info: HYDROGEN GROUP CUTOFF  2.5
Info: PATCH DIMENSION        19.5
Info: ENERGY OUTPUT STEPS    1000
Info: CROSSTERM ENERGY INCLUDED IN DIHEDRAL
Info: TIMING OUTPUT STEPS    1000
Info: FIXED ATOMS ACTIVE
Info: LANGEVIN DYNAMICS ACTIVE
Info: LANGEVIN TEMPERATURE   300
Info: LANGEVIN USING BBK INTEGRATOR
Info: LANGEVIN DAMPING COEFFICIENT IS 5 INVERSE PS
Info: LANGEVIN DYNAMICS NOT APPLIED TO HYDROGENS
Info: LANGEVIN PISTON PRESSURE CONTROL ACTIVE
Info:        TARGET PRESSURE IS 1.01325 BAR
Info:     OSCILLATION PERIOD IS 200 FS
Info:             DECAY TIME IS 100 FS
Info:     PISTON TEMPERATURE IS 300 K
Info:       PRESSURE CONTROL IS GROUP-BASED
Info:    INITIAL STRAIN RATE IS 0 0 0
Info:       CELL FLUCTUATION IS ANISOTROPIC
Info: PARTICLE MESH EWALD (PME) ACTIVE
Info: PME TOLERANCE               1e-06
Info: PME EWALD COEFFICIENT       0.257952
Info: PME INTERPOLATION ORDER     4
Info: PME GRID DIMENSIONS         54 48 54
Info: PME MAXIMUM GRID SPACING    1
Info: Attempting to read FFTW data from FFTW_NAMD_2.14_Linux-x86_64-multicore.txt
Info: Optimizing 6 FFT steps.  1... 2... 3... 4... 5... 6...   Done.
Info: Writing FFTW data to FFTW_NAMD_2.14_Linux-x86_64-multicore.txt
Info: FULL ELECTROSTATIC EVALUATION FREQUENCY      1
Info: USING VERLET I (r-RESPA) MTS SCHEME.
Info: C1 SPLITTING OF LONG RANGE ELECTROSTATICS
Info: PLACING ATOMS IN PATCHES BY HYDROGEN GROUPS
Info: RIGID BONDS TO HYDROGEN : WATER
Info:         ERROR TOLERANCE : 1e-08
Info:          MAX ITERATIONS : 100
Info: RIGID WATER USING SETTLE ALGORITHM
Info: RANDOM NUMBER SEED     1779380056
Info: USE HYDROGEN BONDS?    NO
Info: COORDINATE PDB         PROT_ctr.pdb
Info: STRUCTURE FILE         PROT_ctr.psf
Info: PARAMETER file: CHARMM format! 
Info: PARAMETERS             par_all27_prot_na.inp
Info: USING ARITHMETIC MEAN TO COMBINE L-J SIGMA PARAMETERS
Info: SUMMARY OF PARAMETERS:
Info: 250 BONDS
Info: 622 ANGLES
Info: 1049 DIHEDRAL
Info: 73 IMPROPER
Info: 0 CROSSTERM
Info: 130 VDW
Info: 0 VDW_PAIRS
Info: 0 NBTHOLE_PAIRS
Warning: Ignored 17 bonds with zero force constants.
Warning: Will get H-H distance in rigid H2O from H-O-H angle.
Info: TIME FOR READING PSF FILE: 0.0591258
Info: Reading pdb file PROT_ctr.pdb
Info: TIME FOR READING PDB FILE: 0.00853065
Info: 
Info: ****************************
Info: STRUCTURE SUMMARY:
Info: 10340 ATOMS
Info: 7420 BONDS
Info: 5769 ANGLES
Info: 4170 DIHEDRALS
Info: 274 IMPROPERS
Info: 0 CROSSTERMS
Info: 0 EXCLUSIONS
Info: 1569 FIXED ATOMS
Info: 8754 RIGID BONDS
Info: 0 RIGID BONDS BETWEEN FIXED ATOMS
Info: 17559 DEGREES OF FREEDOM
Info: 3727 HYDROGEN GROUPS
Info: 4 ATOMS IN LARGEST HYDROGEN GROUP
Info: 3727 MIGRATION GROUPS
Info: 4 ATOMS IN LARGEST MIGRATION GROUP
Info: 792 HYDROGEN GROUPS WITH ALL ATOMS FIXED
Info: TOTAL MASS = 64325.7 amu
Info: TOTAL CHARGE = 1.11572e-06 e
Info: MASS DENSITY = 0.888881 g/cm^3
Info: ATOM DENSITY = 0.086044 atoms/A^3
Info: *****************************
Info: 
Info: Entering startup at 14.5969 s, 268.285 MB of memory in use
Info: Startup phase 0 took 3.7594e-05 s, 268.285 MB of memory in use
Info: ADDED 17296 IMPLICIT EXCLUSIONS
Info: Startup phase 1 took 0.0134276 s, 269.281 MB of memory in use
Info: NONBONDED TABLE R-SQUARED SPACING: 0.0625
Info: NONBONDED TABLE SIZE: 769 POINTS
Info: ABSOLUTE IMPRECISION IN FAST TABLE FORCE: 2.64698e-23 AT 11.9138
Info: RELATIVE IMPRECISION IN FAST TABLE FORCE: 1.40436e-16 AT 11.9138
Info: INCONSISTENCY IN FAST TABLE ENERGY VS FORCE: 0.000325096 AT 11.9556
Info: ABSOLUTE IMPRECISION IN SCOR TABLE FORCE: 4.10282e-22 AT 11.9138
Info: RELATIVE IMPRECISION IN SCOR TABLE FORCE: 3.56912e-15 AT 11.9138
Info: INCONSISTENCY IN SCOR TABLE ENERGY VS FORCE: 0.000324844 AT 11.9556
Info: ABSOLUTE IMPRECISION IN VDWA TABLE ENERGY: 4.93038e-32 AT 11.8295
Info: RELATIVE IMPRECISION IN VDWA TABLE ENERGY: 7.27628e-14 AT 11.9138
Info: ABSOLUTE IMPRECISION IN VDWA TABLE FORCE: 1.30963e-32 AT 11.9138
Info: RELATIVE IMPRECISION IN VDWA TABLE FORCE: 1.98662e-15 AT 11.9138
Info: INCONSISTENCY IN VDWA TABLE ENERGY VS FORCE: 0.0040507 AT 0.251946
Info: ABSOLUTE IMPRECISION IN VDWB TABLE ENERGY: 2.06795e-25 AT 11.8295
Info: RELATIVE IMPRECISION IN VDWB TABLE ENERGY: 7.09144e-14 AT 11.9138
Info: ABSOLUTE IMPRECISION IN VDWB TABLE FORCE: 4.20053e-26 AT 11.9138
Info: RELATIVE IMPRECISION IN VDWB TABLE FORCE: 2.13811e-15 AT 11.9138
Info: INCONSISTENCY IN VDWB TABLE ENERGY VS FORCE: 0.00150189 AT 0.251946
Info: Startup phase 2 took 0.000668341 s, 270.156 MB of memory in use
Info: Startup phase 3 took 3.2614e-05 s, 270.156 MB of memory in use
Info: Startup phase 4 took 0.00625823 s, 270.156 MB of memory in use
Info: Startup phase 5 took 6.5148e-05 s, 270.156 MB of memory in use
Info: PATCH GRID IS 2 (PERIODIC) BY 2 (PERIODIC) BY 2 (PERIODIC)
Info: PATCH GRID IS 1-AWAY BY 1-AWAY BY 1-AWAY
Info: REMOVING COM VELOCITY -0.0404087 -0.0813704 0.0799904
Info: LARGEST PATCH (3) HAS 1315 ATOMS
Info: TORUS A SIZE 1 USING 0
Info: TORUS B SIZE 1 USING 0
Info: TORUS C SIZE 1 USING 0
Info: TORUS MINIMAL MESH SIZE IS 1 BY 1 BY 1
Info: Placed 100% of base nodes on same physical node as patch
Info: Startup phase 6 took 0.00258257 s, 272.039 MB of memory in use
Info: PME using 4 and 4 processors for FFT and reciprocal sum.
Info: PME GRID LOCATIONS: 0 1 2 3
Info: PME TRANS LOCATIONS: 0 1 2 3
Info: PME USING 1 GRID NODES AND 1 TRANS NODES
Info: Optimizing 4 FFT steps.  1... 2... 3... 4...   Done.
Info: Startup phase 7 took 0.000484495 s, 272.039 MB of memory in use
Info: Startup phase 8 took 2.5078e-05 s, 272.039 MB of memory in use
Info: Startup phase 9 took 1.9786e-05 s, 272.039 MB of memory in use
Info: Startup phase 10 took 1.9672e-05 s, 272.039 MB of memory in use
Info: Startup phase 11 took 6.8365e-05 s, 272.039 MB of memory in use
LDB: Central LB being created...
Info: Startup phase 12 took 3.6233e-05 s, 272.039 MB of memory in use
Info: CREATING 180 COMPUTE OBJECTS
Info: useSync: 0 useProxySync: 0
Info: Startup phase 13 took 0.0253377 s, 272.039 MB of memory in use
Info: Startup phase 14 took 0.000178758 s, 272.039 MB of memory in use
Info: Startup phase 15 took 0.000423241 s, 272.039 MB of memory in use
Info: Finished startup at 14.6466 s, 272.039 MB of memory in use

TCL: Minimizing for 1000 steps
ETITLE:      TS           BOND          ANGLE          DIHED          IMPRP               ELECT            VDW       BOUNDARY           MISC        KINETIC               TOTAL           TEMP      POTENTIAL         TOTAL3        TEMPAVG            PRESSURE      GPRESSURE         VOLUME       PRESSAVG      GPRESSAVG

ENERGY:       0         0.0000         0.0000         0.0000         0.0000         -32303.3901      8806.6523         0.0000         0.0000         0.0000         -23496.7378         0.0000    -23496.7378    -23496.7378         0.0000          28047.4516      4355.7456    120171.0177     28047.4516      4355.7456

MINIMIZER SLOWLY MOVING 4 ATOMS WITH BAD CONTACTS DOWNHILL
ENERGY:       1         0.0000         0.0000         0.0000         0.0000         -32311.5964      4641.6916         0.0000         0.0000         0.0000         -27669.9048         0.0000    -27669.9048    -27669.9048         0.0000          18363.0652     -5715.9229    120171.0177     18363.0652     -5715.9229

MINIMIZER SLOWLY MOVING 2 ATOMS WITH BAD CONTACTS DOWNHILL
ENERGY:       2         0.0000         0.0000         0.0000         0.0000         -32314.1102      3988.3611         0.0000         0.0000         0.0000         -28325.7491         0.0000    -28325.7491    -28325.7491         0.0000          16838.0440     -7308.4935    120171.0177     16838.0440     -7308.4935

MINIMIZER STARTING CONJUGATE GRADIENT ALGORITHM
LINE MINIMIZER REDUCING GRADIENT FROM 2.5541e+07 TO 25541
ENERGY:       3         0.0000         0.0000         0.0000         0.0000         -32356.7290      3442.8068         0.0000         0.0000         0.0000         -28913.9222         0.0000    -28913.9222    -28913.9222         0.0000          15463.1564      3081.2127    120171.0177     15463.1564      3081.2127

ENERGY:       4         0.0000         0.0000         0.0000         0.0000         -32398.2054      3163.5910         0.0000         0.0000         0.0000         -29234.6144         0.0000    -29234.6144    -29234.6144         0.0000          14722.1328      2423.1541    120171.0177     14722.1328      2423.1541

ENERGY:       5         0.0000         0.0000         0.0000         0.0000         -32438.7003      2997.4726         0.0000         0.0000         0.0000         -29441.2277         0.0000    -29441.2277    -29441.2277         0.0000          14256.4006      1993.5387    120171.0177     14256.4006      1993.5387

MINIMIZER RESTARTING CONJUGATE GRADIENT ALGORITHM DUE TO POOR PROGRESS
LINE MINIMIZER REDUCING GRADIENT FROM 1.30005e+06 TO 1300.05
ENERGY:       6         0.0000         0.0000         0.0000         0.0000         -32689.6966      2689.6356         0.0000         0.0000         0.0000         -30000.0610         0.0000    -30000.0610    -30000.0610         0.0000          13285.9079      1000.1231    120171.0177     13285.9079      1000.1231

ENERGY:       7         0.0000         0.0000         0.0000         0.0000         -32926.3039      2504.1673         0.0000         0.0000         0.0000         -30422.1365         0.0000    -30422.1365    -30422.1365         0.0000          12673.7859       333.8881    120171.0177     12673.7859       333.8881

MINIMIZER RESTARTING CONJUGATE GRADIENT ALGORITHM DUE TO POOR PROGRESS
LINE MINIMIZER REDUCING GRADIENT FROM 566668 TO 566.668
ENERGY:       8         0.0000         0.0000         0.0000         0.0000         -33594.4872      2294.2035         0.0000         0.0000         0.0000         -31300.2837         0.0000    -31300.2837    -31300.2837         0.0000          11903.2335      -653.5201    120171.0177     11903.2335      -653.5201

ENERGY:       9         0.0000         0.0000         0.0000         0.0000         -34174.6220      2159.9040         0.0000         0.0000         0.0000         -32014.7181         0.0000    -32014.7181    -32014.7181         0.0000          11349.9783     -1394.6770    120171.0177     11349.9783     -1394.6770

MINIMIZER RESTARTING CONJUGATE GRADIENT ALGORITHM DUE TO POOR PROGRESS
LINE MINIMIZER REDUCING GRADIENT FROM 292210 TO 292.21
ETITLE:      TS           BOND          ANGLE          DIHED          IMPRP               ELECT            VDW       BOUNDARY           MISC        KINETIC               TOTAL           TEMP      POTENTIAL         TOTAL3        TEMPAVG            PRESSURE      GPRESSURE         VOLUME       PRESSAVG      GPRESSAVG

ENERGY:      10         0.0000         0.0000         0.0000         0.0000         -34669.2422      2087.8504         0.0000         0.0000         0.0000         -32581.3918         0.0000    -32581.3918    -32581.3918         0.0000          11007.1653     -1905.0273    120171.0177     11007.1653     -1905.0273

ENERGY:      11         0.0000         0.0000         0.0000         0.0000         -35111.9272      2035.3930         0.0000         0.0000         0.0000         -33076.5342         0.0000    -33076.5342    -33076.5342         0.0000          10727.4672     -2329.3305    120171.0177     10727.4672     -2329.3305

MINIMIZER RESTARTING CONJUGATE GRADIENT ALGORITHM DUE TO POOR PROGRESS
LINE MINIMIZER REDUCING GRADIENT FROM 184558 TO 184.558
ENERGY:      12         0.0000         0.0000         0.0000         0.0000         -35585.5539      1988.2939         0.0000         0.0000         0.0000         -33597.2601         0.0000    -33597.2601    -33597.2601         0.0000          10446.6371     -2769.0085    120171.0177     10446.6371     -2769.0085

ENERGY:      13         0.0000         0.0000         0.0000         0.0000         -36007.7878      1960.9365         0.0000         0.0000         0.0000         -34046.8513         0.0000    -34046.8513    -34046.8513         0.0000          10228.8394     -3123.7807    120171.0177     10228.8394     -3123.7807

MINIMIZER RESTARTING CONJUGATE GRADIENT ALGORITHM DUE TO POOR PROGRESS
LINE MINIMIZER REDUCING GRADIENT FROM 116746 TO 116.746
ENERGY:      14         0.0000         0.0000         0.0000         0.0000         -36389.6691      1913.1495         0.0000         0.0000         0.0000         -34476.5196         0.0000    -34476.5196    -34476.5196         0.0000           9985.6654     -3503.1866    120171.0177      9985.6654     -3503.1866

ENERGY:      15         0.0000         0.0000         0.0000         0.0000         -36735.9815      1883.2062         0.0000         0.0000         0.0000         -34852.7753         0.0000    -34852.7753    -34852.7753         0.0000           9796.1831     -3813.3688    120171.0177      9796.1831     -3813.3688

MINIMIZER RESTARTING CONJUGATE GRADIENT ALGORITHM DUE TO POOR PROGRESS
LINE MINIMIZER REDUCING GRADIENT FROM 79537.5 TO 79.5375
ENERGY:      16         0.0000         0.0000         0.0000         0.0000         -36958.2090      1866.8044         0.0000         0.0000         0.0000         -35091.4045         0.0000    -35091.4045    -35091.4045         0.0000           9679.2125     -4012.8207    120171.0177      9679.2125     -4012.8207

MINIMIZER RESTARTING CONJUGATE GRADIENT ALGORITHM DUE TO POOR PROGRESS
LINE MINIMIZER REDUCING GRADIENT FROM 70437.3 TO 70.4373
ENERGY:      17         0.0000         0.0000         0.0000         0.0000         -37255.0223      1848.6931         0.0000         0.0000         0.0000         -35406.3292         0.0000    -35406.3292    -35406.3292         0.0000           9538.0726     -4266.0715    120171.0177      9538.0726     -4266.0715

MINIMIZER RESTARTING CONJUGATE GRADIENT ALGORITHM DUE TO POOR PROGRESS
LINE MINIMIZER REDUCING GRADIENT FROM 60656.5 TO 60.6565
ENERGY:      18         0.0000         0.0000         0.0000         0.0000         -37509.2164      1833.0347         0.0000         0.0000         0.0000         -35676.1817         0.0000    -35676.1817    -35676.1817         0.0000           9417.4192     -4483.8496    120171.0177      9417.4192     -4483.8496

MINIMIZER RESTARTING CONJUGATE GRADIENT ALGORITHM DUE TO POOR PROGRESS
LINE MINIMIZER REDUCING GRADIENT FROM 53441.6 TO 53.4416
ENERGY:      19         0.0000         0.0000         0.0000         0.0000         -37738.3242      1823.1032         0.0000         0.0000         0.0000         -35915.2210         0.0000    -35915.2210    -35915.2210         0.0000           9318.9190     -4670.8653    120171.0177      9318.9190     -4670.8653

LDB: ============= START OF LOAD BALANCING ============== 14.97
LDB: ============== END OF LOAD BALANCING =============== 14.97
Info: useSync: 0 useProxySync: 0
LDB: =============== DONE WITH MIGRATION ================ 14.97
MINIMIZER RESTARTING CONJUGATE GRADIENT ALGORITHM DUE TO POOR PROGRESS
LINE MINIMIZER REDUCING GRADIENT FROM 47713.1 TO 47.7131
ETITLE:      TS           BOND          ANGLE          DIHED          IMPRP               ELECT            VDW       BOUNDARY           MISC        KINETIC               TOTAL           TEMP      POTENTIAL         TOTAL3        TEMPAVG            PRESSURE      GPRESSURE         VOLUME       PRESSAVG      GPRESSAVG

ENERGY:      20         0.0000         0.0000         0.0000         0.0000         -37950.2979      1815.7557         0.0000         0.0000         0.0000         -36134.5422         0.0000    -36134.5422    -36134.5422         0.0000           9231.6787     -4843.8715    120171.0177      9231.6787     -4843.8715

MINIMIZER RESTARTING CONJUGATE GRADIENT ALGORITHM DUE TO POOR PROGRESS
LINE MINIMIZER REDUCING GRADIENT FROM 42872 TO 42.872
ENERGY:      21         0.0000         0.0000         0.0000         0.0000         -38156.9732      1811.8825         0.0000         0.0000         0.0000         -36345.0907         0.0000    -36345.0907    -36345.0907         0.0000           9154.5684     -5002.1063    120171.0177      9154.5684     -5002.1063

MINIMIZER RESTARTING CONJUGATE GRADIENT ALGORITHM DUE TO POOR PROGRESS
LINE MINIMIZER REDUCING GRADIENT FROM 38512.2 TO 38.5122
ENERGY:      22         0.0000         0.0000         0.0000         0.0000         -38370.4905      1810.6354         0.0000         0.0000         0.0000         -36559.8551         0.0000    -36559.8551    -36559.8551         0.0000           9081.4065     -5159.7521    120171.0177      9081.4065     -5159.7521

MINIMIZER RESTARTING CONJUGATE GRADIENT ALGORITHM DUE TO POOR PROGRESS
LINE MINIMIZER REDUCING GRADIENT FROM 34351.6 TO 34.3516
ENERGY:      23         0.0000         0.0000         0.0000         0.0000         -38578.8522      1812.4812         0.0000         0.0000         0.0000         -36766.3709         0.0000    -36766.3709    -36766.3709         0.0000           9018.2324     -5306.2726    120171.0177      9018.2324     -5306.2726

MINIMIZER RESTARTING CONJUGATE GRADIENT ALGORITHM DUE TO POOR PROGRESS
LINE MINIMIZER REDUCING GRADIENT FROM 30646.2 TO 30.6462
ENERGY:      24         0.0000         0.0000         0.0000         0.0000         -38788.7781      1817.4722         0.0000         0.0000         0.0000         -36971.3059         0.0000    -36971.3059    -36971.3059         0.0000           8964.9092     -5444.4800    120171.0177      8964.9092     -5444.4800

MINIMIZER RESTARTING CONJUGATE GRADIENT ALGORITHM DUE TO POOR PROGRESS
LINE MINIMIZER REDUCING GRADIENT FROM 27136.7 TO 27.1367
ENERGY:      25         0.0000         0.0000         0.0000         0.0000         -39010.6743      1828.7736         0.0000         0.0000         0.0000         -37181.9007         0.0000    -37181.9007    -37181.9007         0.0000           8928.0243     -5572.7108    120171.0177      8928.0243     -5572.7108

MINIMIZER RESTARTING CONJUGATE GRADIENT ALGORITHM DUE TO POOR PROGRESS
LINE MINIMIZER REDUCING GRADIENT FROM 23727.3 TO 23.7273
ENERGY:      26         0.0000         0.0000         0.0000         0.0000         -39288.2059      1848.2579         0.0000         0.0000         0.0000         -37439.9479         0.0000    -37439.9479    -37439.9479         0.0000           8901.4959     -5716.4006    120171.0177      8901.4959     -5716.4006

MINIMIZER RESTARTING CONJUGATE GRADIENT ALGORITHM DUE TO POOR PROGRESS
LINE MINIMIZER REDUCING GRADIENT FROM 20272.9 TO 20.2729
ENERGY:      27         0.0000         0.0000         0.0000         0.0000         -39491.4535      1864.9350         0.0000         0.0000         0.0000         -37626.5185         0.0000    -37626.5185    -37626.5185         0.0000           8892.6913     -5813.1650    120171.0177      8892.6913     -5813.1650

MINIMIZER RESTARTING CONJUGATE GRADIENT ALGORITHM DUE TO POOR PROGRESS
LINE MINIMIZER REDUCING GRADIENT FROM 18221.5 TO 18.2215
ENERGY:      28         0.0000         0.0000         0.0000         0.0000         -39672.9214      1883.0054         0.0000         0.0000         0.0000         -37789.9160         0.0000    -37789.9160    -37789.9160         0.0000           8895.8273     -5887.9256    120171.0177      8895.8273     -5887.9256

MINIMIZER RESTARTING CONJUGATE GRADIENT ALGORITHM DUE TO POOR PROGRESS
LINE MINIMIZER REDUCING GRADIENT FROM 16625.8 TO 16.6258
ENERGY:      29         0.0000         0.0000         0.0000         0.0000         -39805.9576      1898.4902         0.0000         0.0000         0.0000         -37907.4675         0.0000    -37907.4675    -37907.4675         0.0000           8904.9168     -5936.9825    120171.0177      8904.9168     -5936.9825

MINIMIZER RESTARTING CONJUGATE GRADIENT ALGORITHM DUE TO POOR PROGRESS
LINE MINIMIZER REDUCING GRADIENT FROM 15533.7 TO 15.5337
ETITLE:      TS           BOND          ANGLE          DIHED          IMPRP               ELECT            VDW       BOUNDARY           MISC        KINETIC               TOTAL           TEMP      POTENTIAL         TOTAL3        TEMPAVG            PRESSURE      GPRESSURE         VOLUME       PRESSAVG      GPRESSAVG

ENERGY:      30         0.0000         0.0000         0.0000         0.0000         -39945.4699      1915.7992         0.0000         0.0000         0.0000         -38029.6707         0.0000    -38029.6707    -38029.6707         0.0000           8918.6013     -5983.5098    120171.0177      8918.6013     -5983.5098

MINIMIZER RESTARTING CONJUGATE GRADIENT ALGORITHM DUE TO POOR PROGRESS
LINE MINIMIZER REDUCING GRADIENT FROM 14497.3 TO 14.4973
ENERGY:      31         0.0000         0.0000         0.0000         0.0000         -40072.1686      1933.6981         0.0000         0.0000         0.0000         -38138.4705         0.0000    -38138.4705    -38138.4705         0.0000           8937.0491     -6020.3691    120171.0177      8937.0491     -6020.3691

MINIMIZER RESTARTING CONJUGATE GRADIENT ALGORITHM DUE TO POOR PROGRESS
LINE MINIMIZER REDUCING GRADIENT FROM 13617.1 TO 13.6171
ENERGY:      32         0.0000         0.0000         0.0000         0.0000         -40203.0167      1953.6551         0.0000         0.0000         0.0000         -38249.3616         0.0000    -38249.3616    -38249.3616         0.0000           8960.9225     -6053.1384    120171.0177      8960.9225     -6053.1384

MINIMIZER RESTARTING CONJUGATE GRADIENT ALGORITHM DUE TO POOR PROGRESS
LINE MINIMIZER REDUCING GRADIENT FROM 12762.4 TO 12.7624
ENERGY:      33         0.0000         0.0000         0.0000         0.0000         -40348.9375      1978.1705         0.0000         0.0000         0.0000         -38370.7670         0.0000    -38370.7670    -38370.7670         0.0000           8993.6360     -6084.4344    120171.0177      8993.6360     -6084.4344

MINIMIZER RESTARTING CONJUGATE GRADIENT ALGORITHM DUE TO POOR PROGRESS
LINE MINIMIZER REDUCING GRADIENT FROM 11897.5 TO 11.8975
ENERGY:      34         0.0000         0.0000         0.0000         0.0000         -40575.1375      2022.5582         0.0000         0.0000         0.0000         -38552.5793         0.0000    -38552.5793    -38552.5793         0.0000           9062.7284     -6114.2771    120171.0177      9062.7284     -6114.2771

MINIMIZER RESTARTING CONJUGATE GRADIENT ALGORITHM DUE TO POOR PROGRESS
LINE MINIMIZER REDUCING GRADIENT FROM 11795.8 TO 11.7958
ENERGY:      35         0.0000         0.0000         0.0000         0.0000         -40619.1921      2027.5217         0.0000         0.0000         0.0000         -38591.6704         0.0000    -38591.6704    -38591.6704         0.0000           9066.8898     -6129.8445    120171.0177      9066.8898     -6129.8445

ENERGY:      36         0.0000         0.0000         0.0000         0.0000         -40663.6216      2036.9861         0.0000         0.0000         0.0000         -38626.6355         0.0000    -38626.6355    -38626.6355         0.0000           9081.8584     -6135.7319    120171.0177      9081.8584     -6135.7319

MINIMIZER RESTARTING CONJUGATE GRADIENT ALGORITHM DUE TO POOR PROGRESS
LINE MINIMIZER REDUCING GRADIENT FROM 11548.5 TO 11.5485
ENERGY:      37         0.0000         0.0000         0.0000         0.0000         -40706.0460      2042.8316         0.0000         0.0000         0.0000         -38663.2144         0.0000    -38663.2144    -38663.2144         0.0000           9089.5383     -6145.6898    120171.0177      9089.5383     -6145.6898

ENERGY:      38         0.0000         0.0000         0.0000         0.0000         -40748.8889      2052.9654         0.0000         0.0000         0.0000         -38695.9235         0.0000    -38695.9235    -38695.9235         0.0000           9107.5792     -6146.4588    120171.0177      9107.5792     -6146.4588

MINIMIZER RESTARTING CONJUGATE GRADIENT ALGORITHM DUE TO POOR PROGRESS
LINE MINIMIZER REDUCING GRADIENT FROM 10748.2 TO 10.7482
ENERGY:      39         0.0000         0.0000         0.0000         0.0000         -40795.7191      2059.8307         0.0000         0.0000         0.0000         -38735.8884         0.0000    -38735.8884    -38735.8884         0.0000           9116.2789     -6158.4204    120171.0177      9116.2789     -6158.4204

MINIMIZER RESTARTING CONJUGATE GRADIENT ALGORITHM DUE TO POOR PROGRESS
LINE MINIMIZER REDUCING GRADIENT FROM 9838.1 TO 9.8381
ETITLE:      TS           BOND          ANGLE          DIHED          IMPRP               ELECT            VDW       BOUNDARY           MISC        KINETIC               TOTAL           TEMP      POTENTIAL         TOTAL3        TEMPAVG            PRESSURE      GPRESSURE         VOLUME       PRESSAVG      GPRESSAVG

ENERGY:      40         0.0000         0.0000         0.0000         0.0000         -40940.2547      2090.3786         0.0000         0.0000         0.0000         -38849.8761         0.0000    -38849.8761    -38849.8761         0.0000           9167.8126     -6173.9475    120171.0177      9167.8126     -6173.9475

MINIMIZER RESTARTING CONJUGATE GRADIENT ALGORITHM DUE TO POOR PROGRESS
LINE MINIMIZER REDUCING GRADIENT FROM 9308.37 TO 9.30837
ENERGY:      41         0.0000         0.0000         0.0000         0.0000         -41066.5360      2115.7959         0.0000         0.0000         0.0000         -38950.7401         0.0000    -38950.7401    -38950.7401         0.0000           9210.2861     -6187.5099    120171.0177      9210.2861     -6187.5099

MINIMIZER RESTARTING CONJUGATE GRADIENT ALGORITHM DUE TO POOR PROGRESS
LINE MINIMIZER REDUCING GRADIENT FROM 8896.47 TO 8.89647
ENERGY:      42         0.0000         0.0000         0.0000         0.0000         -41204.8768      2147.7783         0.0000         0.0000         0.0000         -39057.0985         0.0000    -39057.0985    -39057.0985         0.0000           9268.3471     -6190.6842    120171.0177      9268.3471     -6190.6842

MINIMIZER RESTARTING CONJUGATE GRADIENT ALGORITHM DUE TO POOR PROGRESS
LINE MINIMIZER REDUCING GRADIENT FROM 8981.84 TO 8.98184
ENERGY:      43         0.0000         0.0000         0.0000         0.0000         -41248.5959      2155.6360         0.0000         0.0000         0.0000         -39092.9599         0.0000    -39092.9599    -39092.9599         0.0000           9280.8685     -6197.6395    120171.0177      9280.8685     -6197.6395

ENERGY:      44         0.0000         0.0000         0.0000         0.0000         -41292.6671      2167.6686         0.0000         0.0000         0.0000         -39124.9985         0.0000    -39124.9985    -39124.9985         0.0000           9303.5208     -6195.6182    120171.0177      9303.5208     -6195.6182

MINIMIZER RESTARTING CONJUGATE GRADIENT ALGORITHM DUE TO POOR PROGRESS
LINE MINIMIZER REDUCING GRADIENT FROM 9715.48 TO 9.71548
ENERGY:      45         0.0000         0.0000         0.0000         0.0000         -41320.4212      2171.0969         0.0000         0.0000         0.0000         -39149.3243         0.0000    -39149.3243    -39149.3243         0.0000           9308.4612     -6202.2796    120171.0177      9308.4612     -6202.2796

ENERGY:      46         0.0000         0.0000         0.0000         0.0000         -41348.6258      2178.4831         0.0000         0.0000         0.0000         -39170.1427         0.0000    -39170.1427    -39170.1427         0.0000           9322.8590     -6200.6600    120171.0177      9322.8590     -6200.6600

MINIMIZER RESTARTING CONJUGATE GRADIENT ALGORITHM DUE TO POOR PROGRESS
LINE MINIMIZER REDUCING GRADIENT FROM 8247.83 TO 8.24783
ENERGY:      47         0.0000         0.0000         0.0000         0.0000         -41398.5414      2188.8261         0.0000         0.0000         0.0000         -39209.7153         0.0000    -39209.7153    -39209.7153         0.0000           9340.9838     -6204.7396    120171.0177      9340.9838     -6204.7396

MINIMIZER RESTARTING CONJUGATE GRADIENT ALGORITHM DUE TO POOR PROGRESS
LINE MINIMIZER REDUCING GRADIENT FROM 7674.75 TO 7.67475
ENERGY:      48         0.0000         0.0000         0.0000         0.0000         -41542.9777      2224.7270         0.0000         0.0000         0.0000         -39318.2507         0.0000    -39318.2507    -39318.2507         0.0000           9410.1558     -6200.2474    120171.0177      9410.1558     -6200.2474

MINIMIZER RESTARTING CONJUGATE GRADIENT ALGORITHM DUE TO POOR PROGRESS
LINE MINIMIZER REDUCING GRADIENT FROM 7434.31 TO 7.43431
ENERGY:      49         0.0000         0.0000         0.0000         0.0000         -41604.9603      2238.8213         0.0000         0.0000         0.0000         -39366.1390         0.0000    -39366.1390    -39366.1390         0.0000           9436.3387     -6202.2761    120171.0177      9436.3387     -6202.2761

MINIMIZER RESTARTING CONJUGATE GRADIENT ALGORITHM DUE TO POOR PROGRESS
LINE MINIMIZER REDUCING GRADIENT FROM 7209.97 TO 7.20997
ETITLE:      TS           BOND          ANGLE          DIHED          IMPRP               ELECT            VDW       BOUNDARY           MISC        KINETIC               TOTAL           TEMP      POTENTIAL         TOTAL3        TEMPAVG            PRESSURE      GPRESSURE         VOLUME       PRESSAVG      GPRESSAVG

ENERGY:      50         0.0000         0.0000         0.0000         0.0000         -41671.9723      2255.1538         0.0000         0.0000         0.0000         -39416.8185         0.0000    -39416.8185    -39416.8185         0.0000           9468.2845     -6200.6002    120171.0177      9468.2845     -6200.6002

MINIMIZER RESTARTING CONJUGATE GRADIENT ALGORITHM DUE TO POOR PROGRESS
LINE MINIMIZER REDUCING GRADIENT FROM 7031.76 TO 7.03176
ENERGY:      51         0.0000         0.0000         0.0000         0.0000         -41733.6489      2269.7835         0.0000         0.0000         0.0000         -39463.8654         0.0000    -39463.8654    -39463.8654         0.0000           9496.3329     -6200.5719    120171.0177      9496.3329     -6200.5719

MINIMIZER RESTARTING CONJUGATE GRADIENT ALGORITHM DUE TO POOR PROGRESS
LINE MINIMIZER REDUCING GRADIENT FROM 6813.14 TO 6.81314
ENERGY:      52         0.0000         0.0000         0.0000         0.0000         -41803.3335      2287.3031         0.0000         0.0000         0.0000         -39516.0305         0.0000    -39516.0305    -39516.0305         0.0000           9531.3703     -6197.1231    120171.0177      9531.3703     -6197.1231

MINIMIZER RESTARTING CONJUGATE GRADIENT ALGORITHM DUE TO POOR PROGRESS
LINE MINIMIZER REDUCING GRADIENT FROM 6679.69 TO 6.67969
ENERGY:      53         0.0000         0.0000         0.0000         0.0000         -41861.2205      2301.3283         0.0000         0.0000         0.0000         -39559.8922         0.0000    -39559.8922    -39559.8922         0.0000           9558.8021     -6196.0295    120171.0177      9558.8021     -6196.0295

MINIMIZER RESTARTING CONJUGATE GRADIENT ALGORITHM DUE TO POOR PROGRESS
LINE MINIMIZER REDUCING GRADIENT FROM 6448.36 TO 6.44836
ENERGY:      54         0.0000         0.0000         0.0000         0.0000         -41931.1794      2319.3937         0.0000         0.0000         0.0000         -39611.7857         0.0000    -39611.7857    -39611.7857         0.0000           9595.7534     -6190.8687    120171.0177      9595.7534     -6190.8687

MINIMIZER RESTARTING CONJUGATE GRADIENT ALGORITHM DUE TO POOR PROGRESS
LINE MINIMIZER REDUCING GRADIENT FROM 6343.29 TO 6.34329
ENERGY:      55         0.0000         0.0000         0.0000         0.0000         -41986.0633      2332.9816         0.0000         0.0000         0.0000         -39653.0817         0.0000    -39653.0817    -39653.0817         0.0000           9623.0091     -6188.6128    120171.0177      9623.0091     -6188.6128

MINIMIZER RESTARTING CONJUGATE GRADIENT ALGORITHM DUE TO POOR PROGRESS
LINE MINIMIZER REDUCING GRADIENT FROM 6111.22 TO 6.11122
ENERGY:      56         0.0000         0.0000         0.0000         0.0000         -42055.3534      2351.2841         0.0000         0.0000         0.0000         -39704.0693         0.0000    -39704.0693    -39704.0693         0.0000           9661.2299     -6181.9182    120171.0177      9661.2299     -6181.9182

MINIMIZER RESTARTING CONJUGATE GRADIENT ALGORITHM DUE TO POOR PROGRESS
LINE MINIMIZER REDUCING GRADIENT FROM 6031.24 TO 6.03124
ENERGY:      57         0.0000         0.0000         0.0000         0.0000         -42107.7339      2364.4811         0.0000         0.0000         0.0000         -39743.2527         0.0000    -39743.2527    -39743.2527         0.0000           9688.3495     -6178.6674    120171.0177      9688.3495     -6178.6674

MINIMIZER RESTARTING CONJUGATE GRADIENT ALGORITHM DUE TO POOR PROGRESS
LINE MINIMIZER REDUCING GRADIENT FROM 5804.46 TO 5.80446
ENERGY:      58         0.0000         0.0000         0.0000         0.0000         -42176.1814      2382.9014         0.0000         0.0000         0.0000         -39793.2800         0.0000    -39793.2800    -39793.2800         0.0000           9727.7244     -6170.4546    120171.0177      9727.7244     -6170.4546

MINIMIZER RESTARTING CONJUGATE GRADIENT ALGORITHM DUE TO POOR PROGRESS
LINE MINIMIZER REDUCING GRADIENT FROM 5747.84 TO 5.74784
ENERGY:      59         0.0000         0.0000         0.0000         0.0000         -42226.3536      2395.7191         0.0000         0.0000         0.0000         -39830.6344         0.0000    -39830.6344    -39830.6344         0.0000           9754.6931     -6166.3404    120171.0177      9754.6931     -6166.3404

MINIMIZER RESTARTING CONJUGATE GRADIENT ALGORITHM DUE TO POOR PROGRESS
LINE MINIMIZER REDUCING GRADIENT FROM 5525.63 TO 5.52563
ETITLE:      TS           BOND          ANGLE          DIHED          IMPRP               ELECT            VDW       BOUNDARY           MISC        KINETIC               TOTAL           TEMP      POTENTIAL         TOTAL3        TEMPAVG            PRESSURE      GPRESSURE         VOLUME       PRESSAVG      GPRESSAVG

ENERGY:      60         0.0000         0.0000         0.0000         0.0000         -42294.2011      2414.2913         0.0000         0.0000         0.0000         -39879.9097         0.0000    -39879.9097    -39879.9097         0.0000           9795.3555     -6159.1323    120171.0177      9795.3555     -6159.1323

MINIMIZER RESTARTING CONJUGATE GRADIENT ALGORITHM DUE TO POOR PROGRESS
LINE MINIMIZER REDUCING GRADIENT FROM 5488.86 TO 5.48886
ENERGY:      61         0.0000         0.0000         0.0000         0.0000         -42342.3630      2426.7605         0.0000         0.0000         0.0000         -39915.6025         0.0000    -39915.6025    -39915.6025         0.0000           9822.2854     -6154.2070    120171.0177      9822.2854     -6154.2070

MINIMIZER RESTARTING CONJUGATE GRADIENT ALGORITHM DUE TO POOR PROGRESS
LINE MINIMIZER REDUCING GRADIENT FROM 5267.49 TO 5.26749
ENERGY:      62         0.0000         0.0000         0.0000         0.0000         -42409.9493      2445.5972         0.0000         0.0000         0.0000         -39964.3520         0.0000    -39964.3520    -39964.3520         0.0000           9864.6690     -6142.6978    120171.0177      9864.6690     -6142.6978

MINIMIZER RESTARTING CONJUGATE GRADIENT ALGORITHM DUE TO POOR PROGRESS
LINE MINIMIZER REDUCING GRADIENT FROM 5246.67 TO 5.24667
ENERGY:      63         0.0000         0.0000         0.0000         0.0000         -42456.1731      2457.7406         0.0000         0.0000         0.0000         -39998.4325         0.0000    -39998.4325    -39998.4325         0.0000           9891.7777     -6136.7069    120171.0177      9891.7777     -6136.7069

MINIMIZER RESTARTING CONJUGATE GRADIENT ALGORITHM DUE TO POOR PROGRESS
LINE MINIMIZER REDUCING GRADIENT FROM 5022.18 TO 5.02218
ENERGY:      64         0.0000         0.0000         0.0000         0.0000         -42523.8016      2476.9642         0.0000         0.0000         0.0000         -40046.8374         0.0000    -40046.8374    -40046.8374         0.0000           9936.4363     -6122.9510    120171.0177      9936.4363     -6122.9510

MINIMIZER RESTARTING CONJUGATE GRADIENT ALGORITHM DUE TO POOR PROGRESS
LINE MINIMIZER REDUCING GRADIENT FROM 5015.02 TO 5.01502
ENERGY:      65         0.0000         0.0000         0.0000         0.0000         -42568.0829      2488.7656         0.0000         0.0000         0.0000         -40079.3173         0.0000    -40079.3173    -40079.3173         0.0000           9963.6928     -6115.9209    120171.0177      9963.6928     -6115.9209

MINIMIZER RESTARTING CONJUGATE GRADIENT ALGORITHM DUE TO POOR PROGRESS
LINE MINIMIZER REDUCING GRADIENT FROM 4785.05 TO 4.78505
ENERGY:      66         0.0000         0.0000         0.0000         0.0000         -42636.0496      2508.4651         0.0000         0.0000         0.0000         -40127.5845         0.0000    -40127.5845    -40127.5845         0.0000          10010.8515     -6099.8217    120171.0177     10010.8515     -6099.8217

MINIMIZER RESTARTING CONJUGATE GRADIENT ALGORITHM DUE TO POOR PROGRESS
LINE MINIMIZER REDUCING GRADIENT FROM 4792.58 TO 4.79258
ENERGY:      67         0.0000         0.0000         0.0000         0.0000         -42678.3170      2519.8615         0.0000         0.0000         0.0000         -40158.4555         0.0000    -40158.4555    -40158.4555         0.0000          10037.9619     -6092.0135    120171.0177     10037.9619     -6092.0135

MINIMIZER RESTARTING CONJUGATE GRADIENT ALGORITHM DUE TO POOR PROGRESS
LINE MINIMIZER REDUCING GRADIENT FROM 4556.42 TO 4.55642
ENERGY:      68         0.0000         0.0000         0.0000         0.0000         -42746.8824      2540.0835         0.0000         0.0000         0.0000         -40206.7989         0.0000    -40206.7989    -40206.7989         0.0000          10087.6459     -6073.6616    120171.0177     10087.6459     -6073.6616

MINIMIZER RESTARTING CONJUGATE GRADIENT ALGORITHM DUE TO POOR PROGRESS
LINE MINIMIZER REDUCING GRADIENT FROM 4582.38 TO 4.58238
ENERGY:      69         0.0000         0.0000         0.0000         0.0000         -42787.0195      2550.9821         0.0000         0.0000         0.0000         -40236.0374         0.0000    -40236.0374    -40236.0374         0.0000          10114.1898     -6065.4471    120171.0177     10114.1898     -6065.4471

MINIMIZER RESTARTING CONJUGATE GRADIENT ALGORITHM DUE TO POOR PROGRESS
LINE MINIMIZER REDUCING GRADIENT FROM 4339.42 TO 4.33942
ETITLE:      TS           BOND          ANGLE          DIHED          IMPRP               ELECT            VDW       BOUNDARY           MISC        KINETIC               TOTAL           TEMP      POTENTIAL         TOTAL3        TEMPAVG            PRESSURE      GPRESSURE         VOLUME       PRESSAVG      GPRESSAVG

ENERGY:      70         0.0000         0.0000         0.0000         0.0000         -42856.5164      2571.7670         0.0000         0.0000         0.0000         -40284.7494         0.0000    -40284.7494    -40284.7494         0.0000          10166.1070     -6045.2852    120171.0177     10166.1070     -6045.2852

MINIMIZER RESTARTING CONJUGATE GRADIENT ALGORITHM DUE TO POOR PROGRESS
LINE MINIMIZER REDUCING GRADIENT FROM 4387.68 TO 4.38768
ENERGY:      71         0.0000         0.0000         0.0000         0.0000         -42894.4443      2582.0819         0.0000         0.0000         0.0000         -40312.3623         0.0000    -40312.3623    -40312.3623         0.0000          10191.5395     -6037.1736    120171.0177     10191.5395     -6037.1736

ENERGY:      72         0.0000         0.0000         0.0000         0.0000         -42932.7075      2595.6368         0.0000         0.0000         0.0000         -40337.0707         0.0000    -40337.0707    -40337.0707         0.0000          10225.0966     -6021.8353    120171.0177     10225.0966     -6021.8353

MINIMIZER RESTARTING CONJUGATE GRADIENT ALGORITHM DUE TO POOR PROGRESS
LINE MINIMIZER REDUCING GRADIENT FROM 5330.08 TO 5.33008
ENERGY:      73         0.0000         0.0000         0.0000         0.0000         -42949.4599      2597.9402         0.0000         0.0000         0.0000         -40351.5197         0.0000    -40351.5197    -40351.5197         0.0000          10231.3759     -6022.5779    120171.0177     10231.3759     -6022.5779

ENERGY:      74         0.0000         0.0000         0.0000         0.0000         -42966.6436      2603.4539         0.0000         0.0000         0.0000         -40363.1897         0.0000    -40363.1897    -40363.1897         0.0000          10245.3974     -6016.5213    120171.0177     10245.3974     -6016.5213

MINIMIZER RESTARTING CONJUGATE GRADIENT ALGORITHM DUE TO POOR PROGRESS
LINE MINIMIZER REDUCING GRADIENT FROM 4162.39 TO 4.16239
ENERGY:      75         0.0000         0.0000         0.0000         0.0000         -43006.6197      2614.6163         0.0000         0.0000         0.0000         -40392.0034         0.0000    -40392.0034    -40392.0034         0.0000          10272.8988     -6007.0871    120171.0177     10272.8988     -6007.0871

MINIMIZER RESTARTING CONJUGATE GRADIENT ALGORITHM DUE TO POOR PROGRESS
LINE MINIMIZER REDUCING GRADIENT FROM 3926.11 TO 3.92611
ENERGY:      76         0.0000         0.0000         0.0000         0.0000         -43088.8315      2639.8315         0.0000         0.0000         0.0000         -40448.9999         0.0000    -40448.9999    -40448.9999         0.0000          10336.2166     -5981.3033    120171.0177     10336.2166     -5981.3033

MINIMIZER RESTARTING CONJUGATE GRADIENT ALGORITHM DUE TO POOR PROGRESS
LINE MINIMIZER REDUCING GRADIENT FROM 4027.32 TO 4.02732
ENERGY:      77         0.0000         0.0000         0.0000         0.0000         -43121.8511      2648.6880         0.0000         0.0000         0.0000         -40473.1631         0.0000    -40473.1631    -40473.1631         0.0000          10357.8045     -5974.8254    120171.0177     10357.8045     -5974.8254

ENERGY:      78         0.0000         0.0000         0.0000         0.0000         -43155.1724      2660.5351         0.0000         0.0000         0.0000         -40494.6373         0.0000    -40494.6373    -40494.6373         0.0000          10386.7436     -5961.8200    120171.0177     10386.7436     -5961.8200

MINIMIZER RESTARTING CONJUGATE GRADIENT ALGORITHM DUE TO POOR PROGRESS
LINE MINIMIZER REDUCING GRADIENT FROM 4660.23 TO 4.66023
ENERGY:      79         0.0000         0.0000         0.0000         0.0000         -43172.8212      2663.5390         0.0000         0.0000         0.0000         -40509.2821         0.0000    -40509.2821    -40509.2821         0.0000          10394.5510     -5961.4970    120171.0177     10394.5510     -5961.4970

ETITLE:      TS           BOND          ANGLE          DIHED          IMPRP               ELECT            VDW       BOUNDARY           MISC        KINETIC               TOTAL           TEMP      POTENTIAL         TOTAL3        TEMPAVG            PRESSURE      GPRESSURE         VOLUME       PRESSAVG      GPRESSAVG

ENERGY:      80         0.0000         0.0000         0.0000         0.0000         -43190.8529      2669.5380         0.0000         0.0000         0.0000         -40521.3148         0.0000    -40521.3148    -40521.3148         0.0000          10408.6767     -5962.1274    120171.0177     10408.6767     -5962.1274

MINIMIZER RESTARTING CONJUGATE GRADIENT ALGORITHM DUE TO POOR PROGRESS
LINE MINIMIZER REDUCING GRADIENT FROM 3841.64 TO 3.84164
ENERGY:      81         0.0000         0.0000         0.0000         0.0000         -43225.3966      2679.0452         0.0000         0.0000         0.0000         -40546.3514         0.0000    -40546.3514    -40546.3514         0.0000          10431.6100     -5954.8828    120171.0177     10431.6100     -5954.8828

MINIMIZER RESTARTING CONJUGATE GRADIENT ALGORITHM DUE TO POOR PROGRESS
LINE MINIMIZER REDUCING GRADIENT FROM 3571.95 TO 3.57195
ENERGY:      82         0.0000         0.0000         0.0000         0.0000         -43322.1525      2709.3359         0.0000         0.0000         0.0000         -40612.8166         0.0000    -40612.8166    -40612.8166         0.0000          10506.0613     -5924.7626    120171.0177     10506.0613     -5924.7626

MINIMIZER RESTARTING CONJUGATE GRADIENT ALGORITHM DUE TO POOR PROGRESS
LINE MINIMIZER REDUCING GRADIENT FROM 3756.48 TO 3.75648
ENERGY:      83         0.0000         0.0000         0.0000         0.0000         -43349.3313      2716.2761         0.0000         0.0000         0.0000         -40633.0552         0.0000    -40633.0552    -40633.0552         0.0000          10522.2942     -5921.0837    120171.0177     10522.2942     -5921.0837

ENERGY:      84         0.0000         0.0000         0.0000         0.0000         -43376.7717      2726.0738         0.0000         0.0000         0.0000         -40650.6980         0.0000    -40650.6980    -40650.6980         0.0000          10545.4799     -5911.2414    120171.0177     10545.4799     -5911.2414

MINIMIZER RESTARTING CONJUGATE GRADIENT ALGORITHM DUE TO POOR PROGRESS
LINE MINIMIZER REDUCING GRADIENT FROM 4143.5 TO 4.1435
ENERGY:      85         0.0000         0.0000         0.0000         0.0000         -43395.0239      2729.6448         0.0000         0.0000         0.0000         -40665.3791         0.0000    -40665.3791    -40665.3791         0.0000          10554.1913     -5910.3602    120171.0177     10554.1913     -5910.3602

ENERGY:      86         0.0000         0.0000         0.0000         0.0000         -43413.6219      2736.0776         0.0000         0.0000         0.0000         -40677.5443         0.0000    -40677.5443    -40677.5443         0.0000          10569.8172     -5903.3702    120171.0177     10569.8172     -5903.3702

MINIMIZER RESTARTING CONJUGATE GRADIENT ALGORITHM DUE TO POOR PROGRESS
LINE MINIMIZER REDUCING GRADIENT FROM 3577.91 TO 3.57791
ENERGY:      87         0.0000         0.0000         0.0000         0.0000         -43442.9026      2743.8757         0.0000         0.0000         0.0000         -40699.0269         0.0000    -40699.0269    -40699.0269         0.0000          10587.8453     -5898.7022    120171.0177     10587.8453     -5898.7022

ENERGY:      88         0.0000         0.0000         0.0000         0.0000         -43472.4630      2754.4747         0.0000         0.0000         0.0000         -40717.9883         0.0000    -40717.9883    -40717.9883         0.0000          10612.7499     -5887.9162    120171.0177     10612.7499     -5887.9162

MINIMIZER RESTARTING CONJUGATE GRADIENT ALGORITHM DUE TO POOR PROGRESS
LINE MINIMIZER REDUCING GRADIENT FROM 3933.96 TO 3.93396
ENERGY:      89         0.0000         0.0000         0.0000         0.0000         -43491.2543      2758.2845         0.0000         0.0000         0.0000         -40732.9697         0.0000    -40732.9697    -40732.9697         0.0000          10621.8330     -5887.0306    120171.0177     10621.8330     -5887.0306

ETITLE:      TS           BOND          ANGLE          DIHED          IMPRP               ELECT            VDW       BOUNDARY           MISC        KINETIC               TOTAL           TEMP      POTENTIAL         TOTAL3        TEMPAVG            PRESSURE      GPRESSURE         VOLUME       PRESSAVG      GPRESSAVG

ENERGY:      90         0.0000         0.0000         0.0000         0.0000         -43510.3520      2764.8667         0.0000         0.0000         0.0000         -40745.4853         0.0000    -40745.4853    -40745.4853         0.0000          10637.6277     -5880.1960    120171.0177     10637.6277     -5880.1960

MINIMIZER RESTARTING CONJUGATE GRADIENT ALGORITHM DUE TO POOR PROGRESS
LINE MINIMIZER REDUCING GRADIENT FROM 3445.5 TO 3.4455
ENERGY:      91         0.0000         0.0000         0.0000         0.0000         -43539.2987      2772.6289         0.0000         0.0000         0.0000         -40766.6698         0.0000    -40766.6698    -40766.6698         0.0000          10655.2717     -5875.8017    120171.0177     10655.2717     -5875.8017

ENERGY:      92         0.0000         0.0000         0.0000         0.0000         -43568.4816      2783.0990         0.0000         0.0000         0.0000         -40785.3826         0.0000    -40785.3826    -40785.3826         0.0000          10679.5467     -5865.4835    120171.0177     10679.5467     -5865.4835

MINIMIZER RESTARTING CONJUGATE GRADIENT ALGORITHM DUE TO POOR PROGRESS
LINE MINIMIZER REDUCING GRADIENT FROM 3753.16 TO 3.75316
ENERGY:      93         0.0000         0.0000         0.0000         0.0000         -43587.6063      2787.1305         0.0000         0.0000         0.0000         -40800.4758         0.0000    -40800.4758    -40800.4758         0.0000          10689.0169     -5864.3845    120171.0177     10689.0169     -5864.3845

ENERGY:      94         0.0000         0.0000         0.0000         0.0000         -43606.9728      2793.8676         0.0000         0.0000         0.0000         -40813.1052         0.0000    -40813.1052    -40813.1052         0.0000          10705.0901     -5857.4006    120171.0177     10705.0901     -5857.4006

MINIMIZER RESTARTING CONJUGATE GRADIENT ALGORITHM DUE TO POOR PROGRESS
LINE MINIMIZER REDUCING GRADIENT FROM 3333.14 TO 3.33314
ENERGY:      95         0.0000         0.0000         0.0000         0.0000         -43634.8180      2801.3251         0.0000         0.0000         0.0000         -40833.4929         0.0000    -40833.4929    -40833.4929         0.0000          10721.8974     -5853.3948    120171.0177     10721.8974     -5853.3948

ENERGY:      96         0.0000         0.0000         0.0000         0.0000         -43662.8298      2811.4414         0.0000         0.0000         0.0000         -40851.3884         0.0000    -40851.3884    -40851.3884         0.0000          10745.3013     -5843.4612    120171.0177     10745.3013     -5843.4612

MINIMIZER RESTARTING CONJUGATE GRADIENT ALGORITHM DUE TO POOR PROGRESS
LINE MINIMIZER REDUCING GRADIENT FROM 3598.48 TO 3.59848
ENERGY:      97         0.0000         0.0000         0.0000         0.0000         -43682.0659      2815.6313         0.0000         0.0000         0.0000         -40866.4346         0.0000    -40866.4346    -40866.4346         0.0000          10755.1065     -5842.0829    120171.0177     10755.1065     -5842.0829

ENERGY:      98         0.0000         0.0000         0.0000         0.0000         -43701.4920      2822.4865         0.0000         0.0000         0.0000         -40879.0055         0.0000    -40879.0055    -40879.0055         0.0000          10771.4085     -5834.8871    120171.0177     10771.4085     -5834.8871

MINIMIZER RESTARTING CONJUGATE GRADIENT ALGORITHM DUE TO POOR PROGRESS
LINE MINIMIZER REDUCING GRADIENT FROM 3229.22 TO 3.22922
ENERGY:      99         0.0000         0.0000         0.0000         0.0000         -43728.1020      2829.5971         0.0000         0.0000         0.0000         -40898.5049         0.0000    -40898.5049    -40898.5049         0.0000          10787.5062     -5831.0801    120171.0177     10787.5062     -5831.0801

LDB: ============= START OF LOAD BALANCING ============== 15.844
LDB: Largest compute 14 load 0.202573 is 24.1% of average load 0.839698
LDB: Average compute 0.018391 is 2.2% of average load 0.839698
LDB: Partitioning computes with target load 0.083970
LDB: Increased migratable compute count from 152 to 166
LDB: Largest unpartitionable compute is 0.002077
LDB: ============== END OF LOAD BALANCING =============== 15.8441
Info: useSync: 0 useProxySync: 0
LDB: =============== DONE WITH MIGRATION ================ 15.8442
Info: Initial time: 4 CPUs 0.0111045 s/step 0.128524 days/ns 279.488 MB memory
ETITLE:      TS           BOND          ANGLE          DIHED          IMPRP               ELECT            VDW       BOUNDARY           MISC        KINETIC               TOTAL           TEMP      POTENTIAL         TOTAL3        TEMPAVG            PRESSURE      GPRESSURE         VOLUME       PRESSAVG      GPRESSAVG

ENERGY:     100         0.0000         0.0000         0.0000         0.0000         -43754.8267      2839.3326         0.0000         0.0000         0.0000         -40915.4941         0.0000    -40915.4941    -40915.4941         0.0000          10809.4764     -5824.8860    120171.0177     10809.4764     -5824.8860

MINIMIZER RESTARTING CONJUGATE GRADIENT ALGORITHM DUE TO POOR PROGRESS
LINE MINIMIZER REDUCING GRADIENT FROM 3457.62 TO 3.45762
ENERGY:     101         0.0000         0.0000         0.0000         0.0000         -43774.0989      2843.6738         0.0000         0.0000         0.0000         -40930.4251         0.0000    -40930.4251    -40930.4251         0.0000          10819.6852     -5823.1489    120171.0177     10819.6852     -5823.1489

ENERGY:     102         0.0000         0.0000         0.0000         0.0000         -43793.4953      2850.6490         0.0000         0.0000         0.0000         -40942.8462         0.0000    -40942.8462    -40942.8462         0.0000          10836.3361     -5815.6121    120171.0177     10836.3361     -5815.6121

MINIMIZER RESTARTING CONJUGATE GRADIENT ALGORITHM DUE TO POOR PROGRESS
LINE MINIMIZER REDUCING GRADIENT FROM 3130.97 TO 3.13097
ENERGY:     103         0.0000         0.0000         0.0000         0.0000         -43818.9337      2857.4270         0.0000         0.0000         0.0000         -40961.5067         0.0000    -40961.5067    -40961.5067         0.0000          10851.8050     -5811.9648    120171.0177     10851.8050     -5811.9648

ENERGY:     104         0.0000         0.0000         0.0000         0.0000         -43844.4187      2866.8083         0.0000         0.0000         0.0000         -40977.6104         0.0000    -40977.6104    -40977.6104         0.0000          10873.7653     -5802.4215    120171.0177     10873.7653     -5802.4215

MINIMIZER RESTARTING CONJUGATE GRADIENT ALGORITHM DUE TO POOR PROGRESS
LINE MINIMIZER REDUCING GRADIENT FROM 3330.26 TO 3.33026
ENERGY:     105         0.0000         0.0000         0.0000         0.0000         -43863.7012      2871.2864         0.0000         0.0000         0.0000         -40992.4148         0.0000    -40992.4148    -40992.4148         0.0000          10884.3272     -5800.3359    120171.0177     10884.3272     -5800.3359

ENERGY:     106         0.0000         0.0000         0.0000         0.0000         -43883.0275      2878.3848         0.0000         0.0000         0.0000         -41004.6427         0.0000    -41004.6427    -41004.6427         0.0000          10901.3368     -5792.4088    120171.0177     10901.3368     -5792.4088

MINIMIZER RESTARTING CONJUGATE GRADIENT ALGORITHM DUE TO POOR PROGRESS
LINE MINIMIZER REDUCING GRADIENT FROM 3041.75 TO 3.04175
ENERGY:     107         0.0000         0.0000         0.0000         0.0000         -43907.4193      2884.8613         0.0000         0.0000         0.0000         -41022.5581         0.0000    -41022.5581    -41022.5581         0.0000          10916.2796     -5788.7916    120171.0177     10916.2796     -5788.7916

ENERGY:     108         0.0000         0.0000         0.0000         0.0000         -43931.7752      2893.9604         0.0000         0.0000         0.0000         -41037.8147         0.0000    -41037.8147    -41037.8147         0.0000          10937.7965     -5779.1664    120171.0177     10937.7965     -5779.1664

MINIMIZER RESTARTING CONJUGATE GRADIENT ALGORITHM DUE TO POOR PROGRESS
LINE MINIMIZER REDUCING GRADIENT FROM 3229.35 TO 3.22935
ENERGY:     109         0.0000         0.0000         0.0000         0.0000         -43951.0107      2898.5097         0.0000         0.0000         0.0000         -41052.5010         0.0000    -41052.5010    -41052.5010         0.0000          10948.5702     -5776.8807    120171.0177     10948.5702     -5776.8807

ETITLE:      TS           BOND          ANGLE          DIHED          IMPRP               ELECT            VDW       BOUNDARY           MISC        KINETIC               TOTAL           TEMP      POTENTIAL         TOTAL3        TEMPAVG            PRESSURE      GPRESSURE         VOLUME       PRESSAVG      GPRESSAVG

ENERGY:     110         0.0000         0.0000         0.0000         0.0000         -43970.2041      2905.7455         0.0000         0.0000         0.0000         -41064.4586         0.0000    -41064.4586    -41064.4586         0.0000          10965.9449     -5768.5749    120171.0177     10965.9449     -5768.5749

MINIMIZER RESTARTING CONJUGATE GRADIENT ALGORITHM DUE TO POOR PROGRESS
LINE MINIMIZER REDUCING GRADIENT FROM 2980.91 TO 2.98091
ENERGY:     111         0.0000         0.0000         0.0000         0.0000         -43993.7109      2911.9383         0.0000         0.0000         0.0000         -41081.7726         0.0000    -41081.7726    -41081.7726         0.0000          10980.4263     -5764.9221    120171.0177     10980.4263     -5764.9221

ENERGY:     112         0.0000         0.0000         0.0000         0.0000         -44017.0845      2920.9656         0.0000         0.0000         0.0000         -41096.1189         0.0000    -41096.1189    -41096.1189         0.0000          11001.9475     -5754.8011    120171.0177     11001.9475     -5754.8011

MINIMIZER RESTARTING CONJUGATE GRADIENT ALGORITHM DUE TO POOR PROGRESS
LINE MINIMIZER REDUCING GRADIENT FROM 3214.73 TO 3.21473
ENERGY:     113         0.0000         0.0000         0.0000         0.0000         -44036.2019      2925.3515         0.0000         0.0000         0.0000         -41110.8504         0.0000    -41110.8504    -41110.8504         0.0000          11012.2727     -5753.0010    120171.0177     11012.2727     -5753.0010

ENERGY:     114         0.0000         0.0000         0.0000         0.0000         -44055.1307      2932.8975         0.0000         0.0000         0.0000         -41122.2332         0.0000    -41122.2332    -41122.2332         0.0000          11030.3851     -5744.0610    120171.0177     11030.3851     -5744.0610

MINIMIZER RESTARTING CONJUGATE GRADIENT ALGORITHM DUE TO POOR PROGRESS
LINE MINIMIZER REDUCING GRADIENT FROM 3047.65 TO 3.04765
ENERGY:     115         0.0000         0.0000         0.0000         0.0000         -44077.9331      2938.6554         0.0000         0.0000         0.0000         -41139.2777         0.0000    -41139.2777    -41139.2777         0.0000          11043.9507     -5740.6795    120171.0177     11043.9507     -5740.6795

ENERGY:     116         0.0000         0.0000         0.0000         0.0000         -44100.4098      2948.4657         0.0000         0.0000         0.0000         -41151.9441         0.0000    -41151.9441    -41151.9441         0.0000          11067.5320     -5728.0971    120171.0177     11067.5320     -5728.0971

MINIMIZER RESTARTING CONJUGATE GRADIENT ALGORITHM DUE TO POOR PROGRESS
LINE MINIMIZER REDUCING GRADIENT FROM 3601.09 TO 3.60109
ENERGY:     117         0.0000         0.0000         0.0000         0.0000         -44119.1948      2951.6338         0.0000         0.0000         0.0000         -41167.5610         0.0000    -41167.5610    -41167.5610         0.0000          11074.7312     -5729.4461    120171.0177     11074.7312     -5729.4461

ENERGY:     118         0.0000         0.0000         0.0000         0.0000         -44137.5052      2960.5907         0.0000         0.0000         0.0000         -41176.9146         0.0000    -41176.9146    -41176.9146         0.0000          11096.0805     -5717.8690    120171.0177     11096.0805     -5717.8690

ENERGY:     119         0.0000         0.0000         0.0000         0.0000         -44155.3600      2976.1325         0.0000         0.0000         0.0000         -41179.2275         0.0000    -41179.2275    -41179.2275         0.0000          11133.4420     -5691.7820    120171.0177     11133.4420     -5691.7820

LDB: ============= START OF LOAD BALANCING ============== 16.0918
LDB: ============== END OF LOAD BALANCING =============== 16.0918
Info: useSync: 0 useProxySync: 0
LDB: =============== DONE WITH MIGRATION ================ 16.0918
ETITLE:      TS           BOND          ANGLE          DIHED          IMPRP               ELECT            VDW       BOUNDARY           MISC        KINETIC               TOTAL           TEMP      POTENTIAL         TOTAL3        TEMPAVG            PRESSURE      GPRESSURE         VOLUME       PRESSAVG      GPRESSAVG

ENERGY:     120         0.0000         0.0000         0.0000         0.0000         -44172.7885      3000.7861         0.0000         0.0000         0.0000         -41172.0023         0.0000    -41172.0023    -41172.0023         0.0000          11192.5187     -5647.4188    120171.0177     11192.5187     -5647.4188

LINE MINIMIZER BRACKET: DX 0.00523147 0.00523147 DU -2.3129 7.22513 DUDX -1163.66 352.952 2547.69 
ENERGY:     121         0.0000         0.0000         0.0000         0.0000         -44151.4439      2972.0171         0.0000         0.0000         0.0000         -41179.4268         0.0000    -41179.4268    -41179.4268         0.0000          11123.4007     -5700.2070    120171.0177     11123.4007     -5700.2070

LINE MINIMIZER BRACKET: DX 0.00407027 0.0011612 DU -2.51221 0.199306 DUDX -1163.66 -27.3159 352.952 
ENERGY:     122         0.0000         0.0000         0.0000         0.0000         -44151.8378      2972.4100         0.0000         0.0000         0.0000         -41179.4278         0.0000    -41179.4278    -41179.4278         0.0000          11124.3442     -5699.5255    120171.0177     11124.3442     -5699.5255

LINE MINIMIZER BRACKET: DX 0.00011612 0.00104508 DU -0.00106292 0.200369 DUDX -27.3159 9.28731 352.952 
ENERGY:     123         0.0000         0.0000         0.0000         0.0000         -44151.7384      2972.3107         0.0000         0.0000         0.0000         -41179.4278         0.0000    -41179.4278    -41179.4278         0.0000          11124.1067     -5699.6969    120171.0177     11124.1067     -5699.6969

LINE MINIMIZER BRACKET: DX 2.92405e-05 0.00104508 DU -5.85397e-05 0.200369 DUDX 0.0437209 9.28731 352.952 
ENERGY:     124         0.0000         0.0000         0.0000         0.0000         -44151.8378      2972.4100         0.0000         0.0000         0.0000         -41179.4278         0.0000    -41179.4278    -41179.4278         0.0000          11124.3443     -5699.5255    120171.0177     11124.3443     -5699.5255

MINIMIZER RESTARTING CONJUGATE GRADIENT ALGORITHM
LINE MINIMIZER REDUCING GRADIENT FROM 7795.92 TO 7.79592
ENERGY:     125         0.0000         0.0000         0.0000         0.0000         -44159.4671      2966.1717         0.0000         0.0000         0.0000         -41193.2954         0.0000    -41193.2954    -41193.2954         0.0000          11109.3327     -5715.7596    120171.0177     11109.3327     -5715.7596

ENERGY:     126         0.0000         0.0000         0.0000         0.0000         -44166.9516      2966.4032         0.0000         0.0000         0.0000         -41200.5484         0.0000    -41200.5484    -41200.5484         0.0000          11109.8928     -5718.0544    120171.0177     11109.8928     -5718.0544

ENERGY:     127         0.0000         0.0000         0.0000         0.0000         -44174.1201      2971.2303         0.0000         0.0000         0.0000         -41202.8898         0.0000    -41202.8898    -41202.8898         0.0000          11121.6447     -5710.1608    120171.0177     11121.6447     -5710.1608

ENERGY:     128         0.0000         0.0000         0.0000         0.0000         -44180.8337      2980.1859         0.0000         0.0000         0.0000         -41200.6478         0.0000    -41200.6478    -41200.6478         0.0000          11143.4636     -5693.0525    120171.0177     11143.4636     -5693.0525

LINE MINIMIZER BRACKET: DX 0.00234975 0.00234975 DU -2.34144 2.24204 DUDX -1981.69 -39.1632 1960.38 
ENERGY:     129         0.0000         0.0000         0.0000         0.0000         -44174.8173      2971.9389         0.0000         0.0000         0.0000         -41202.8784         0.0000    -41202.8784    -41202.8784         0.0000          11123.3652     -5708.8742    120171.0177     11123.3652     -5708.8742

LINE MINIMIZER BRACKET: DX 0.00234975 0.000234975 DU -2.34144 0.0114164 DUDX -1981.69 -39.1632 151.685 
ETITLE:      TS           BOND          ANGLE          DIHED          IMPRP               ELECT            VDW       BOUNDARY           MISC        KINETIC               TOTAL           TEMP      POTENTIAL         TOTAL3        TEMPAVG            PRESSURE      GPRESSURE         VOLUME       PRESSAVG      GPRESSAVG

ENERGY:     130         0.0000         0.0000         0.0000         0.0000         -44174.2779      2971.3846         0.0000         0.0000         0.0000         -41202.8932         0.0000    -41202.8932    -41202.8932         0.0000          11122.0171     -5709.8856    120171.0177     11122.0171     -5709.8856

LINE MINIMIZER BRACKET: DX 5.24359e-05 0.000182539 DU -0.00342027 0.0148367 DUDX -39.1632 2.65415 151.685 
MINIMIZER RESTARTING CONJUGATE GRADIENT ALGORITHM
LINE MINIMIZER REDUCING GRADIENT FROM 3481.13 TO 3.48113
ENERGY:     131         0.0000         0.0000         0.0000         0.0000         -44190.6856      2973.8739         0.0000         0.0000         0.0000         -41216.8117         0.0000    -41216.8117    -41216.8117         0.0000          11127.4263     -5711.5917    120171.0177     11127.4263     -5711.5917

ENERGY:     132         0.0000         0.0000         0.0000         0.0000         -44206.5742      2979.8145         0.0000         0.0000         0.0000         -41226.7597         0.0000    -41226.7597    -41226.7597         0.0000          11141.3081     -5705.5140    120171.0177     11141.3081     -5705.5140

ENERGY:     133         0.0000         0.0000         0.0000         0.0000         -44222.1417      2990.2858         0.0000         0.0000         0.0000         -41231.8559         0.0000    -41231.8559    -41231.8559         0.0000          11166.1409     -5689.5338    120171.0177     11166.1409     -5689.5338

ENERGY:     134         0.0000         0.0000         0.0000         0.0000         -44237.5721      3007.9913         0.0000         0.0000         0.0000         -41229.5808         0.0000    -41229.5808    -41229.5808         0.0000          11208.3245     -5658.1886    120171.0177     11208.3245     -5658.1886

LINE MINIMIZER BRACKET: DX 0.00454746 0.00454746 DU -5.09621 2.27508 DUDX -1707.55 -446.945 1647.02 
ENERGY:     135         0.0000         0.0000         0.0000         0.0000         -44225.7925      2993.6575         0.0000         0.0000         0.0000         -41232.1350         0.0000    -41232.1350    -41232.1350         0.0000          11174.1671     -5683.8311    120171.0177     11174.1671     -5683.8311

LINE MINIMIZER BRACKET: DX 0.00107283 0.00347463 DU -0.279137 2.55422 DUDX -446.945 -56.6531 1647.02 
ENERGY:     136         0.0000         0.0000         0.0000         0.0000         -44226.9715      2994.8416         0.0000         0.0000         0.0000         -41232.1299         0.0000    -41232.1299    -41232.1299         0.0000          11176.9884     -5681.7883    120171.0177     11176.9884     -5681.7883

LINE MINIMIZER BRACKET: DX 0.00107283 0.000347463 DU -0.279137 0.00515696 DUDX -446.945 -56.6531 80.9063 
ENERGY:     137         0.0000         0.0000         0.0000         0.0000         -44226.2591      2994.1210         0.0000         0.0000         0.0000         -41232.1381         0.0000    -41232.1381    -41232.1381         0.0000          11175.2743     -5683.0307    120171.0177     11175.2743     -5683.0307

LINE MINIMIZER BRACKET: DX 0.000137666 0.000209797 DU -0.00311619 0.00827315 DUDX -56.6531 -2.85026 80.9063 
LINE MINIMIZER REDUCING GRADIENT FROM 7121.32 TO 7.12132
ENERGY:     138         0.0000         0.0000         0.0000         0.0000         -44281.3640      3006.6325         0.0000         0.0000         0.0000         -41274.7315         0.0000    -41274.7315    -41274.7315         0.0000          11204.6287     -5677.4572    120171.0177     11204.6287     -5677.4572

ENERGY:     139         0.0000         0.0000         0.0000         0.0000         -44336.2127      3024.3119         0.0000         0.0000         0.0000         -41311.9008         0.0000    -41311.9008    -41311.9008         0.0000          11246.8682     -5660.0177    120171.0177     11246.8682     -5660.0177

MINIMIZER RESTARTING CONJUGATE GRADIENT ALGORITHM DUE TO POOR PROGRESS
LINE MINIMIZER REDUCING GRADIENT FROM 2845.65 TO 2.84565
ETITLE:      TS           BOND          ANGLE          DIHED          IMPRP               ELECT            VDW       BOUNDARY           MISC        KINETIC               TOTAL           TEMP      POTENTIAL         TOTAL3        TEMPAVG            PRESSURE      GPRESSURE         VOLUME       PRESSAVG      GPRESSAVG

ENERGY:     140         0.0000         0.0000         0.0000         0.0000         -44352.3717      3027.9350         0.0000         0.0000         0.0000         -41324.4367         0.0000    -41324.4367    -41324.4367         0.0000          11253.9204     -5659.9516    120171.0177     11253.9204     -5659.9516

ENERGY:     141         0.0000         0.0000         0.0000         0.0000         -44368.3324      3034.2924         0.0000         0.0000         0.0000         -41334.0400         0.0000    -41334.0400    -41334.0400         0.0000          11267.6175     -5653.8224    120171.0177     11267.6175     -5653.8224

MINIMIZER RESTARTING CONJUGATE GRADIENT ALGORITHM DUE TO POOR PROGRESS
LINE MINIMIZER REDUCING GRADIENT FROM 2514.26 TO 2.51426
ENERGY:     142         0.0000         0.0000         0.0000         0.0000         -44388.2109      3039.9459         0.0000         0.0000         0.0000         -41348.2650         0.0000    -41348.2650    -41348.2650         0.0000          11280.0252     -5650.1445    120171.0177     11280.0252     -5650.1445

ENERGY:     143         0.0000         0.0000         0.0000         0.0000         -44407.8653      3048.1316         0.0000         0.0000         0.0000         -41359.7337         0.0000    -41359.7337    -41359.7337         0.0000          11298.6663     -5640.6931    120171.0177     11298.6663     -5640.6931

MINIMIZER RESTARTING CONJUGATE GRADIENT ALGORITHM DUE TO POOR PROGRESS
LINE MINIMIZER REDUCING GRADIENT FROM 2599.53 TO 2.59953
ENERGY:     144         0.0000         0.0000         0.0000         0.0000         -44425.3866      3052.5659         0.0000         0.0000         0.0000         -41372.8208         0.0000    -41372.8208    -41372.8208         0.0000          11307.9585     -5639.2204    120171.0177     11307.9585     -5639.2204

ENERGY:     145         0.0000         0.0000         0.0000         0.0000         -44442.4357      3059.6024         0.0000         0.0000         0.0000         -41382.8333         0.0000    -41382.8333    -41382.8333         0.0000          11323.6747     -5631.6722    120171.0177     11323.6747     -5631.6722

MINIMIZER RESTARTING CONJUGATE GRADIENT ALGORITHM DUE TO POOR PROGRESS
LINE MINIMIZER REDUCING GRADIENT FROM 2538.76 TO 2.53876
ENERGY:     146         0.0000         0.0000         0.0000         0.0000         -44461.8982      3064.5149         0.0000         0.0000         0.0000         -41397.3833         0.0000    -41397.3833    -41397.3833         0.0000          11334.2447     -5629.7983    120171.0177     11334.2447     -5629.7983

ENERGY:     147         0.0000         0.0000         0.0000         0.0000         -44480.5222      3072.4474         0.0000         0.0000         0.0000         -41408.0747         0.0000    -41408.0747    -41408.0747         0.0000          11352.3387     -5620.6368    120171.0177     11352.3387     -5620.6368

ENERGY:     148         0.0000         0.0000         0.0000         0.0000         -44498.3183      3084.2106         0.0000         0.0000         0.0000         -41414.1076         0.0000    -41414.1076    -41414.1076         0.0000          11379.9165     -5602.5099    120171.0177     11379.9165     -5602.5099

ENERGY:     149         0.0000         0.0000         0.0000         0.0000         -44515.3298      3101.5768         0.0000         0.0000         0.0000         -41413.7530         0.0000    -41413.7530    -41413.7530         0.0000          11421.0379     -5571.9778    120171.0177     11421.0379     -5571.9778

LINE MINIMIZER BRACKET: DX 0.0064577 0.0064577 DU -6.03291 0.354661 DUDX -1328.09 -513.573 652.61 
ETITLE:      TS           BOND          ANGLE          DIHED          IMPRP               ELECT            VDW       BOUNDARY           MISC        KINETIC               TOTAL           TEMP      POTENTIAL         TOTAL3        TEMPAVG            PRESSURE      GPRESSURE         VOLUME       PRESSAVG      GPRESSAVG

ENERGY:     150         0.0000         0.0000         0.0000         0.0000         -44506.1114      3091.2061         0.0000         0.0000         0.0000         -41414.9053         0.0000    -41414.9053    -41414.9053         0.0000          11396.4376     -5590.5823    120171.0177     11396.4376     -5590.5823

LINE MINIMIZER BRACKET: DX 0.00291692 0.00354078 DU -0.797608 1.15227 DUDX -513.573 -44.6826 652.61 
ENERGY:     151         0.0000         0.0000         0.0000         0.0000         -44507.0429      3092.1433         0.0000         0.0000         0.0000         -41414.8997         0.0000    -41414.8997    -41414.8997         0.0000          11398.6624     -5588.9335    120171.0177     11398.6624     -5588.9335

LINE MINIMIZER BRACKET: DX 0.00291692 0.000354078 DU -0.797608 0.00559649 DUDX -513.573 -44.6826 18.1087 
ENERGY:     152         0.0000         0.0000         0.0000         0.0000         -44506.4558      3091.5499         0.0000         0.0000         0.0000         -41414.9060         0.0000    -41414.9060    -41414.9060         0.0000          11397.2530     -5589.9792    120171.0177     11397.2530     -5589.9792

LINE MINIMIZER BRACKET: DX 0.000130778 0.0002233 DU -0.000707166 0.00630366 DUDX -44.6826 -21.6489 18.1087 
ENERGY:     153         0.0000         0.0000         0.0000         0.0000         -44506.5836      3091.6780         0.0000         0.0000         0.0000         -41414.9056         0.0000    -41414.9056    -41414.9056         0.0000          11397.5564     -5589.7546    120171.0177     11397.5564     -5589.7546

LINE MINIMIZER BRACKET: DX 0.000130778 4.84597e-05 DU -0.000707166 0.000325386 DUDX -44.6826 -21.6489 -13.0668 
ENERGY:     154         0.0000         0.0000         0.0000         0.0000         -44506.4558      3091.5499         0.0000         0.0000         0.0000         -41414.9060         0.0000    -41414.9060    -41414.9060         0.0000          11397.2531     -5589.9792    120171.0177     11397.2531     -5589.9792

LINE MINIMIZER REDUCING GRADIENT FROM 9833.07 TO 9.83307
ENERGY:     155         0.0000         0.0000         0.0000         0.0000         -44524.0287      3088.8257         0.0000         0.0000         0.0000         -41435.2030         0.0000    -41435.2030    -41435.2030         0.0000          11389.5716     -5604.3358    120171.0177     11389.5716     -5604.3358

ENERGY:     156         0.0000         0.0000         0.0000         0.0000         -44541.4420      3090.7734         0.0000         0.0000         0.0000         -41450.6686         0.0000    -41450.6686    -41450.6686         0.0000          11393.1731     -5608.5198    120171.0177     11393.1731     -5608.5198

MINIMIZER RESTARTING CONJUGATE GRADIENT ALGORITHM DUE TO POOR PROGRESS
LINE MINIMIZER REDUCING GRADIENT FROM 2534.75 TO 2.53475
ENERGY:     157         0.0000         0.0000         0.0000         0.0000         -44577.0924      3104.4591         0.0000         0.0000         0.0000         -41472.6333         0.0000    -41472.6333    -41472.6333         0.0000          11424.6786     -5591.7887    120171.0177     11424.6786     -5591.7887

ENERGY:     158         0.0000         0.0000         0.0000         0.0000         -44605.8677      3125.6567         0.0000         0.0000         0.0000         -41480.2111         0.0000    -41480.2111    -41480.2111         0.0000          11475.9689     -5553.6167    120171.0177     11475.9689     -5553.6167

ENERGY:     159         0.0000         0.0000         0.0000         0.0000         -44628.5064      3157.3019         0.0000         0.0000         0.0000         -41471.2045         0.0000    -41471.2045    -41471.2045         0.0000          11553.9262     -5488.5276    120171.0177     11553.9262     -5488.5276

LINE MINIMIZER BRACKET: DX 0.0113571 0.0113571 DU -7.57774 9.00658 DUDX -1326.17 -25.0296 1459 
ETITLE:      TS           BOND          ANGLE          DIHED          IMPRP               ELECT            VDW       BOUNDARY           MISC        KINETIC               TOTAL           TEMP      POTENTIAL         TOTAL3        TEMPAVG            PRESSURE      GPRESSURE         VOLUME       PRESSAVG      GPRESSAVG

ENERGY:     160         0.0000         0.0000         0.0000         0.0000         -44608.6521      3128.2530         0.0000         0.0000         0.0000         -41480.3991         0.0000    -41480.3991    -41480.3991         0.0000          11482.2775     -5548.7000    120171.0177     11482.2775     -5548.7000

LINE MINIMIZER BRACKET: DX 0.00113571 0.0102214 DU -0.188019 9.1946 DUDX -25.0296 99.57 1459 
ENERGY:     161         0.0000         0.0000         0.0000         0.0000         -44608.1821      3127.7517         0.0000         0.0000         0.0000         -41480.4304         0.0000    -41480.4304    -41480.4304         0.0000          11481.0471     -5549.6926    120171.0177     11481.0471     -5549.6926

LINE MINIMIZER BRACKET: DX 0.000922447 0.000213266 DU -0.219352 0.0313323 DUDX -25.0296 73.3301 99.57 
ENERGY:     162         0.0000         0.0000         0.0000         0.0000         -44607.9407      3127.4976         0.0000         0.0000         0.0000         -41480.4431         0.0000    -41480.4431    -41480.4431         0.0000          11480.4275     -5550.1910    120171.0177     11480.4275     -5550.1910

LINE MINIMIZER BRACKET: DX 0.000813739 0.000108708 DU -0.232016 0.0126643 DUDX -25.0296 59.9797 73.3301 
ENERGY:     163         0.0000         0.0000         0.0000         0.0000         -44607.7604      3127.3080         0.0000         0.0000         0.0000         -41480.4524         0.0000    -41480.4524    -41480.4524         0.0000          11479.9618     -5550.5660    120171.0177     11479.9618     -5550.5660

LINE MINIMIZER BRACKET: DX 0.000732366 8.13739e-05 DU -0.241342 0.00932558 DUDX -25.0296 49.9992 59.9797 
ENERGY:     164         0.0000         0.0000         0.0000         0.0000         -44607.5974      3127.1378         0.0000         0.0000         0.0000         -41480.4596         0.0000    -41480.4596    -41480.4596         0.0000          11479.5466     -5550.8995    120171.0177     11479.5466     -5550.8995

LINE MINIMIZER BRACKET: DX 0.000659129 7.32366e-05 DU -0.248486 0.00714473 DUDX -25.0296 41.0268 49.9992 
ENERGY:     165         0.0000         0.0000         0.0000         0.0000         -44607.4516      3126.9850         0.0000         0.0000         0.0000         -41480.4666         0.0000    -41480.4666    -41480.4666         0.0000          11479.1685     -5551.2041    120171.0177     11479.1685     -5551.2041

LINE MINIMIZER BRACKET: DX 0.000593216 6.59129e-05 DU -0.255527 0.00704106 DUDX -25.0296 32.9561 41.0268 
ENERGY:     166         0.0000         0.0000         0.0000         0.0000         -44607.3192      3126.8478         0.0000         0.0000         0.0000         -41480.4714         0.0000    -41480.4714    -41480.4714         0.0000          11478.8332     -5551.4730    120171.0177     11478.8332     -5551.4730

LINE MINIMIZER BRACKET: DX 0.000533894 5.93216e-05 DU -0.260359 0.00483112 DUDX -25.0296 25.6976 32.9561 
ENERGY:     167         0.0000         0.0000         0.0000         0.0000         -44607.2002      3126.7246         0.0000         0.0000         0.0000         -41480.4756         0.0000    -41480.4756    -41480.4756         0.0000          11478.5310     -5551.7156    120171.0177     11478.5310     -5551.7156

LINE MINIMIZER BRACKET: DX 0.000480505 5.33894e-05 DU -0.264527 0.00416808 DUDX -25.0296 19.1694 25.6976 
ENERGY:     168         0.0000         0.0000         0.0000         0.0000         -44607.0929      3126.6138         0.0000         0.0000         0.0000         -41480.4791         0.0000    -41480.4791    -41480.4791         0.0000          11478.2593     -5551.9337    120171.0177     11478.2593     -5551.9337

LINE MINIMIZER BRACKET: DX 0.000432455 4.80505e-05 DU -0.267995 0.00346822 DUDX -25.0296 13.2969 19.1694 
ENERGY:     169         0.0000         0.0000         0.0000         0.0000         -44606.9960      3126.5144         0.0000         0.0000         0.0000         -41480.4817         0.0000    -41480.4817    -41480.4817         0.0000          11478.0164     -5552.1283    120171.0177     11478.0164     -5552.1283

LINE MINIMIZER BRACKET: DX 0.000389209 4.32455e-05 DU -0.270579 0.00258438 DUDX -25.0296 8.01426 13.2969 
LINE MINIMIZER REDUCING GRADIENT FROM 8341.98 TO 8.34198
ETITLE:      TS           BOND          ANGLE          DIHED          IMPRP               ELECT            VDW       BOUNDARY           MISC        KINETIC               TOTAL           TEMP      POTENTIAL         TOTAL3        TEMPAVG            PRESSURE      GPRESSURE         VOLUME       PRESSAVG      GPRESSAVG

ENERGY:     170         0.0000         0.0000         0.0000         0.0000         -44643.3220      3127.6397         0.0000         0.0000         0.0000         -41515.6823         0.0000    -41515.6823    -41515.6823         0.0000          11477.7161     -5569.7337    120171.0177     11477.7161     -5569.7337

ENERGY:     171         0.0000         0.0000         0.0000         0.0000         -44676.8028      3136.0270         0.0000         0.0000         0.0000         -41540.7758         0.0000    -41540.7758    -41540.7758         0.0000          11495.8837     -5568.9367    120171.0177     11495.8837     -5568.9367

ENERGY:     172         0.0000         0.0000         0.0000         0.0000         -44707.5858      3150.4054         0.0000         0.0000         0.0000         -41557.1804         0.0000    -41557.1804    -41557.1804         0.0000          11529.4541     -5552.3737    120171.0177     11529.4541     -5552.3737

MINIMIZER RESTARTING CONJUGATE GRADIENT ALGORITHM DUE TO POOR PROGRESS
LINE MINIMIZER REDUCING GRADIENT FROM 4999.24 TO 4.99924
ENERGY:     173         0.0000         0.0000         0.0000         0.0000         -44716.6536      3148.6479         0.0000         0.0000         0.0000         -41568.0057         0.0000    -41568.0057    -41568.0057         0.0000          11525.4155     -5558.4288    120171.0177     11525.4155     -5558.4288

ENERGY:     174         0.0000         0.0000         0.0000         0.0000         -44725.2649      3150.9025         0.0000         0.0000         0.0000         -41574.3625         0.0000    -41574.3625    -41574.3625         0.0000          11531.1767     -5555.3028    120171.0177     11531.1767     -5555.3028

ENERGY:     175         0.0000         0.0000         0.0000         0.0000         -44733.3608      3156.3553         0.0000         0.0000         0.0000         -41577.0054         0.0000    -41577.0054    -41577.0054         0.0000          11544.8303     -5544.6339    120171.0177     11544.8303     -5544.6339

ENERGY:     176         0.0000         0.0000         0.0000         0.0000         -44740.9441      3165.5012         0.0000         0.0000         0.0000         -41575.4428         0.0000    -41575.4428    -41575.4428         0.0000          11567.4997     -5525.4382    120171.0177     11567.4997     -5525.4382

LINE MINIMIZER BRACKET: DX 0.00274231 0.00274231 DU -2.64297 1.5626 DUDX -1640.14 -295.122 1407.66 
ENERGY:     177         0.0000         0.0000         0.0000         0.0000         -44734.6958      3157.6151         0.0000         0.0000         0.0000         -41577.0807         0.0000    -41577.0807    -41577.0807         0.0000          11547.9600     -5542.0740    120171.0177     11547.9600     -5542.0740

LINE MINIMIZER BRACKET: DX 0.000467848 0.00227446 DU -0.075214 1.63782 DUDX -295.122 -48.1671 1407.66 
ENERGY:     178         0.0000         0.0000         0.0000         0.0000         -44735.3375      3158.2695         0.0000         0.0000         0.0000         -41577.0680         0.0000    -41577.0680    -41577.0680         0.0000          11549.5865     -5540.7182    120171.0177     11549.5865     -5540.7182

LINE MINIMIZER BRACKET: DX 0.000467848 0.000227446 DU -0.075214 0.0126553 DUDX -295.122 -48.1671 78.8779 
ENERGY:     179         0.0000         0.0000         0.0000         0.0000         -44734.8455      3157.7645         0.0000         0.0000         0.0000         -41577.0809         0.0000    -41577.0809    -41577.0809         0.0000          11548.3296     -5541.7670    120171.0177     11548.3296     -5541.7670

LINE MINIMIZER BRACKET: DX 5.27677e-05 0.000174678 DU -0.000280281 0.0129356 DUDX -48.1671 -18.9851 78.8779 
ETITLE:      TS           BOND          ANGLE          DIHED          IMPRP               ELECT            VDW       BOUNDARY           MISC        KINETIC               TOTAL           TEMP      POTENTIAL         TOTAL3        TEMPAVG            PRESSURE      GPRESSURE         VOLUME       PRESSAVG      GPRESSAVG

ENERGY:     180         0.0000         0.0000         0.0000         0.0000         -44734.8957      3157.8153         0.0000         0.0000         0.0000         -41577.0804         0.0000    -41577.0804    -41577.0804         0.0000          11548.8441     -5543.6359    120171.0177     11548.8441     -5543.6359

LINE MINIMIZER BRACKET: DX 5.27677e-05 1.78221e-05 DU -0.000280281 0.000581412 DUDX -48.1671 -18.9851 -9.08112 
ENERGY:     181         0.0000         0.0000         0.0000         0.0000         -44734.8455      3157.7645         0.0000         0.0000         0.0000         -41577.0809         0.0000    -41577.0809    -41577.0809         0.0000          11548.7174     -5543.7415    120171.0177     11548.7174     -5543.7415

LINE MINIMIZER REDUCING GRADIENT FROM 2996.66 TO 2.99666
ENERGY:     182         0.0000         0.0000         0.0000         0.0000         -44770.5159      3169.3385         0.0000         0.0000         0.0000         -41601.1774         0.0000    -41601.1774    -41601.1774         0.0000          11576.8398     -5531.2925    120171.0177     11576.8398     -5531.2925

ENERGY:     183         0.0000         0.0000         0.0000         0.0000         -44805.6224      3184.0881         0.0000         0.0000         0.0000         -41621.5343         0.0000    -41621.5343    -41621.5343         0.0000          11613.1571     -5511.2643    120171.0177     11613.1571     -5511.2643

MINIMIZER RESTARTING CONJUGATE GRADIENT ALGORITHM DUE TO POOR PROGRESS
LINE MINIMIZER REDUCING GRADIENT FROM 6659.22 TO 6.65922
ENERGY:     184         0.0000         0.0000         0.0000         0.0000         -44810.0944      3179.9369         0.0000         0.0000         0.0000         -41630.1575         0.0000    -41630.1575    -41630.1575         0.0000          11602.8747     -5523.4855    120171.0177     11602.8747     -5523.4855

ENERGY:     185         0.0000         0.0000         0.0000         0.0000         -44814.6134      3180.7952         0.0000         0.0000         0.0000         -41633.8182         0.0000    -41633.8182    -41633.8182         0.0000          11604.5975     -5524.7493    120171.0177     11604.5975     -5524.7493

ENERGY:     186         0.0000         0.0000         0.0000         0.0000         -44819.0492      3184.0389         0.0000         0.0000         0.0000         -41635.0103         0.0000    -41635.0103    -41635.0103         0.0000          11612.1258     -5520.3935    120171.0177     11612.1258     -5520.3935

ENERGY:     187         0.0000         0.0000         0.0000         0.0000         -44823.3412      3188.8958         0.0000         0.0000         0.0000         -41634.4453         0.0000    -41634.4453    -41634.4453         0.0000          11623.5715     -5512.0987    120171.0177     11623.5715     -5512.0987

LINE MINIMIZER BRACKET: DX 0.00194485 0.00194485 DU -1.19203 0.564942 DUDX -1121.22 -106.671 739.607 
ENERGY:     188         0.0000         0.0000         0.0000         0.0000         -44819.6708      3184.6045         0.0000         0.0000         0.0000         -41635.0663         0.0000    -41635.0663    -41635.0663         0.0000          11613.4355     -5519.4892    120171.0177     11613.4355     -5519.4892

LINE MINIMIZER BRACKET: DX 0.000261183 0.00168366 DU -0.0559923 0.620934 DUDX -106.671 -1.8592 739.607 
LINE MINIMIZER REDUCING GRADIENT FROM 3525.56 TO 3.52556
ENERGY:     189         0.0000         0.0000         0.0000         0.0000         -44832.7886      3186.3410         0.0000         0.0000         0.0000         -41646.4476         0.0000    -41646.4476    -41646.4476         0.0000          11617.5422     -5521.6475    120171.0177     11617.5422     -5521.6475

ETITLE:      TS           BOND          ANGLE          DIHED          IMPRP               ELECT            VDW       BOUNDARY           MISC        KINETIC               TOTAL           TEMP      POTENTIAL         TOTAL3        TEMPAVG            PRESSURE      GPRESSURE         VOLUME       PRESSAVG      GPRESSAVG

ENERGY:     190         0.0000         0.0000         0.0000         0.0000         -44846.1242      3192.0659         0.0000         0.0000         0.0000         -41654.0583         0.0000    -41654.0583    -41654.0583         0.0000          11631.2893     -5514.9443    120171.0177     11631.2893     -5514.9443

ENERGY:     191         0.0000         0.0000         0.0000         0.0000         -44859.6437      3200.8012         0.0000         0.0000         0.0000         -41658.8425         0.0000    -41658.8425    -41658.8425         0.0000          11652.3486     -5501.5134    120171.0177     11652.3486     -5501.5134

MINIMIZER RESTARTING CONJUGATE GRADIENT ALGORITHM DUE TO POOR PROGRESS
LINE MINIMIZER REDUCING GRADIENT FROM 5555.66 TO 5.55566
ENERGY:     192         0.0000         0.0000         0.0000         0.0000         -44865.9779      3197.7488         0.0000         0.0000         0.0000         -41668.2291         0.0000    -41668.2291    -41668.2291         0.0000          11645.2376     -5509.7636    120171.0177     11645.2376     -5509.7636

ENERGY:     193         0.0000         0.0000         0.0000         0.0000         -44872.3292      3197.9836         0.0000         0.0000         0.0000         -41674.3455         0.0000    -41674.3455    -41674.3455         0.0000          11646.0558     -5510.8248    120171.0177     11646.0558     -5510.8248

ENERGY:     194         0.0000         0.0000         0.0000         0.0000         -44878.5512      3200.1728         0.0000         0.0000         0.0000         -41678.3784         0.0000    -41678.3784    -41678.3784         0.0000          11651.6869     -5507.3691    120171.0177     11651.6869     -5507.3691

MINIMIZER RESTARTING CONJUGATE GRADIENT ALGORITHM DUE TO POOR PROGRESS
LINE MINIMIZER REDUCING GRADIENT FROM 1967.97 TO 1.96797
ENERGY:     195         0.0000         0.0000         0.0000         0.0000         -44899.0708      3206.1587         0.0000         0.0000         0.0000         -41692.9121         0.0000    -41692.9121    -41692.9121         0.0000          11666.6099     -5500.0376    120171.0177     11666.6099     -5500.0376

ENERGY:     196         0.0000         0.0000         0.0000         0.0000         -44918.9557      3213.8127         0.0000         0.0000         0.0000         -41705.1430         0.0000    -41705.1430    -41705.1430         0.0000          11685.9399     -5488.4374    120171.0177     11685.9399     -5488.4374

MINIMIZER RESTARTING CONJUGATE GRADIENT ALGORITHM DUE TO POOR PROGRESS
LINE MINIMIZER REDUCING GRADIENT FROM 2009.73 TO 2.00973
ENERGY:     197         0.0000         0.0000         0.0000         0.0000         -44949.2034      3223.7966         0.0000         0.0000         0.0000         -41725.4069         0.0000    -41725.4069    -41725.4069         0.0000          11711.4945     -5478.5674    120171.0177     11711.4945     -5478.5674

ENERGY:     198         0.0000         0.0000         0.0000         0.0000         -44973.5015      3238.3669         0.0000         0.0000         0.0000         -41735.1346         0.0000    -41735.1346    -41735.1346         0.0000          11749.6467     -5454.6567    120171.0177     11749.6467     -5454.6567

ENERGY:     199         0.0000         0.0000         0.0000         0.0000         -44993.7310      3259.6942         0.0000         0.0000         0.0000         -41734.0368         0.0000    -41734.0368    -41734.0368         0.0000          11805.1880     -5413.0914    120171.0177     11805.1880     -5413.0914

LDB: ============= START OF LOAD BALANCING ============== 16.9757
LDB: Largest compute 8 load 0.084123 is 10.0% of average load 0.837259
LDB: Average compute 0.016806 is 2.0% of average load 0.837259
LDB: TIME 16.9758 LOAD: AVG 0.837259 MAX 0.870349  PROXIES: TOTAL 24 MAXPE 6 MAXPATCH 3 None MEM: 279.488 MB
LDB: TIME 16.9758 LOAD: AVG 0.837259 MAX 0.858907  PROXIES: TOTAL 24 MAXPE 6 MAXPATCH 3 TorusLB MEM: 279.488 MB
LDB: ============== END OF LOAD BALANCING =============== 16.9759
Info: useSync: 0 useProxySync: 0
LDB: =============== DONE WITH MIGRATION ================ 16.9761
LINE MINIMIZER BRACKET: DX 0.0127283 0.0127283 DU -9.72777 1.09785 DUDX -1177.19 -362.824 535.092 
Info: Initial time: 4 CPUs 0.0113148 s/step 0.130958 days/ns 279.488 MB memory
ETITLE:      TS           BOND          ANGLE          DIHED          IMPRP               ELECT            VDW       BOUNDARY           MISC        KINETIC               TOTAL           TEMP      POTENTIAL         TOTAL3        TEMPAVG            PRESSURE      GPRESSURE         VOLUME       PRESSAVG      GPRESSAVG

ENERGY:     200         0.0000         0.0000         0.0000         0.0000         -44982.4747      3245.9943         0.0000         0.0000         0.0000         -41736.4804         0.0000    -41736.4804    -41736.4804         0.0000          12539.8253     12486.2716    120171.0177     12539.8253     12486.2716

LINE MINIMIZER BRACKET: DX 0.0051418 0.00758647 DU -1.3458 2.44364 DUDX -362.824 -30.2194 535.092 
ENERGY:     201         0.0000         0.0000         0.0000         0.0000         -44983.6733      3247.2222         0.0000         0.0000         0.0000         -41736.4511         0.0000    -41736.4511    -41736.4511         0.0000          12542.9011     12489.1306    120171.0177     12542.9011     12489.1306

LINE MINIMIZER BRACKET: DX 0.0051418 0.000758647 DU -1.3458 0.0293112 DUDX -362.824 -30.2194 22.9755 
ENERGY:     202         0.0000         0.0000         0.0000         0.0000         -44982.7412      3246.2613         0.0000         0.0000         0.0000         -41736.4799         0.0000    -41736.4799    -41736.4799         0.0000          12540.4928     12486.8923    120171.0177     12540.4928     12486.8923

LINE MINIMIZER BRACKET: DX 0.0051418 0.000166478 DU -1.3458 0.000485334 DUDX -362.824 -30.2194 -18.6314 
ENERGY:     203         0.0000         0.0000         0.0000         0.0000         -44982.4771      3245.9943         0.0000         0.0000         0.0000         -41736.4828         0.0000    -41736.4828    -41736.4828         0.0000          12539.8249     12486.2712    120171.0177     12539.8249     12486.2712

LINE MINIMIZER REDUCING GRADIENT FROM 10537.5 TO 10.5375
ENERGY:     204         0.0000         0.0000         0.0000         0.0000         -44996.0289      3243.0835         0.0000         0.0000         0.0000         -41752.9455         0.0000    -41752.9455    -41752.9455         0.0000          12532.6655     12481.7180    120171.0177     12532.6655     12481.7180

ENERGY:     205         0.0000         0.0000         0.0000         0.0000         -45009.2481      3244.9257         0.0000         0.0000         0.0000         -41764.3223         0.0000    -41764.3223    -41764.3223         0.0000          12536.9337     12486.8623    120171.0177     12536.9337     12486.8623

MINIMIZER RESTARTING CONJUGATE GRADIENT ALGORITHM DUE TO POOR PROGRESS
LINE MINIMIZER REDUCING GRADIENT FROM 3155.49 TO 3.15549
ENERGY:     206         0.0000         0.0000         0.0000         0.0000         -45027.3618      3249.4643         0.0000         0.0000         0.0000         -41777.8975         0.0000    -41777.8975    -41777.8975         0.0000          12547.0149     12497.1725    120171.0177     12547.0149     12497.1725

ENERGY:     207         0.0000         0.0000         0.0000         0.0000         -45040.2095      3256.6374         0.0000         0.0000         0.0000         -41783.5722         0.0000    -41783.5722    -41783.5722         0.0000          12564.5123     12514.1989    120171.0177     12564.5123     12514.1989

ENERGY:     208         0.0000         0.0000         0.0000         0.0000         -45048.5656      3266.6079         0.0000         0.0000         0.0000         -41781.9577         0.0000    -41781.9577    -41781.9577         0.0000          12589.6808     12538.0192    120171.0177     12589.6808     12538.0192

LINE MINIMIZER BRACKET: DX 0.00558154 0.00558154 DU -5.67467 1.61448 DUDX -1742.85 -380.699 855.448 
ENERGY:     209         0.0000         0.0000         0.0000         0.0000         -45043.1959      3259.1496         0.0000         0.0000         0.0000         -41784.0463         0.0000    -41784.0463    -41784.0463         0.0000          12570.7805     12520.1727    120171.0177     12570.7805     12520.1727

LINE MINIMIZER BRACKET: DX 0.00158585 0.00399569 DU -0.4741 2.08858 DUDX -380.699 -45.0622 855.448 
ETITLE:      TS           BOND          ANGLE          DIHED          IMPRP               ELECT            VDW       BOUNDARY           MISC        KINETIC               TOTAL           TEMP      POTENTIAL         TOTAL3        TEMPAVG            PRESSURE      GPRESSURE         VOLUME       PRESSAVG      GPRESSAVG

ENERGY:     210         0.0000         0.0000         0.0000         0.0000         -45043.8461      3259.8258         0.0000         0.0000         0.0000         -41784.0203         0.0000    -41784.0203    -41784.0203         0.0000          12572.4820     12521.7912    120171.0177     12572.4820     12521.7912

LINE MINIMIZER BRACKET: DX 0.00158585 0.000399569 DU -0.4741 0.0259784 DUDX -380.699 -45.0622 47.3586 
ENERGY:     211         0.0000         0.0000         0.0000         0.0000         -45043.3323      3259.2867         0.0000         0.0000         0.0000         -41784.0456         0.0000    -41784.0456    -41784.0456         0.0000          12571.1235     12520.4991    120171.0177     12571.1235     12520.4991

LINE MINIMIZER BRACKET: DX 0.00158585 8.17847e-05 DU -0.4741 0.000676363 DUDX -380.699 -45.0622 -26.2384 
ENERGY:     212         0.0000         0.0000         0.0000         0.0000         -45043.1971      3259.1494         0.0000         0.0000         0.0000         -41784.0476         0.0000    -41784.0476    -41784.0476         0.0000          12570.7801     12520.1722    120171.0177     12570.7801     12520.1722

LINE MINIMIZER REDUCING GRADIENT FROM 3277.71 TO 3.27771
ENERGY:     213         0.0000         0.0000         0.0000         0.0000         -45100.1641      3280.1223         0.0000         0.0000         0.0000         -41820.0418         0.0000    -41820.0418    -41820.0418         0.0000          12621.4548     12570.5456    120171.0177     12621.4548     12570.5456

ENERGY:     214         0.0000         0.0000         0.0000         0.0000         -45155.2793      3307.4005         0.0000         0.0000         0.0000         -41847.8788         0.0000    -41847.8788    -41847.8788         0.0000          12688.1082     12635.4283    120171.0177     12688.1082     12635.4283

MINIMIZER RESTARTING CONJUGATE GRADIENT ALGORITHM DUE TO POOR PROGRESS
LINE MINIMIZER REDUCING GRADIENT FROM 6200.59 TO 6.20059
ENERGY:     215         0.0000         0.0000         0.0000         0.0000         -45159.9545      3300.7966         0.0000         0.0000         0.0000         -41859.1579         0.0000    -41859.1579    -41859.1579         0.0000          12672.1530     12621.7939    120171.0177     12672.1530     12621.7939

ENERGY:     216         0.0000         0.0000         0.0000         0.0000         -45163.9216      3298.3235         0.0000         0.0000         0.0000         -41865.5982         0.0000    -41865.5982    -41865.5982         0.0000          12666.2642     12616.8830    120171.0177     12666.2642     12616.8830

ENERGY:     217         0.0000         0.0000         0.0000         0.0000         -45167.0474      3298.6015         0.0000         0.0000         0.0000         -41868.4459         0.0000    -41868.4459    -41868.4459         0.0000          12667.2347     12618.0823    120171.0177     12667.2347     12618.0823

ENERGY:     218         0.0000         0.0000         0.0000         0.0000         -45169.2553      3301.1133         0.0000         0.0000         0.0000         -41868.1421         0.0000    -41868.1421    -41868.1421         0.0000          12673.8213     12624.4498    120171.0177     12673.8213     12624.4498

LINE MINIMIZER BRACKET: DX 0.00233327 0.00233327 DU -2.8477 0.303784 DUDX -1913.68 -524.991 763.073 
ENERGY:     219         0.0000         0.0000         0.0000         0.0000         -45168.0600      3299.3520         0.0000         0.0000         0.0000         -41868.7079         0.0000    -41868.7079    -41868.7079         0.0000          12669.2199     12620.0215    120171.0177     12669.2199     12620.0215

LINE MINIMIZER BRACKET: DX 0.000934807 0.00139847 DU -0.262053 0.565837 DUDX -524.991 -12.2239 763.073 
ETITLE:      TS           BOND          ANGLE          DIHED          IMPRP               ELECT            VDW       BOUNDARY           MISC        KINETIC               TOTAL           TEMP      POTENTIAL         TOTAL3        TEMPAVG            PRESSURE      GPRESSURE         VOLUME       PRESSAVG      GPRESSAVG

ENERGY:     220         0.0000         0.0000         0.0000         0.0000         -45168.1973      3299.4936         0.0000         0.0000         0.0000         -41868.7037         0.0000    -41868.7037    -41868.7037         0.0000          12669.5881     12620.3776    120171.0177     12669.5881     12620.3776

LINE MINIMIZER BRACKET: DX 0.000934807 0.000139847 DU -0.262053 0.0042249 DUDX -524.991 -12.2239 64.8827 
ENERGY:     221         0.0000         0.0000         0.0000         0.0000         -45168.0803      3299.3720         0.0000         0.0000         0.0000         -41868.7083         0.0000    -41868.7083    -41868.7083         0.0000          12669.2706     12620.0707    120171.0177     12669.2706     12620.0707

LINE MINIMIZER BRACKET: DX 2.01423e-05 0.000119704 DU -0.000389957 0.00461486 DUDX -12.2239 -1.14417 64.8827 
LINE MINIMIZER REDUCING GRADIENT FROM 2285.69 TO 2.28569
ENERGY:     222         0.0000         0.0000         0.0000         0.0000         -45193.1916      3307.0471         0.0000         0.0000         0.0000         -41886.1445         0.0000    -41886.1445    -41886.1445         0.0000          12688.4877     12639.8629    120171.0177     12688.4877     12639.8629

ENERGY:     223         0.0000         0.0000         0.0000         0.0000         -45216.1284      3318.6486         0.0000         0.0000         0.0000         -41897.4798         0.0000    -41897.4798    -41897.4798         0.0000          12717.6930     12668.5868    120171.0177     12717.6930     12668.5868

ENERGY:     224         0.0000         0.0000         0.0000         0.0000         -45236.9981      3333.2995         0.0000         0.0000         0.0000         -41903.6986         0.0000    -41903.6986    -41903.6986         0.0000          12754.8100     12704.4675    120171.0177     12754.8100     12704.4675

ENERGY:     225         0.0000         0.0000         0.0000         0.0000         -45255.9985      3350.8380         0.0000         0.0000         0.0000         -41905.1605         0.0000    -41905.1605    -41905.1605         0.0000          12799.3943     12747.0840    120171.0177     12799.3943     12747.0840

ENERGY:     226         0.0000         0.0000         0.0000         0.0000         -45273.3631      3371.5231         0.0000         0.0000         0.0000         -41901.8400         0.0000    -41901.8400    -41901.8400         0.0000          12851.9509     12796.8193    120171.0177     12851.9509     12796.8193

LINE MINIMIZER BRACKET: DX 0.00922745 0.00922745 DU -1.46196 3.32051 DUDX -388.472 127.416 653.085 
ENERGY:     227         0.0000         0.0000         0.0000         0.0000         -45252.2629      3346.6554         0.0000         0.0000         0.0000         -41905.6075         0.0000    -41905.6075    -41905.6075         0.0000          12788.7134     12736.9047    120171.0177     12788.7134     12736.9047

LINE MINIMIZER BRACKET: DX 0.00717092 0.00205653 DU -1.90892 0.446968 DUDX -388.472 4.21567 127.416 
ENERGY:     228         0.0000         0.0000         0.0000         0.0000         -45250.8239      3345.2379         0.0000         0.0000         0.0000         -41905.5860         0.0000    -41905.5860    -41905.5860         0.0000          12785.1020     12733.4598    120171.0177     12785.1020     12733.4598

LINE MINIMIZER BRACKET: DX 0.000717092 0.00205653 DU -0.0215162 0.446968 DUDX -36.258 4.21567 127.416 
ENERGY:     229         0.0000         0.0000         0.0000         0.0000         -45252.1206      3346.5127         0.0000         0.0000         0.0000         -41905.6079         0.0000    -41905.6079    -41905.6079         0.0000          12788.3496     12736.5577    120171.0177     12788.3496     12736.5577

LINE MINIMIZER BRACKET: DX 0.000645382 7.17092e-05 DU -0.0219279 0.000411677 DUDX -36.258 0.140847 4.21567 
LINE MINIMIZER REDUCING GRADIENT FROM 9570.14 TO 9.57014
ETITLE:      TS           BOND          ANGLE          DIHED          IMPRP               ELECT            VDW       BOUNDARY           MISC        KINETIC               TOTAL           TEMP      POTENTIAL         TOTAL3        TEMPAVG            PRESSURE      GPRESSURE         VOLUME       PRESSAVG      GPRESSAVG

ENERGY:     230         0.0000         0.0000         0.0000         0.0000         -45272.4108      3345.0435         0.0000         0.0000         0.0000         -41927.3673         0.0000    -41927.3673    -41927.3673         0.0000          12783.8281     12733.9477    120171.0177     12783.8281     12733.9477

ENERGY:     231         0.0000         0.0000         0.0000         0.0000         -45291.5709      3347.7770         0.0000         0.0000         0.0000         -41943.7938         0.0000    -41943.7938    -41943.7938         0.0000          12789.6509     12740.2555    120171.0177     12789.6509     12740.2555

MINIMIZER RESTARTING CONJUGATE GRADIENT ALGORITHM DUE TO POOR PROGRESS
LINE MINIMIZER REDUCING GRADIENT FROM 3369.72 TO 3.36972
ENERGY:     232         0.0000         0.0000         0.0000         0.0000         -45306.5117      3347.7363         0.0000         0.0000         0.0000         -41958.7754         0.0000    -41958.7754    -41958.7754         0.0000          12788.5123     12739.8185    120171.0177     12788.5123     12739.8185

ENERGY:     233         0.0000         0.0000         0.0000         0.0000         -45317.8630      3350.4567         0.0000         0.0000         0.0000         -41967.4062         0.0000    -41967.4062    -41967.4062         0.0000          12794.9204     12746.4109    120171.0177     12794.9204     12746.4109

ENERGY:     234         0.0000         0.0000         0.0000         0.0000         -45326.1196      3356.9341         0.0000         0.0000         0.0000         -41969.1855         0.0000    -41969.1855    -41969.1855         0.0000          12811.0894     12761.8846    120171.0177     12811.0894     12761.8846

ENERGY:     235         0.0000         0.0000         0.0000         0.0000         -45331.9717      3369.2944         0.0000         0.0000         0.0000         -41962.6773         0.0000    -41962.6773    -41962.6773         0.0000          12841.9214     12790.3281    120171.0177     12841.9214     12790.3281

LINE MINIMIZER BRACKET: DX 0.00535608 0.00535608 DU -1.77929 6.50824 DUDX -1015.2 342.136 2068.14 
ENERGY:     236         0.0000         0.0000         0.0000         0.0000         -45324.5265      3354.8369         0.0000         0.0000         0.0000         -41969.6896         0.0000    -41969.6896    -41969.6896         0.0000          12805.7755     12756.8662    120171.0177     12805.7755     12756.8662

LINE MINIMIZER BRACKET: DX 0.00399733 0.00135875 DU -2.28333 0.504049 DUDX -1015.2 -60.7329 342.136 
ENERGY:     237         0.0000         0.0000         0.0000         0.0000         -45324.7204      3355.0302         0.0000         0.0000         0.0000         -41969.6902         0.0000    -41969.6902    -41969.6902         0.0000          12806.2602     12757.3259    120171.0177     12806.2602     12757.3259

LINE MINIMIZER BRACKET: DX 0.000135875 0.00122288 DU -0.000614155 0.504663 DUDX -60.7329 -24.4767 342.136 
ENERGY:     238         0.0000         0.0000         0.0000         0.0000         -45324.8935      3355.2069         0.0000         0.0000         0.0000         -41969.6866         0.0000    -41969.6866    -41969.6866         0.0000          12806.7027     12757.7452    120171.0177     12806.7027     12757.7452

LINE MINIMIZER BRACKET: DX 0.000135875 0.000122288 DU -0.000614155 0.00362104 DUDX -60.7329 -24.4767 8.30254 
ENERGY:     239         0.0000         0.0000         0.0000         0.0000         -45324.7598      3355.0700         0.0000         0.0000         0.0000         -41969.6898         0.0000    -41969.6898    -41969.6898         0.0000          12806.3592     12757.4197    120171.0177     12806.3592     12757.4197

LINE MINIMIZER BRACKET: DX 0.000135875 2.76699e-05 DU -0.000614155 0.000331152 DUDX -60.7329 -24.4767 -17.0813 
ETITLE:      TS           BOND          ANGLE          DIHED          IMPRP               ELECT            VDW       BOUNDARY           MISC        KINETIC               TOTAL           TEMP      POTENTIAL         TOTAL3        TEMPAVG            PRESSURE      GPRESSURE         VOLUME       PRESSAVG      GPRESSAVG

ENERGY:     240         0.0000         0.0000         0.0000         0.0000         -45324.7204      3355.0302         0.0000         0.0000         0.0000         -41969.6902         0.0000    -41969.6902    -41969.6902         0.0000          12806.2601     12757.3258    120171.0177     12806.2601     12757.3258

LINE MINIMIZER REDUCING GRADIENT FROM 2595.66 TO 2.59566
ENERGY:     241         0.0000         0.0000         0.0000         0.0000         -45359.2269      3368.8672         0.0000         0.0000         0.0000         -41990.3597         0.0000    -41990.3597    -41990.3597         0.0000          12839.2368     12789.6680    120171.0177     12839.2368     12789.6680

ENERGY:     242         0.0000         0.0000         0.0000         0.0000         -45391.6453      3389.4239         0.0000         0.0000         0.0000         -42002.2214         0.0000    -42002.2214    -42002.2214         0.0000          12888.8881     12836.5258    120171.0177     12888.8881     12836.5258

ENERGY:     243         0.0000         0.0000         0.0000         0.0000         -45422.2526      3422.1335         0.0000         0.0000         0.0000         -42000.1191         0.0000    -42000.1191    -42000.1191         0.0000          12967.7706     12908.2067    120171.0177     12967.7706     12908.2067

LINE MINIMIZER BRACKET: DX 0.00932448 0.00932448 DU -11.8617 2.1023 DUDX -1799.82 -655.677 1300.17 
ENERGY:     244         0.0000         0.0000         0.0000         0.0000         -45403.2551      3399.7247         0.0000         0.0000         0.0000         -42003.5304         0.0000    -42003.5304    -42003.5304         0.0000          12913.7644     12859.4226    120171.0177     12913.7644     12859.4226

LINE MINIMIZER BRACKET: DX 0.00346929 0.00585518 DU -1.30902 3.41132 DUDX -655.677 -61.7339 1300.17 
ENERGY:     245         0.0000         0.0000         0.0000         0.0000         -45405.1862      3401.6536         0.0000         0.0000         0.0000         -42003.5326         0.0000    -42003.5326    -42003.5326         0.0000          12918.4201     12863.6747    120171.0177     12918.4201     12863.6747

LINE MINIMIZER BRACKET: DX 0.000585518 0.00526967 DU -0.00212573 3.41344 DUDX -61.7339 51.9751 1300.17 
ENERGY:     246         0.0000         0.0000         0.0000         0.0000         -45404.2848      3400.7446         0.0000         0.0000         0.0000         -42003.5401         0.0000    -42003.5401    -42003.5401         0.0000          12916.2255     12861.6715    120171.0177     12916.2255     12861.6715

LINE MINIMIZER BRACKET: DX 0.000311874 0.000273645 DU -0.0096944 0.00756868 DUDX -61.7339 -1.69313 51.9751 
LINE MINIMIZER REDUCING GRADIENT FROM 16409.2 TO 16.4092
ENERGY:     247         0.0000         0.0000         0.0000         0.0000         -45410.3856      3393.0460         0.0000         0.0000         0.0000         -42017.3395         0.0000    -42017.3395    -42017.3395         0.0000          12898.4175     12847.7412    120171.0177     12898.4175     12847.7412

ENERGY:     248         0.0000         0.0000         0.0000         0.0000         -45417.0670      3393.2120         0.0000         0.0000         0.0000         -42023.8550         0.0000    -42023.8550    -42023.8550         0.0000          12899.1976     12849.3559    120171.0177     12899.1976     12849.3559

ENERGY:     249         0.0000         0.0000         0.0000         0.0000         -45424.2214      3398.6618         0.0000         0.0000         0.0000         -42025.5595         0.0000    -42025.5595    -42025.5595         0.0000          12912.4984     12861.5649    120171.0177     12912.4984     12861.5649

ETITLE:      TS           BOND          ANGLE          DIHED          IMPRP               ELECT            VDW       BOUNDARY           MISC        KINETIC               TOTAL           TEMP      POTENTIAL         TOTAL3        TEMPAVG            PRESSURE      GPRESSURE         VOLUME       PRESSAVG      GPRESSAVG

ENERGY:     250         0.0000         0.0000         0.0000         0.0000         -45431.7690      3409.7407         0.0000         0.0000         0.0000         -42022.0282         0.0000    -42022.0282    -42022.0282         0.0000          12939.0960     12885.0022    120171.0177     12939.0960     12885.0022

LINE MINIMIZER BRACKET: DX 0.00118623 0.00118623 DU -1.70451 3.5313 DUDX -3365.01 561.759 5785.48 
ENERGY:     251         0.0000         0.0000         0.0000         0.0000         -45423.1896      3397.5881         0.0000         0.0000         0.0000         -42025.6015         0.0000    -42025.6015    -42025.6015         0.0000          12909.9049     12859.2365    120171.0177     12909.9049     12859.2365

LINE MINIMIZER BRACKET: DX 0.00101952 0.000166703 DU -1.74647 0.0419636 DUDX -3365.01 -27.4369 561.759 
ENERGY:     252         0.0000         0.0000         0.0000         0.0000         -45423.2922      3397.6907         0.0000         0.0000         0.0000         -42025.6015         0.0000    -42025.6015    -42025.6015         0.0000          12910.1537     12859.4605    120171.0177     12910.1537     12859.4605

LINE MINIMIZER BRACKET: DX 1.66703e-05 0.000150033 DU -3.66552e-05 0.0420002 DUDX -27.4369 30.5032 561.759 
LINE MINIMIZER REDUCING GRADIENT FROM 8291.25 TO 8.29125
ENERGY:     253         0.0000         0.0000         0.0000         0.0000         -45436.6178      3393.9958         0.0000         0.0000         0.0000         -42042.6220         0.0000    -42042.6220    -42042.6220         0.0000          12901.7284     12853.7873    120171.0177     12901.7284     12853.7873

ENERGY:     254         0.0000         0.0000         0.0000         0.0000         -45448.8765      3395.7429         0.0000         0.0000         0.0000         -42053.1336         0.0000    -42053.1336    -42053.1336         0.0000          12906.5643     12859.5643    120171.0177     12906.5643     12859.5643

ENERGY:     255         0.0000         0.0000         0.0000         0.0000         -45459.8795      3400.5638         0.0000         0.0000         0.0000         -42059.3157         0.0000    -42059.3157    -42059.3157         0.0000          12919.1726     12872.2876    120171.0177     12919.1726     12872.2876

MINIMIZER RESTARTING CONJUGATE GRADIENT ALGORITHM DUE TO POOR PROGRESS
LINE MINIMIZER REDUCING GRADIENT FROM 2065.54 TO 2.06554
ENERGY:     256         0.0000         0.0000         0.0000         0.0000         -45481.0543      3407.0222         0.0000         0.0000         0.0000         -42074.0321         0.0000    -42074.0321    -42074.0321         0.0000          12933.6971     12886.0711    120171.0177     12933.6971     12886.0711

ENERGY:     257         0.0000         0.0000         0.0000         0.0000         -45497.2518      3419.5221         0.0000         0.0000         0.0000         -42077.7296         0.0000    -42077.7296    -42077.7296         0.0000          12963.9725     12913.9827    120171.0177     12963.9725     12913.9827

ENERGY:     258         0.0000         0.0000         0.0000         0.0000         -45508.6767      3440.4039         0.0000         0.0000         0.0000         -42068.2727         0.0000    -42068.2727    -42068.2727         0.0000          13015.4390     12960.3724    120171.0177     13015.4390     12960.3724

LINE MINIMIZER BRACKET: DX 0.00963836 0.00963836 DU -3.69753 9.4569 DUDX -973.209 234.512 1708.59 
ENERGY:     259         0.0000         0.0000         0.0000         0.0000         -45494.6996      3416.5981         0.0000         0.0000         0.0000         -42078.1014         0.0000    -42078.1014    -42078.1014         0.0000          12956.7812     12907.3999    120171.0177     12956.7812     12907.3999

LINE MINIMIZER BRACKET: DX 0.00781004 0.00182832 DU -4.0693 0.371765 DUDX -973.209 -22.7062 234.512 
ETITLE:      TS           BOND          ANGLE          DIHED          IMPRP               ELECT            VDW       BOUNDARY           MISC        KINETIC               TOTAL           TEMP      POTENTIAL         TOTAL3        TEMPAVG            PRESSURE      GPRESSURE         VOLUME       PRESSAVG      GPRESSAVG

ENERGY:     260         0.0000         0.0000         0.0000         0.0000         -45494.9795      3416.8770         0.0000         0.0000         0.0000         -42078.1025         0.0000    -42078.1025    -42078.1025         0.0000          12957.4601     12908.0219    120171.0177     12957.4601     12908.0219

LINE MINIMIZER BRACKET: DX 0.000182832 0.00164549 DU -0.00107318 0.372838 DUDX -22.7062 1.39309 234.512 
LINE MINIMIZER REDUCING GRADIENT FROM 3089.37 TO 3.08937
ENERGY:     261         0.0000         0.0000         0.0000         0.0000         -45545.5933      3437.9171         0.0000         0.0000         0.0000         -42107.6762         0.0000    -42107.6762    -42107.6762         0.0000          13008.4749     12957.1380    120171.0177     13008.4749     12957.1380

ENERGY:     262         0.0000         0.0000         0.0000         0.0000         -45594.0780      3468.9588         0.0000         0.0000         0.0000         -42125.1192         0.0000    -42125.1192    -42125.1192         0.0000          13084.0107     13027.4181    120171.0177     13084.0107     13027.4181

ENERGY:     263         0.0000         0.0000         0.0000         0.0000         -45640.4302      3518.0855         0.0000         0.0000         0.0000         -42122.3447         0.0000    -42122.3447    -42122.3447         0.0000          13203.0071     13134.1633    120171.0177     13203.0071     13134.1633

LINE MINIMIZER BRACKET: DX 0.0111235 0.0111235 DU -17.443 2.77446 DUDX -2193.99 -884.055 1437.95 
ENERGY:     264         0.0000         0.0000         0.0000         0.0000         -45612.4164      3485.2402         0.0000         0.0000         0.0000         -42127.1761         0.0000    -42127.1761    -42127.1761         0.0000          13123.5486     13063.3446    120171.0177     13123.5486     13063.3446

LINE MINIMIZER BRACKET: DX 0.0043379 0.00678564 DU -2.05692 4.83138 DUDX -884.055 -152.598 1437.95 
ENERGY:     265         0.0000         0.0000         0.0000         0.0000         -45615.2539      3488.0754         0.0000         0.0000         0.0000         -42127.1785         0.0000    -42127.1785    -42127.1785         0.0000          13130.4262     13069.5431    120171.0177     13130.4262     13069.5431

LINE MINIMIZER BRACKET: DX 0.000678564 0.00610708 DU -0.00236422 4.83374 DUDX -152.598 -21.269 1437.95 
ENERGY:     266         0.0000         0.0000         0.0000         0.0000         -45617.8011      3490.7020         0.0000         0.0000         0.0000         -42127.0991         0.0000    -42127.0991    -42127.0991         0.0000          13136.7935     13075.2691    120171.0177     13136.7935     13075.2691

LINE MINIMIZER BRACKET: DX 0.000678564 0.000610708 DU -0.00236422 0.0793404 DUDX -152.598 -21.269 101.415 
ENERGY:     267         0.0000         0.0000         0.0000         0.0000         -45615.5090      3488.3348         0.0000         0.0000         0.0000         -42127.1743         0.0000    -42127.1743    -42127.1743         0.0000          13131.0548     13070.1089    120171.0177     13131.0548     13070.1089

LINE MINIMIZER BRACKET: DX 0.000678564 6.10708e-05 DU -0.00236422 0.00422094 DUDX -152.598 -21.269 -9.19476 
ENERGY:     268         0.0000         0.0000         0.0000         0.0000         -45615.2539      3488.0754         0.0000         0.0000         0.0000         -42127.1786         0.0000    -42127.1786    -42127.1786         0.0000          13130.4261     13069.5430    120171.0177     13130.4261     13069.5430

LINE MINIMIZER REDUCING GRADIENT FROM 25604.8 TO 25.6048
ENERGY:     269         0.0000         0.0000         0.0000         0.0000         -45621.6164      3480.3301         0.0000         0.0000         0.0000         -42141.2863         0.0000    -42141.2863    -42141.2863         0.0000          13112.5806     13056.0419    120171.0177     13112.5806     13056.0419

ETITLE:      TS           BOND          ANGLE          DIHED          IMPRP               ELECT            VDW       BOUNDARY           MISC        KINETIC               TOTAL           TEMP      POTENTIAL         TOTAL3        TEMPAVG            PRESSURE      GPRESSURE         VOLUME       PRESSAVG      GPRESSAVG

ENERGY:     270         0.0000         0.0000         0.0000         0.0000         -45628.6624      3486.1058         0.0000         0.0000         0.0000         -42142.5566         0.0000    -42142.5566    -42142.5566         0.0000          13126.5332     13068.8355    120171.0177     13126.5332     13068.8355

ENERGY:     271         0.0000         0.0000         0.0000         0.0000         -45636.2090      3501.2217         0.0000         0.0000         0.0000         -42134.9873         0.0000    -42134.9873    -42134.9873         0.0000          13162.4597     13099.9186    120171.0177     13162.4597     13099.9186

LINE MINIMIZER BRACKET: DX 0.000940032 0.000940032 DU -1.27028 7.56928 DUDX -6852.98 3513.53 12686.8 
ENERGY:     272         0.0000         0.0000         0.0000         0.0000         -45626.0502      3482.8606         0.0000         0.0000         0.0000         -42143.1896         0.0000    -42143.1896    -42143.1896         0.0000          13118.7686     13061.9472    120171.0177     13118.7686     13061.9472

LINE MINIMIZER BRACKET: DX 0.000600573 0.000339459 DU -1.90333 0.633054 DUDX -6852.98 154.443 3513.53 
ENERGY:     273         0.0000         0.0000         0.0000         0.0000         -45625.5949      3482.4146         0.0000         0.0000         0.0000         -42143.1803         0.0000    -42143.1803    -42143.1803         0.0000          13117.6991     13060.9824    120171.0177     13117.6991     13060.9824

LINE MINIMIZER BRACKET: DX 6.00573e-05 0.000339459 DU -0.00928893 0.633054 DUDX -469.121 154.443 3513.53 
ENERGY:     274         0.0000         0.0000         0.0000         0.0000         -45625.9359      3482.7455         0.0000         0.0000         0.0000         -42143.1904         0.0000    -42143.1904    -42143.1904         0.0000          13118.4944     13061.7006    120171.0177     13118.4944     13061.7006

LINE MINIMIZER BRACKET: DX 4.50539e-05 1.50034e-05 DU -0.0100956 0.000806632 DUDX -469.121 -0.335098 154.443 
LINE MINIMIZER REDUCING GRADIENT FROM 21385.3 TO 21.3853
ENERGY:     275         0.0000         0.0000         0.0000         0.0000         -45633.8950      3471.8055         0.0000         0.0000         0.0000         -42162.0895         0.0000    -42162.0895    -42162.0895         0.0000          13093.0474     13041.8510    120171.0177     13093.0474     13041.8510

ENERGY:     276         0.0000         0.0000         0.0000         0.0000         -45641.9222      3468.8409         0.0000         0.0000         0.0000         -42173.0813         0.0000    -42173.0813    -42173.0813         0.0000          13086.5500     13037.8815    120171.0177     13086.5500     13037.8815

ENERGY:     277         0.0000         0.0000         0.0000         0.0000         -45649.9683      3470.5441         0.0000         0.0000         0.0000         -42179.4242         0.0000    -42179.4242    -42179.4242         0.0000          13091.2732     13043.5682    120171.0177     13091.2732     13043.5682

MINIMIZER RESTARTING CONJUGATE GRADIENT ALGORITHM DUE TO POOR PROGRESS
LINE MINIMIZER REDUCING GRADIENT FROM 1834.09 TO 1.83409
ENERGY:     278         0.0000         0.0000         0.0000         0.0000         -45660.6293      3472.1982         0.0000         0.0000         0.0000         -42188.4311         0.0000    -42188.4311    -42188.4311         0.0000          13094.9472     13047.4582    120171.0177     13094.9472     13047.4582

ENERGY:     279         0.0000         0.0000         0.0000         0.0000         -45669.9486      3475.9242         0.0000         0.0000         0.0000         -42194.0245         0.0000    -42194.0245    -42194.0245         0.0000          13103.8781     13055.9719    120171.0177     13103.8781     13055.9719

ETITLE:      TS           BOND          ANGLE          DIHED          IMPRP               ELECT            VDW       BOUNDARY           MISC        KINETIC               TOTAL           TEMP      POTENTIAL         TOTAL3        TEMPAVG            PRESSURE      GPRESSURE         VOLUME       PRESSAVG      GPRESSAVG

ENERGY:     280         0.0000         0.0000         0.0000         0.0000         -45677.8083      3480.8922         0.0000         0.0000         0.0000         -42196.9161         0.0000    -42196.9161    -42196.9161         0.0000          13116.1297     13067.4691    120171.0177     13116.1297     13067.4691

ENERGY:     281         0.0000         0.0000         0.0000         0.0000         -45684.1819      3486.6718         0.0000         0.0000         0.0000         -42197.5101         0.0000    -42197.5101    -42197.5101         0.0000          13130.6171     13081.0240    120171.0177     13130.6171     13081.0240

ENERGY:     282         0.0000         0.0000         0.0000         0.0000         -45689.0747      3493.0003         0.0000         0.0000         0.0000         -42196.0745         0.0000    -42196.0745    -42196.0745         0.0000          13146.7407     13096.1400    120171.0177     13146.7407     13096.1400

LINE MINIMIZER BRACKET: DX 0.00606281 0.00606281 DU -0.593974 1.43561 DUDX -303.436 32.9792 325.188 
ENERGY:     283         0.0000         0.0000         0.0000         0.0000         -45683.5731      3485.9154         0.0000         0.0000         0.0000         -42197.6577         0.0000    -42197.6577    -42197.6577         0.0000          13128.6815     13079.2121    120171.0177     13128.6815     13079.2121

LINE MINIMIZER BRACKET: DX 0.00529936 0.000763451 DU -0.741568 0.147594 DUDX -303.436 -13.1873 32.9792 
ENERGY:     284         0.0000         0.0000         0.0000         0.0000         -45683.6463      3485.9913         0.0000         0.0000         0.0000         -42197.6550         0.0000    -42197.6550    -42197.6550         0.0000          13128.8730     13079.3912    120171.0177     13128.8730     13079.3912

LINE MINIMIZER BRACKET: DX 0.00529936 7.63451e-05 DU -0.741568 0.00267619 DUDX -303.436 -13.1873 -9.12938 
ENERGY:     285         0.0000         0.0000         0.0000         0.0000         -45683.5731      3485.9154         0.0000         0.0000         0.0000         -42197.6577         0.0000    -42197.6577    -42197.6577         0.0000          13128.6816     13079.2122    120171.0177     13128.6816     13079.2122

LINE MINIMIZER REDUCING GRADIENT FROM 3087.85 TO 3.08785
ENERGY:     286         0.0000         0.0000         0.0000         0.0000         -45718.6613      3496.2339         0.0000         0.0000         0.0000         -42222.4274         0.0000    -42222.4274    -42222.4274         0.0000          13154.3325     13106.2300    120171.0177     13154.3325     13106.2300

ENERGY:     287         0.0000         0.0000         0.0000         0.0000         -45750.1837      3510.6119         0.0000         0.0000         0.0000         -42239.5718         0.0000    -42239.5718    -42239.5718         0.0000          13190.7072     13142.9094    120171.0177     13190.7072     13142.9094

ENERGY:     288         0.0000         0.0000         0.0000         0.0000         -45778.2770      3529.1813         0.0000         0.0000         0.0000         -42249.0957         0.0000    -42249.0957    -42249.0957         0.0000          13238.0481     13189.5554    120171.0177     13238.0481     13189.5554

ENERGY:     289         0.0000         0.0000         0.0000         0.0000         -45803.1464      3552.6817         0.0000         0.0000         0.0000         -42250.4647         0.0000    -42250.4647    -42250.4647         0.0000          13298.1842     13247.8639    120171.0177     13298.1842     13247.8639

ETITLE:      TS           BOND          ANGLE          DIHED          IMPRP               ELECT            VDW       BOUNDARY           MISC        KINETIC               TOTAL           TEMP      POTENTIAL         TOTAL3        TEMPAVG            PRESSURE      GPRESSURE         VOLUME       PRESSAVG      GPRESSAVG

ENERGY:     290         0.0000         0.0000         0.0000         0.0000         -45825.1201      3582.7321         0.0000         0.0000         0.0000         -42242.3881         0.0000    -42242.3881    -42242.3881         0.0000          13374.8053     13321.1067    120171.0177     13374.8053     13321.1067

LINE MINIMIZER BRACKET: DX 0.00928258 0.00928258 DU -1.36906 8.07665 DUDX -615.413 293.679 1384.08 
ENERGY:     291         0.0000         0.0000         0.0000         0.0000         -45795.5806      3544.2369         0.0000         0.0000         0.0000         -42251.3437         0.0000    -42251.3437    -42251.3437         0.0000          13276.5367     13226.9589    120171.0177     13276.5367     13226.9589

LINE MINIMIZER BRACKET: DX 0.00619293 0.00308965 DU -2.248 0.878936 DUDX -615.413 -34.4873 293.679 
ENERGY:     292         0.0000         0.0000         0.0000         0.0000         -45796.3890      3545.0516         0.0000         0.0000         0.0000         -42251.3373         0.0000    -42251.3373    -42251.3373         0.0000          13278.6260     13228.9804    120171.0177     13278.6260     13228.9804

LINE MINIMIZER BRACKET: DX 0.00619293 0.000308965 DU -2.248 0.00634717 DUDX -615.413 -34.4873 -3.40416 
ENERGY:     293         0.0000         0.0000         0.0000         0.0000         -45795.5808      3544.2369         0.0000         0.0000         0.0000         -42251.3439         0.0000    -42251.3439    -42251.3439         0.0000          13276.5368     13226.9590    120171.0177     13276.5368     13226.9590

LINE MINIMIZER REDUCING GRADIENT FROM 10042.9 TO 10.0429
ENERGY:     294         0.0000         0.0000         0.0000         0.0000         -45825.9408      3543.6361         0.0000         0.0000         0.0000         -42282.3048         0.0000    -42282.3048    -42282.3048         0.0000          13274.0896     13226.7325    120171.0177     13274.0896     13226.7325

ENERGY:     295         0.0000         0.0000         0.0000         0.0000         -45853.9032      3550.7717         0.0000         0.0000         0.0000         -42303.1315         0.0000    -42303.1315    -42303.1315         0.0000          13290.7577     13243.2842    120171.0177     13290.7577     13243.2842

ENERGY:     296         0.0000         0.0000         0.0000         0.0000         -45879.6538      3566.6851         0.0000         0.0000         0.0000         -42312.9687         0.0000    -42312.9687    -42312.9687         0.0000          13329.0230     13278.6333    120171.0177     13329.0230     13278.6333

ENERGY:     297         0.0000         0.0000         0.0000         0.0000         -45903.4151      3595.6552         0.0000         0.0000         0.0000         -42307.7599         0.0000    -42307.7599    -42307.7599         0.0000          13398.7940     13340.8978    120171.0177     13398.7940     13340.8978

LINE MINIMIZER BRACKET: DX 0.0036137 0.0036137 DU -9.83722 5.20883 DUDX -4348.95 -1044.67 3807.57 
ENERGY:     298         0.0000         0.0000         0.0000         0.0000         -45884.8135      3571.4545         0.0000         0.0000         0.0000         -42313.3589         0.0000    -42313.3589    -42313.3589         0.0000          13340.5011     13289.0159    120171.0177     13340.5011     13289.0159

LINE MINIMIZER BRACKET: DX 0.000759251 0.00285445 DU -0.390214 5.59905 DUDX -1044.67 -206.95 3807.57 
ENERGY:     299         0.0000         0.0000         0.0000         0.0000         -45886.7285      3573.4061         0.0000         0.0000         0.0000         -42313.3223         0.0000    -42313.3223    -42313.3223         0.0000          13345.2085     13293.2539    120171.0177     13345.2085     13293.2539

LDB: ============= START OF LOAD BALANCING ============== 18.0374
LDB: Largest compute 181 load 0.103660 is 10.1% of average load 1.025080
LDB: Average compute 0.020570 is 2.0% of average load 1.025080
LDB: TIME 18.0375 LOAD: AVG 1.02508 MAX 1.06092  PROXIES: TOTAL 24 MAXPE 6 MAXPATCH 3 None MEM: 279.488 MB
LDB: TIME 18.0375 LOAD: AVG 1.02508 MAX 1.06092  PROXIES: TOTAL 24 MAXPE 6 MAXPATCH 3 RefineTorusLB MEM: 279.488 MB
LDB: TIME 18.0376 LOAD: AVG 1.02508 MAX 1.05649  PROXIES: TOTAL 24 MAXPE 6 MAXPATCH 3 RefineTorusLB MEM: 279.488 MB
LDB: ============== END OF LOAD BALANCING =============== 18.0376
Info: useSync: 0 useProxySync: 0
LDB: =============== DONE WITH MIGRATION ================ 18.0377
LINE MINIMIZER BRACKET: DX 0.000759251 0.000285445 DU -0.390214 0.0366238 DUDX -1044.67 -206.95 129.828 
Info: Initial time: 4 CPUs 0.0106069 s/step 0.122765 days/ns 279.488 MB memory
ETITLE:      TS           BOND          ANGLE          DIHED          IMPRP               ELECT            VDW       BOUNDARY           MISC        KINETIC               TOTAL           TEMP      POTENTIAL         TOTAL3        TEMPAVG            PRESSURE      GPRESSURE         VOLUME       PRESSAVG      GPRESSAVG

ENERGY:     300         0.0000         0.0000         0.0000         0.0000         -45885.4058      3572.0473         0.0000         0.0000         0.0000         -42313.3584         0.0000    -42313.3584    -42313.3584         0.0000          13341.9310     13290.3044    120171.0177     13341.9310     13290.3044

LINE MINIMIZER BRACKET: DX 0.000759251 8.81016e-05 DU -0.390214 0.000503433 DUDX -1044.67 -206.95 -104.269 
ENERGY:     301         0.0000         0.0000         0.0000         0.0000         -45884.8135      3571.4545         0.0000         0.0000         0.0000         -42313.3590         0.0000    -42313.3590    -42313.3590         0.0000          13340.5011     13289.0159    120171.0177     13340.5011     13289.0159

LINE MINIMIZER REDUCING GRADIENT FROM 11488.6 TO 11.4886
ENERGY:     302         0.0000         0.0000         0.0000         0.0000         -45902.1042      3570.2364         0.0000         0.0000         0.0000         -42331.8678         0.0000    -42331.8678    -42331.8678         0.0000          13338.2977     13289.3683    120171.0177     13338.2977     13289.3683

ENERGY:     303         0.0000         0.0000         0.0000         0.0000         -45919.4009      3575.7269         0.0000         0.0000         0.0000         -42343.6739         0.0000    -42343.6739    -42343.6739         0.0000          13352.1813     13303.6208    120171.0177     13352.1813     13303.6208

ENERGY:     304         0.0000         0.0000         0.0000         0.0000         -45936.5611      3585.7226         0.0000         0.0000         0.0000         -42350.8385         0.0000    -42350.8385    -42350.8385         0.0000          13377.0053     13327.4528    120171.0177     13377.0053     13327.4528

MINIMIZER RESTARTING CONJUGATE GRADIENT ALGORITHM DUE TO POOR PROGRESS
LINE MINIMIZER REDUCING GRADIENT FROM 5252.32 TO 5.25232
ENERGY:     305         0.0000         0.0000         0.0000         0.0000         -45941.1565      3579.3003         0.0000         0.0000         0.0000         -42361.8561         0.0000    -42361.8561    -42361.8561         0.0000          13361.5274     13314.8901    120171.0177     13361.5274     13314.8901

ENERGY:     306         0.0000         0.0000         0.0000         0.0000         -45945.1132      3578.4932         0.0000         0.0000         0.0000         -42366.6200         0.0000    -42366.6200    -42366.6200         0.0000          13359.7233     13314.1976    120171.0177     13359.7233     13314.1976

ENERGY:     307         0.0000         0.0000         0.0000         0.0000         -45948.3978      3582.8244         0.0000         0.0000         0.0000         -42365.5734         0.0000    -42365.5734    -42365.5734         0.0000          13370.4550     13324.4411    120171.0177     13370.4550     13324.4411

LINE MINIMIZER BRACKET: DX 0.00279613 0.00279613 DU -4.76393 1.04668 DUDX -2756.55 -690.02 1490.3 
ENERGY:     308         0.0000         0.0000         0.0000         0.0000         -45946.2535      3579.3146         0.0000         0.0000         0.0000         -42366.9389         0.0000    -42366.9389    -42366.9389         0.0000          13361.7755     13316.2752    120171.0177     13361.7755     13316.2752

LINE MINIMIZER BRACKET: DX 0.000906368 0.00188977 DU -0.318892 1.36557 DUDX -690.02 -22.6856 1490.3 
ENERGY:     309         0.0000         0.0000         0.0000         0.0000         -45946.4822      3579.5537         0.0000         0.0000         0.0000         -42366.9284         0.0000    -42366.9284    -42366.9284         0.0000          13362.3708     13316.8548    120171.0177     13362.3708     13316.8548

LINE MINIMIZER BRACKET: DX 0.000906368 0.000188977 DU -0.318892 0.0104929 DUDX -690.02 -22.6856 119.757 
ETITLE:      TS           BOND          ANGLE          DIHED          IMPRP               ELECT            VDW       BOUNDARY           MISC        KINETIC               TOTAL           TEMP      POTENTIAL         TOTAL3        TEMPAVG            PRESSURE      GPRESSURE         VOLUME       PRESSAVG      GPRESSAVG

ENERGY:     310         0.0000         0.0000         0.0000         0.0000         -45946.2869      3579.3478         0.0000         0.0000         0.0000         -42366.9392         0.0000    -42366.9392    -42366.9392         0.0000          13361.8578     13316.3557    120171.0177     13361.8578     13316.3557

LINE MINIMIZER BRACKET: DX 2.74071e-05 0.00016157 DU -0.000234169 0.0107271 DUDX -22.6856 -2.1131 119.757 
LINE MINIMIZER REDUCING GRADIENT FROM 1715.22 TO 1.71522
ENERGY:     311         0.0000         0.0000         0.0000         0.0000         -45961.2794      3583.2177         0.0000         0.0000         0.0000         -42378.0617         0.0000    -42378.0617    -42378.0617         0.0000          13370.7579     13325.4421    120171.0177     13370.7579     13325.4421

ENERGY:     312         0.0000         0.0000         0.0000         0.0000         -45974.2925      3591.7299         0.0000         0.0000         0.0000         -42382.5626         0.0000    -42382.5626    -42382.5626         0.0000          13391.2734     13344.7099    120171.0177     13391.2734     13344.7099

ENERGY:     313         0.0000         0.0000         0.0000         0.0000         -45985.3976      3606.3062         0.0000         0.0000         0.0000         -42379.0915         0.0000    -42379.0915    -42379.0915         0.0000          13426.7279     13376.8470    120171.0177     13426.7279     13376.8470

LINE MINIMIZER BRACKET: DX 0.00827586 0.00827586 DU -4.50089 3.47112 DUDX -962.366 -98.3941 989.314 
ENERGY:     314         0.0000         0.0000         0.0000         0.0000         -45975.5267      3592.8785         0.0000         0.0000         0.0000         -42382.6482         0.0000    -42382.6482    -42382.6482         0.0000          13394.0564     13347.2755    120171.0177     13394.0564     13347.2755

LINE MINIMIZER BRACKET: DX 0.000827586 0.00744827 DU -0.0855823 3.55671 DUDX -98.3941 -6.03093 989.314 
ENERGY:     315         0.0000         0.0000         0.0000         0.0000         -45976.5864      3593.9676         0.0000         0.0000         0.0000         -42382.6189         0.0000    -42382.6189    -42382.6189         0.0000          13396.7040     13349.7030    120171.0177     13396.7040     13349.7030

LINE MINIMIZER BRACKET: DX 0.000827586 0.000744827 DU -0.0855823 0.0292908 DUDX -98.3941 -6.03093 82.6971 
ENERGY:     316         0.0000         0.0000         0.0000         0.0000         -45975.6338      3592.9851         0.0000         0.0000         0.0000         -42382.6486         0.0000    -42382.6486    -42382.6486         0.0000          13394.3150     13347.5129    120171.0177     13394.3150     13347.5129

LINE MINIMIZER BRACKET: DX 7.44827e-05 0.000670344 DU -0.000431004 0.0297218 DUDX -6.03093 2.72541 82.6971 
ENERGY:     317         0.0000         0.0000         0.0000         0.0000         -45975.6169      3592.9680         0.0000         0.0000         0.0000         -42382.6489         0.0000    -42382.6489    -42382.6489         0.0000          13394.2723     13347.4737    120171.0177     13394.2723     13347.4737

LINE MINIMIZER BRACKET: DX 6.25587e-05 1.1924e-05 DU -0.000732289 0.000301284 DUDX -6.03093 1.31757 2.72541 
LINE MINIMIZER REDUCING GRADIENT FROM 3648.29 TO 3.64829
ENERGY:     318         0.0000         0.0000         0.0000         0.0000         -45997.6722      3596.5830         0.0000         0.0000         0.0000         -42401.0892         0.0000    -42401.0892    -42401.0892         0.0000          13402.2191     13355.6982    120171.0177     13402.2191     13355.6982

ENERGY:     319         0.0000         0.0000         0.0000         0.0000         -46018.3140      3605.3170         0.0000         0.0000         0.0000         -42412.9970         0.0000    -42412.9970    -42412.9970         0.0000          13422.8134     13374.9032    120171.0177     13422.8134     13374.9032

ETITLE:      TS           BOND          ANGLE          DIHED          IMPRP               ELECT            VDW       BOUNDARY           MISC        KINETIC               TOTAL           TEMP      POTENTIAL         TOTAL3        TEMPAVG            PRESSURE      GPRESSURE         VOLUME       PRESSAVG      GPRESSAVG

ENERGY:     320         0.0000         0.0000         0.0000         0.0000         -46037.5540      3620.3004         0.0000         0.0000         0.0000         -42417.2536         0.0000    -42417.2536    -42417.2536         0.0000          13458.7257     13407.2491    120171.0177     13458.7257     13407.2491

ENERGY:     321         0.0000         0.0000         0.0000         0.0000         -46055.4409      3645.3737         0.0000         0.0000         0.0000         -42410.0672         0.0000    -42410.0672    -42410.0672         0.0000          13518.9432     13460.0008    120171.0177     13518.9432     13460.0008

LINE MINIMIZER BRACKET: DX 0.00598097 0.00598097 DU -4.25655 7.18637 DUDX -1409.5 87.2479 2539.27 
ENERGY:     322         0.0000         0.0000         0.0000         0.0000         -46035.7055      3618.4411         0.0000         0.0000         0.0000         -42417.2644         0.0000    -42417.2644    -42417.2644         0.0000          13454.2574     13403.2735    120171.0177     13454.2574     13403.2735

LINE MINIMIZER BRACKET: DX 0.00538287 0.000598097 DU -4.26738 0.0108273 DUDX -1409.5 -93.8972 87.2479 
ENERGY:     323         0.0000         0.0000         0.0000         0.0000         -46036.4871      3619.2094         0.0000         0.0000         0.0000         -42417.2777         0.0000    -42417.2777    -42417.2777         0.0000          13456.1068     13404.9215    120171.0177     13456.1068     13404.9215

LINE MINIMIZER BRACKET: DX 0.000250712 0.000347385 DU -0.0132949 0.0241222 DUDX -93.8972 -19.619 87.2479 
ENERGY:     324         0.0000         0.0000         0.0000         0.0000         -46036.6061      3619.3281         0.0000         0.0000         0.0000         -42417.2780         0.0000    -42417.2780    -42417.2780         0.0000          13456.3926     13405.1760    120171.0177     13456.3926     13405.1760

LINE MINIMIZER BRACKET: DX 3.82634e-05 0.000309121 DU -0.00032942 0.0244516 DUDX -19.619 -8.15862 87.2479 
ENERGY:     325         0.0000         0.0000         0.0000         0.0000         -46036.7021      3619.4243         0.0000         0.0000         0.0000         -42417.2778         0.0000    -42417.2778    -42417.2778         0.0000          13456.6246     13405.3827    120171.0177     13456.6246     13405.3827

LINE MINIMIZER BRACKET: DX 3.82634e-05 3.09121e-05 DU -0.00032942 0.000233393 DUDX -19.619 -8.15862 1.1241 
LINE MINIMIZER REDUCING GRADIENT FROM 7404.72 TO 7.40472
ENERGY:     326         0.0000         0.0000         0.0000         0.0000         -46052.2584      3619.5144         0.0000         0.0000         0.0000         -42432.7440         0.0000    -42432.7440    -42432.7440         0.0000          13457.3711     13408.3427    120171.0177     13457.3711     13408.3427

ENERGY:     327         0.0000         0.0000         0.0000         0.0000         -46067.7491      3624.0735         0.0000         0.0000         0.0000         -42443.6756         0.0000    -42443.6756    -42443.6756         0.0000          13468.8463     13420.3427    120171.0177     13468.8463     13420.3427

MINIMIZER RESTARTING CONJUGATE GRADIENT ALGORITHM DUE TO POOR PROGRESS
LINE MINIMIZER REDUCING GRADIENT FROM 2436.82 TO 2.43682
ENERGY:     328         0.0000         0.0000         0.0000         0.0000         -46074.2223      3620.8897         0.0000         0.0000         0.0000         -42453.3327         0.0000    -42453.3327    -42453.3327         0.0000          13461.2563     13414.8728    120171.0177     13461.2563     13414.8728

ENERGY:     329         0.0000         0.0000         0.0000         0.0000         -46077.9756      3621.3571         0.0000         0.0000         0.0000         -42456.6185         0.0000    -42456.6185    -42456.6185         0.0000          13463.0554     13417.7537    120171.0177     13463.0554     13417.7537

ETITLE:      TS           BOND          ANGLE          DIHED          IMPRP               ELECT            VDW       BOUNDARY           MISC        KINETIC               TOTAL           TEMP      POTENTIAL         TOTAL3        TEMPAVG            PRESSURE      GPRESSURE         VOLUME       PRESSAVG      GPRESSAVG

ENERGY:     330         0.0000         0.0000         0.0000         0.0000         -46078.9776      3624.6215         0.0000         0.0000         0.0000         -42454.3560         0.0000    -42454.3560    -42454.3560         0.0000          13472.1589     13427.2190    120171.0177     13472.1589     13427.2190

LINE MINIMIZER BRACKET: DX 0.00545763 0.00545763 DU -3.28586 2.26247 DUDX -1145.9 -70.3116 909.033 
ENERGY:     331         0.0000         0.0000         0.0000         0.0000         -46078.2044      3621.5657         0.0000         0.0000         0.0000         -42456.6387         0.0000    -42456.6387    -42456.6387         0.0000          13463.6522     13418.4143    120171.0177     13463.6522     13418.4143

LINE MINIMIZER BRACKET: DX 0.000545763 0.00491187 DU -0.0202174 2.28268 DUDX -70.3116 28.563 909.033 
ENERGY:     332         0.0000         0.0000         0.0000         0.0000         -46078.1579      3621.5178         0.0000         0.0000         0.0000         -42456.6400         0.0000    -42456.6400    -42456.6400         0.0000          13463.5141     13418.2626    120171.0177     13463.5141     13418.2626

LINE MINIMIZER BRACKET: DX 0.00042696 0.000118803 DU -0.0215356 0.00131822 DUDX -70.3116 6.64903 28.563 
ENERGY:     333         0.0000         0.0000         0.0000         0.0000         -46078.1405      3621.5009         0.0000         0.0000         0.0000         -42456.6396         0.0000    -42456.6396    -42456.6396         0.0000          13463.4667     13418.2102    120171.0177     13463.4667     13418.2102

LINE MINIMIZER BRACKET: DX 4.2696e-05 0.000118803 DU -0.000438491 0.00131822 DUDX -1.23712 6.64903 28.563 
LINE MINIMIZER REDUCING GRADIENT FROM 1814.42 TO 1.81442
ENERGY:     334         0.0000         0.0000         0.0000         0.0000         -46097.1911      3623.3892         0.0000         0.0000         0.0000         -42473.8018         0.0000    -42473.8018    -42473.8018         0.0000          13468.3784     13423.7896    120171.0177     13468.3784     13423.7896

ENERGY:     335         0.0000         0.0000         0.0000         0.0000         -46112.8251      3631.1882         0.0000         0.0000         0.0000         -42481.6369         0.0000    -42481.6369    -42481.6369         0.0000          13488.4589     13443.1330    120171.0177     13488.4589     13443.1330

ENERGY:     336         0.0000         0.0000         0.0000         0.0000         -46125.3122      3645.4555         0.0000         0.0000         0.0000         -42479.8568         0.0000    -42479.8568    -42479.8568         0.0000          13524.8854     13477.3178    120171.0177     13524.8854     13477.3178

LINE MINIMIZER BRACKET: DX 0.0120859 0.0120859 DU -7.83511 1.78018 DUDX -1031.6 -263.519 562.417 
ENERGY:     337         0.0000         0.0000         0.0000         0.0000         -46117.2322      3635.0065         0.0000         0.0000         0.0000         -42482.2257         0.0000    -42482.2257    -42482.2257         0.0000          13498.2231     13452.3561    120171.0177     13498.2231     13452.3561

LINE MINIMIZER BRACKET: DX 0.0038763 0.00820961 DU -0.588801 2.36898 DUDX -263.519 -11.2982 562.417 
ENERGY:     338         0.0000         0.0000         0.0000         0.0000         -46118.1089      3635.9025         0.0000         0.0000         0.0000         -42482.2064         0.0000    -42482.2064    -42482.2064         0.0000          13500.5110     13454.5092    120171.0177     13500.5110     13454.5092

LINE MINIMIZER BRACKET: DX 0.0038763 0.000820961 DU -0.588801 0.0193604 DUDX -263.519 -11.2982 43.7424 
ENERGY:     339         0.0000         0.0000         0.0000         0.0000         -46117.3760      3635.1495         0.0000         0.0000         0.0000         -42482.2266         0.0000    -42482.2266    -42482.2266         0.0000          13498.5864     13452.6982    120171.0177     13498.5864     13452.6982

LINE MINIMIZER BRACKET: DX 0.000132958 0.000688003 DU -0.000817563 0.020178 DUDX -11.2982 -2.42462 43.7424 
ETITLE:      TS           BOND          ANGLE          DIHED          IMPRP               ELECT            VDW       BOUNDARY           MISC        KINETIC               TOTAL           TEMP      POTENTIAL         TOTAL3        TEMPAVG            PRESSURE      GPRESSURE         VOLUME       PRESSAVG      GPRESSAVG

ENERGY:     340         0.0000         0.0000         0.0000         0.0000         -46117.4499      3635.2238         0.0000         0.0000         0.0000         -42482.2262         0.0000    -42482.2262    -42482.2262         0.0000          13498.7757     13452.8764    120171.0177     13498.7757     13452.8764

LINE MINIMIZER BRACKET: DX 0.000132958 6.88003e-05 DU -0.000817563 0.000406168 DUDX -11.2982 -2.42462 2.17729 
ENERGY:     341         0.0000         0.0000         0.0000         0.0000         -46117.3868      3635.1603         0.0000         0.0000         0.0000         -42482.2265         0.0000    -42482.2265    -42482.2265         0.0000          13498.6137     13452.7239    120171.0177     13498.6137     13452.7239

LINE MINIMIZER BRACKET: DX 0.000132958 1.00151e-05 DU -0.000817563 7.7743e-06 DUDX -11.2982 -2.42462 -1.75485 
ENERGY:     342         0.0000         0.0000         0.0000         0.0000         -46117.3760      3635.1495         0.0000         0.0000         0.0000         -42482.2266         0.0000    -42482.2266    -42482.2266         0.0000          13498.5863     13452.6981    120171.0177     13498.5863     13452.6981

LINE MINIMIZER REDUCING GRADIENT FROM 4591.3 TO 4.5913
ENERGY:     343         0.0000         0.0000         0.0000         0.0000         -46129.0601      3635.4643         0.0000         0.0000         0.0000         -42493.5958         0.0000    -42493.5958    -42493.5958         0.0000          13499.7123     13455.2069    120171.0177     13499.7123     13455.2069

ENERGY:     344         0.0000         0.0000         0.0000         0.0000         -46140.7061      3639.3794         0.0000         0.0000         0.0000         -42501.3267         0.0000    -42501.3267    -42501.3267         0.0000          13509.4921     13465.1367    120171.0177     13509.4921     13465.1367

ENERGY:     345         0.0000         0.0000         0.0000         0.0000         -46152.1568      3645.4726         0.0000         0.0000         0.0000         -42506.6841         0.0000    -42506.6841    -42506.6841         0.0000          13524.5925     13479.7332    120171.0177     13524.5925     13479.7332

MINIMIZER RESTARTING CONJUGATE GRADIENT ALGORITHM DUE TO POOR PROGRESS
LINE MINIMIZER REDUCING GRADIENT FROM 2386.66 TO 2.38666
ENERGY:     346         0.0000         0.0000         0.0000         0.0000         -46166.0433      3646.3161         0.0000         0.0000         0.0000         -42519.7271         0.0000    -42519.7271    -42519.7271         0.0000          13525.5176     13481.0697    120171.0177     13525.5176     13481.0697

ENERGY:     347         0.0000         0.0000         0.0000         0.0000         -46177.4043      3652.1910         0.0000         0.0000         0.0000         -42525.2133         0.0000    -42525.2133    -42525.2133         0.0000          13539.1403     13493.7689    120171.0177     13539.1403     13493.7689

ENERGY:     348         0.0000         0.0000         0.0000         0.0000         -46186.5101      3666.9831         0.0000         0.0000         0.0000         -42519.5269         0.0000    -42519.5269    -42519.5269         0.0000          13574.5742     13525.1907    120171.0177     13574.5742     13525.1907

LINE MINIMIZER BRACKET: DX 0.006866 0.006866 DU -5.48615 5.68636 DUDX -1397.75 -155.66 1875.57 
ENERGY:     349         0.0000         0.0000         0.0000         0.0000         -46178.4233      3653.1605         0.0000         0.0000         0.0000         -42525.2629         0.0000    -42525.2629    -42525.2629         0.0000          13541.4457     13495.8623    120171.0177     13541.4457     13495.8623

LINE MINIMIZER BRACKET: DX 0.0006866 0.0061794 DU -0.0496103 5.73597 DUDX -155.66 -7.57108 1875.57 
ETITLE:      TS           BOND          ANGLE          DIHED          IMPRP               ELECT            VDW       BOUNDARY           MISC        KINETIC               TOTAL           TEMP      POTENTIAL         TOTAL3        TEMPAVG            PRESSURE      GPRESSURE         VOLUME       PRESSAVG      GPRESSAVG

ENERGY:     350         0.0000         0.0000         0.0000         0.0000         -46179.3145      3654.1129         0.0000         0.0000         0.0000         -42525.2016         0.0000    -42525.2016    -42525.2016         0.0000          13543.7129     13497.9089    120171.0177     13543.7129     13497.9089

LINE MINIMIZER BRACKET: DX 0.0006866 0.00061794 DU -0.0496103 0.0612748 DUDX -155.66 -7.57108 137.709 
ENERGY:     351         0.0000         0.0000         0.0000         0.0000         -46178.5140      3653.2523         0.0000         0.0000         0.0000         -42525.2617         0.0000    -42525.2617    -42525.2617         0.0000          13541.6617     13496.0574    120171.0177     13541.6617     13496.0574

LINE MINIMIZER BRACKET: DX 0.0006866 6.1794e-05 DU -0.0496103 0.00121703 DUDX -155.66 -7.57108 6.62124 
ENERGY:     352         0.0000         0.0000         0.0000         0.0000         -46178.4359      3653.1731         0.0000         0.0000         0.0000         -42525.2627         0.0000    -42525.2627    -42525.2627         0.0000          13541.4761     13495.8898    120171.0177     13541.4761     13495.8898

LINE MINIMIZER BRACKET: DX 0.0006866 8.57927e-06 DU -0.0496103 0.000147564 DUDX -155.66 -7.57108 -5.63842 
ENERGY:     353         0.0000         0.0000         0.0000         0.0000         -46178.4234      3653.1604         0.0000         0.0000         0.0000         -42525.2630         0.0000    -42525.2630    -42525.2630         0.0000          13541.4456     13495.8622    120171.0177     13541.4456     13495.8622

LINE MINIMIZER REDUCING GRADIENT FROM 2280.58 TO 2.28058
ENERGY:     354         0.0000         0.0000         0.0000         0.0000         -46200.5656      3660.9269         0.0000         0.0000         0.0000         -42539.6387         0.0000    -42539.6387    -42539.6387         0.0000          13559.1817     13512.8687    120171.0177     13559.1817     13512.8687

ENERGY:     355         0.0000         0.0000         0.0000         0.0000         -46217.7258      3676.0962         0.0000         0.0000         0.0000         -42541.6295         0.0000    -42541.6295    -42541.6295         0.0000          13595.9030     13546.8751    120171.0177     13595.9030     13546.8751

ENERGY:     356         0.0000         0.0000         0.0000         0.0000         -46230.2819      3702.2073         0.0000         0.0000         0.0000         -42528.0746         0.0000    -42528.0746    -42528.0746         0.0000          13659.8198     13604.5978    120171.0177     13659.8198     13604.5978

LINE MINIMIZER BRACKET: DX 0.00886893 0.00886893 DU -1.99084 13.555 DUDX -949.303 562.38 2654.52 
ENERGY:     357         0.0000         0.0000         0.0000         0.0000         -46212.3689      3669.6927         0.0000         0.0000         0.0000         -42542.6762         0.0000    -42542.6762    -42542.6762         0.0000          13580.2435     13532.4921    120171.0177     13580.2435     13532.4921

LINE MINIMIZER BRACKET: DX 0.00569953 0.0031694 DU -3.0375 1.04666 DUDX -949.303 -40.6316 562.38 
ENERGY:     358         0.0000         0.0000         0.0000         0.0000         -46212.9592      3670.2795         0.0000         0.0000         0.0000         -42542.6796         0.0000    -42542.6796    -42542.6796         0.0000          13581.6724     13533.8117    120171.0177     13581.6724     13533.8117

LINE MINIMIZER BRACKET: DX 0.00031694 0.00285246 DU -0.00343469 1.05009 DUDX -40.6316 15.0752 562.38 
ENERGY:     359         0.0000         0.0000         0.0000         0.0000         -46212.7885      3670.1077         0.0000         0.0000         0.0000         -42542.6808         0.0000    -42542.6808    -42542.6808         0.0000          13581.2523     13533.4237    120171.0177     13581.2523     13533.4237

LINE MINIMIZER BRACKET: DX 0.000224745 9.21946e-05 DU -0.00462191 0.00118723 DUDX -40.6316 -1.18108 15.0752 
LINE MINIMIZER REDUCING GRADIENT FROM 2243.89 TO 2.24389
ETITLE:      TS           BOND          ANGLE          DIHED          IMPRP               ELECT            VDW       BOUNDARY           MISC        KINETIC               TOTAL           TEMP      POTENTIAL         TOTAL3        TEMPAVG            PRESSURE      GPRESSURE         VOLUME       PRESSAVG      GPRESSAVG

ENERGY:     360         0.0000         0.0000         0.0000         0.0000         -46230.2859      3675.3492         0.0000         0.0000         0.0000         -42554.9367         0.0000    -42554.9367    -42554.9367         0.0000          13594.1917     13546.7518    120171.0177     13594.1917     13546.7518

ENERGY:     361         0.0000         0.0000         0.0000         0.0000         -46247.2839      3684.8615         0.0000         0.0000         0.0000         -42562.4224         0.0000    -42562.4224    -42562.4224         0.0000          13617.5309     13568.9868    120171.0177     13617.5309     13568.9868

ENERGY:     362         0.0000         0.0000         0.0000         0.0000         -46263.7781      3699.2638         0.0000         0.0000         0.0000         -42564.5143         0.0000    -42564.5143    -42564.5143         0.0000          13652.6602     13601.2316    120171.0177     13652.6602     13601.2316

ENERGY:     363         0.0000         0.0000         0.0000         0.0000         -46279.7182      3720.5289         0.0000         0.0000         0.0000         -42559.1893         0.0000    -42559.1893    -42559.1893         0.0000          13704.2727     13647.2611    120171.0177     13704.2727     13647.2611

LINE MINIMIZER BRACKET: DX 0.00657478 0.00657478 DU -2.09189 5.32503 DUDX -760.056 172.131 1517.14 
ENERGY:     364         0.0000         0.0000         0.0000         0.0000         -46260.9351      3696.3151         0.0000         0.0000         0.0000         -42564.6201         0.0000    -42564.6201    -42564.6201         0.0000          13645.4870     13594.7257    120171.0177     13645.4870     13594.7257

LINE MINIMIZER BRACKET: DX 0.00542067 0.00115411 DU -2.19765 0.105764 DUDX -760.056 -14.9826 172.131 
ENERGY:     365         0.0000         0.0000         0.0000         0.0000         -46261.2219      3696.6011         0.0000         0.0000         0.0000         -42564.6209         0.0000    -42564.6209    -42564.6209         0.0000          13646.1821     13595.3576    120171.0177     13646.1821     13595.3576

LINE MINIMIZER BRACKET: DX 0.000115411 0.0010387 DU -0.000780335 0.106544 DUDX -14.9826 3.12335 172.131 
ENERGY:     366         0.0000         0.0000         0.0000         0.0000         -46261.1764      3696.5558         0.0000         0.0000         0.0000         -42564.6206         0.0000    -42564.6206    -42564.6206         0.0000          13646.0729     13595.2584    120171.0177     13646.0729     13595.2584

LINE MINIMIZER BRACKET: DX 1.82338e-05 0.0010387 DU -0.000231712 0.106544 DUDX 0.255084 3.12335 172.131 
ENERGY:     367         0.0000         0.0000         0.0000         0.0000         -46261.2219      3696.6011         0.0000         0.0000         0.0000         -42564.6209         0.0000    -42564.6209    -42564.6209         0.0000          13646.1821     13595.3576    120171.0177     13646.1821     13595.3576

LINE MINIMIZER REDUCING GRADIENT FROM 8078.86 TO 8.07886
ENERGY:     368         0.0000         0.0000         0.0000         0.0000         -46269.9666      3692.5462         0.0000         0.0000         0.0000         -42577.4205         0.0000    -42577.4205    -42577.4205         0.0000          13637.2908     13589.6498    120171.0177     13637.2908     13589.6498

ENERGY:     369         0.0000         0.0000         0.0000         0.0000         -46278.8702      3693.8001         0.0000         0.0000         0.0000         -42585.0701         0.0000    -42585.0701    -42585.0701         0.0000          13641.0317     13594.4876    120171.0177     13641.0317     13594.4876

ETITLE:      TS           BOND          ANGLE          DIHED          IMPRP               ELECT            VDW       BOUNDARY           MISC        KINETIC               TOTAL           TEMP      POTENTIAL         TOTAL3        TEMPAVG            PRESSURE      GPRESSURE         VOLUME       PRESSAVG      GPRESSAVG

ENERGY:     370         0.0000         0.0000         0.0000         0.0000         -46287.7746      3697.5413         0.0000         0.0000         0.0000         -42590.2333         0.0000    -42590.2333    -42590.2333         0.0000          13650.7327     13604.4062    120171.0177     13650.7327     13604.4062

MINIMIZER RESTARTING CONJUGATE GRADIENT ALGORITHM DUE TO POOR PROGRESS
LINE MINIMIZER REDUCING GRADIENT FROM 3091.66 TO 3.09166
ENERGY:     371         0.0000         0.0000         0.0000         0.0000         -46293.3369      3693.9303         0.0000         0.0000         0.0000         -42599.4066         0.0000    -42599.4066    -42599.4066         0.0000          13641.4129     13596.1024    120171.0177     13641.4129     13596.1024

ENERGY:     372         0.0000         0.0000         0.0000         0.0000         -46297.9792      3692.9713         0.0000         0.0000         0.0000         -42605.0079         0.0000    -42605.0079    -42605.0079         0.0000          13638.6691     13593.5860    120171.0177     13638.6691     13593.5860

ENERGY:     373         0.0000         0.0000         0.0000         0.0000         -46301.8027      3695.0669         0.0000         0.0000         0.0000         -42606.7358         0.0000    -42606.7358    -42606.7358         0.0000          13643.4679     13597.6419    120171.0177     13643.4679     13597.6419

ENERGY:     374         0.0000         0.0000         0.0000         0.0000         -46304.9300      3701.5540         0.0000         0.0000         0.0000         -42603.3760         0.0000    -42603.3760    -42603.3760         0.0000          13658.8885     13610.7666    120171.0177     13658.8885     13610.7666

LINE MINIMIZER BRACKET: DX 0.00356957 0.00356957 DU -1.72785 3.35973 DUDX -1051.6 137.482 1815.76 
ENERGY:     375         0.0000         0.0000         0.0000         0.0000         -46301.4232      3694.6535         0.0000         0.0000         0.0000         -42606.7697         0.0000    -42606.7697    -42606.7697         0.0000          13642.4852     13596.8025    120171.0177     13642.4852     13596.8025

LINE MINIMIZER BRACKET: DX 0.00317478 0.000394792 DU -1.76177 0.0339181 DUDX -1051.6 -12.5288 137.482 
ENERGY:     376         0.0000         0.0000         0.0000         0.0000         -46301.4621      3694.6926         0.0000         0.0000         0.0000         -42606.7696         0.0000    -42606.7696    -42606.7696         0.0000          13642.5777     13596.8814    120171.0177     13642.5777     13596.8814

LINE MINIMIZER BRACKET: DX 0.00317478 3.94792e-05 DU -1.76177 0.000119896 DUDX -1051.6 -12.5288 2.08038 
LINE MINIMIZER REDUCING GRADIENT FROM 2036.68 TO 2.03668
ENERGY:     377         0.0000         0.0000         0.0000         0.0000         -46310.5021      3693.8088         0.0000         0.0000         0.0000         -42616.6933         0.0000    -42616.6933    -42616.6933         0.0000          13640.3903     13595.7537    120171.0177     13640.3903     13595.7537

ENERGY:     378         0.0000         0.0000         0.0000         0.0000         -46317.7910      3697.0417         0.0000         0.0000         0.0000         -42620.7493         0.0000    -42620.7493    -42620.7493         0.0000          13648.5126     13603.6655    120171.0177     13648.5126     13603.6655

ENERGY:     379         0.0000         0.0000         0.0000         0.0000         -46323.3983      3705.5199         0.0000         0.0000         0.0000         -42617.8785         0.0000    -42617.8785    -42617.8785         0.0000          13669.5860     13622.9230    120171.0177     13669.5860     13622.9230

LINE MINIMIZER BRACKET: DX 0.00627702 0.00627702 DU -4.05603 2.87082 DUDX -1127.16 -177.969 972.356 
ETITLE:      TS           BOND          ANGLE          DIHED          IMPRP               ELECT            VDW       BOUNDARY           MISC        KINETIC               TOTAL           TEMP      POTENTIAL         TOTAL3        TEMPAVG            PRESSURE      GPRESSURE         VOLUME       PRESSAVG      GPRESSAVG

ENERGY:     380         0.0000         0.0000         0.0000         0.0000         -46318.7024      3697.8725         0.0000         0.0000         0.0000         -42620.8299         0.0000    -42620.8299    -42620.8299         0.0000          13650.5887     13605.5953    120171.0177     13650.5887     13605.5953

LINE MINIMIZER BRACKET: DX 0.000879168 0.00539785 DU -0.0806244 2.95145 DUDX -177.969 -36.5383 972.356 
ENERGY:     381         0.0000         0.0000         0.0000         0.0000         -46319.2316      3698.4331         0.0000         0.0000         0.0000         -42620.7986         0.0000    -42620.7986    -42620.7986         0.0000          13651.9830     13606.8851    120171.0177     13651.9830     13606.8851

LINE MINIMIZER BRACKET: DX 0.000879168 0.000539785 DU -0.0806244 0.0313734 DUDX -177.969 -36.5383 54.3328 
ENERGY:     382         0.0000         0.0000         0.0000         0.0000         -46318.8060      3697.9776         0.0000         0.0000         0.0000         -42620.8284         0.0000    -42620.8284    -42620.8284         0.0000          13650.8492     13605.8365    120171.0177     13650.8492     13605.8365

LINE MINIMIZER BRACKET: DX 0.000879168 0.000104177 DU -0.0806244 0.00155352 DUDX -177.969 -36.5383 -19.1389 
ENERGY:     383         0.0000         0.0000         0.0000         0.0000         -46318.7026      3697.8725         0.0000         0.0000         0.0000         -42620.8301         0.0000    -42620.8301    -42620.8301         0.0000          13650.5887     13605.5953    120171.0177     13650.5887     13605.5953

LINE MINIMIZER REDUCING GRADIENT FROM 2464.85 TO 2.46485
ENERGY:     384         0.0000         0.0000         0.0000         0.0000         -46330.3352      3698.7558         0.0000         0.0000         0.0000         -42631.5794         0.0000    -42631.5794    -42631.5794         0.0000          13653.5955     13610.1254    120171.0177     13653.5955     13610.1254

ENERGY:     385         0.0000         0.0000         0.0000         0.0000         -46341.1570      3705.1758         0.0000         0.0000         0.0000         -42635.9812         0.0000    -42635.9812    -42635.9812         0.0000          13670.1538     13626.6203    120171.0177     13670.1538     13626.6203

ENERGY:     386         0.0000         0.0000         0.0000         0.0000         -46351.1017      3716.1771         0.0000         0.0000         0.0000         -42634.9246         0.0000    -42634.9246    -42634.9246         0.0000          13698.0607     13653.3690    120171.0177     13698.0607     13653.3690

LINE MINIMIZER BRACKET: DX 0.00605143 0.00605143 DU -4.40178 1.05657 DUDX -1195.43 -269.031 660.199 
ENERGY:     387         0.0000         0.0000         0.0000         0.0000         -46344.2798      3708.0217         0.0000         0.0000         0.0000         -42636.2582         0.0000    -42636.2582    -42636.2582         0.0000          13677.4108     13633.6391    120171.0177     13677.4108     13633.6391

LINE MINIMIZER BRACKET: DX 0.00183489 0.00421654 DU -0.276986 1.33355 DUDX -269.031 1.3943 660.199 
LINE MINIMIZER REDUCING GRADIENT FROM 2854.43 TO 2.85443
ENERGY:     388         0.0000         0.0000         0.0000         0.0000         -46373.3234      3715.0478         0.0000         0.0000         0.0000         -42658.2756         0.0000    -42658.2756    -42658.2756         0.0000          13695.7165     13653.3823    120171.0177     13695.7165     13653.3823

ENERGY:     389         0.0000         0.0000         0.0000         0.0000         -46399.4759      3725.8677         0.0000         0.0000         0.0000         -42673.6082         0.0000    -42673.6082    -42673.6082         0.0000          13723.9616     13682.1135    120171.0177     13723.9616     13682.1135

ETITLE:      TS           BOND          ANGLE          DIHED          IMPRP               ELECT            VDW       BOUNDARY           MISC        KINETIC               TOTAL           TEMP      POTENTIAL         TOTAL3        TEMPAVG            PRESSURE      GPRESSURE         VOLUME       PRESSAVG      GPRESSAVG

ENERGY:     390         0.0000         0.0000         0.0000         0.0000         -46422.8742      3740.0481         0.0000         0.0000         0.0000         -42682.8261         0.0000    -42682.8261    -42682.8261         0.0000          13761.0916     13719.1643    120171.0177     13761.0916     13719.1643

ENERGY:     391         0.0000         0.0000         0.0000         0.0000         -46443.7386      3758.0038         0.0000         0.0000         0.0000         -42685.7348         0.0000    -42685.7348    -42685.7348         0.0000          13808.0474     13765.5605    120171.0177     13808.0474     13765.5605

ENERGY:     392         0.0000         0.0000         0.0000         0.0000         -46462.2765      3780.7479         0.0000         0.0000         0.0000         -42681.5285         0.0000    -42681.5285    -42681.5285         0.0000          13867.2796     13823.6800    120171.0177     13867.2796     13823.6800

LINE MINIMIZER BRACKET: DX 0.0090421 0.0090421 DU -2.9087 4.20626 DUDX -547.097 257.389 1194.85 
ENERGY:     393         0.0000         0.0000         0.0000         0.0000         -46439.8022      3753.6728         0.0000         0.0000         0.0000         -42686.1293         0.0000    -42686.1293    -42686.1293         0.0000          13796.6834     13754.3758    120171.0177     13796.6834     13754.3758

LINE MINIMIZER BRACKET: DX 0.00703256 0.00200954 DU -3.30325 0.394543 DUDX -547.097 54.9087 257.389 
ENERGY:     394         0.0000         0.0000         0.0000         0.0000         -46438.2299      3752.2003         0.0000         0.0000         0.0000         -42686.0296         0.0000    -42686.0296    -42686.0296         0.0000          13792.8312     13750.5762    120171.0177     13792.8312     13750.5762

LINE MINIMIZER BRACKET: DX 0.000703256 0.00200954 DU -0.0997057 0.394543 DUDX -10.1847 54.9087 257.389 
ENERGY:     395         0.0000         0.0000         0.0000         0.0000         -46439.5845      3753.4658         0.0000         0.0000         0.0000         -42686.1188         0.0000    -42686.1188    -42686.1188         0.0000          13796.1437     13753.8437    120171.0177     13796.1437     13753.8437

LINE MINIMIZER BRACKET: DX 9.81638e-05 0.00200954 DU -0.0105541 0.394543 DUDX 45.7392 54.9087 257.389 
ENERGY:     396         0.0000         0.0000         0.0000         0.0000         -46439.8038      3753.6729         0.0000         0.0000         0.0000         -42686.1309         0.0000    -42686.1309    -42686.1309         0.0000          13796.6834     13754.3759    120171.0177     13796.6834     13754.3759

LINE MINIMIZER REDUCING GRADIENT FROM 9912.72 TO 9.91272
ENERGY:     397         0.0000         0.0000         0.0000         0.0000         -46466.4934      3750.7420         0.0000         0.0000         0.0000         -42715.7514         0.0000    -42715.7514    -42715.7514         0.0000          13788.9657     13748.5183    120171.0177     13788.9657     13748.5183

ENERGY:     398         0.0000         0.0000         0.0000         0.0000         -46490.9725      3755.2347         0.0000         0.0000         0.0000         -42735.7379         0.0000    -42735.7379    -42735.7379         0.0000          13799.7795     13759.8627    120171.0177     13799.7795     13759.8627

ENERGY:     399         0.0000         0.0000         0.0000         0.0000         -46513.5423      3764.5932         0.0000         0.0000         0.0000         -42748.9491         0.0000    -42748.9491    -42748.9491         0.0000          13822.9895     13782.7829    120171.0177     13822.9895     13782.7829

LDB: ============= START OF LOAD BALANCING ============== 19.0894
LDB: Largest compute 181 load 0.104288 is 10.3% of average load 1.012391
LDB: Average compute 0.020321 is 2.0% of average load 1.012391
LDB: TIME 19.0895 LOAD: AVG 1.01239 MAX 1.04821  PROXIES: TOTAL 24 MAXPE 6 MAXPATCH 3 None MEM: 279.488 MB
LDB: TIME 19.0895 LOAD: AVG 1.01239 MAX 1.04821  PROXIES: TOTAL 24 MAXPE 6 MAXPATCH 3 RefineTorusLB MEM: 279.488 MB
LDB: TIME 19.0895 LOAD: AVG 1.01239 MAX 1.04438  PROXIES: TOTAL 24 MAXPE 6 MAXPATCH 3 RefineTorusLB MEM: 279.488 MB
LDB: ============== END OF LOAD BALANCING =============== 19.0896
Info: useSync: 0 useProxySync: 0
LDB: =============== DONE WITH MIGRATION ================ 19.0897
MINIMIZER RESTARTING CONJUGATE GRADIENT ALGORITHM DUE TO POOR PROGRESS
LINE MINIMIZER REDUCING GRADIENT FROM 3932.28 TO 3.93228
Info: Benchmark time: 4 CPUs 0.0105147 s/step 0.121698 days/ns 279.684 MB memory
ETITLE:      TS           BOND          ANGLE          DIHED          IMPRP               ELECT            VDW       BOUNDARY           MISC        KINETIC               TOTAL           TEMP      POTENTIAL         TOTAL3        TEMPAVG            PRESSURE      GPRESSURE         VOLUME       PRESSAVG      GPRESSAVG

ENERGY:     400         0.0000         0.0000         0.0000         0.0000         -46522.1260      3762.3725         0.0000         0.0000         0.0000         -42759.7535         0.0000    -42759.7535    -42759.7535         0.0000          13816.4148     13776.5078    120171.0177     13816.4148     13776.5078

ENERGY:     401         0.0000         0.0000         0.0000         0.0000         -46529.6600      3763.2600         0.0000         0.0000         0.0000         -42766.4000         0.0000    -42766.4000    -42766.4000         0.0000          13817.5430     13776.9593    120171.0177     13817.5430     13776.9593

ENERGY:     402         0.0000         0.0000         0.0000         0.0000         -46536.0353      3766.6170         0.0000         0.0000         0.0000         -42769.4182         0.0000    -42769.4182    -42769.4182         0.0000          13824.8864     13782.8922    120171.0177     13824.8864     13782.8922

ENERGY:     403         0.0000         0.0000         0.0000         0.0000         -46541.1973      3772.5828         0.0000         0.0000         0.0000         -42768.6145         0.0000    -42768.6145    -42768.6145         0.0000          13838.7395     13794.5241    120171.0177     13838.7395     13794.5241

LINE MINIMIZER BRACKET: DX 0.00339256 0.00339256 DU -3.01826 0.803742 DUDX -1434.22 -368.106 845.565 
ENERGY:     404         0.0000         0.0000         0.0000         0.0000         -46537.7345      3768.1318         0.0000         0.0000         0.0000         -42769.6027         0.0000    -42769.6027    -42769.6027         0.0000          13828.3440     13785.7710    120171.0177     13828.3440     13785.7710

LINE MINIMIZER BRACKET: DX 0.00103205 0.00236051 DU -0.184438 0.988179 DUDX -368.106 -25.1226 845.565 
ENERGY:     405         0.0000         0.0000         0.0000         0.0000         -46538.1087      3768.5134         0.0000         0.0000         0.0000         -42769.5953         0.0000    -42769.5953    -42769.5953         0.0000          13829.2238     13786.5073    120171.0177     13829.2238     13786.5073

LINE MINIMIZER BRACKET: DX 0.00103205 0.000236051 DU -0.184438 0.00739286 DUDX -368.106 -25.1226 56.5225 
ENERGY:     406         0.0000         0.0000         0.0000         0.0000         -46537.8186      3768.2156         0.0000         0.0000         0.0000         -42769.6030         0.0000    -42769.6030    -42769.6030         0.0000          13828.5357     13785.9312    120171.0177     13828.5357     13785.9312

LINE MINIMIZER BRACKET: DX 5.2534e-05 0.000183517 DU -0.000314197 0.00770706 DUDX -25.1226 -7.04602 56.5225 
ENERGY:     407         0.0000         0.0000         0.0000         0.0000         -46537.8475      3768.2450         0.0000         0.0000         0.0000         -42769.6024         0.0000    -42769.6024    -42769.6024         0.0000          13828.6049     13785.9893    120171.0177     13828.6049     13785.9893

LINE MINIMIZER BRACKET: DX 5.2534e-05 1.83517e-05 DU -0.000314197 0.000551025 DUDX -25.1226 -7.04602 -0.715723 
ENERGY:     408         0.0000         0.0000         0.0000         0.0000         -46537.8186      3768.2156         0.0000         0.0000         0.0000         -42769.6030         0.0000    -42769.6030    -42769.6030         0.0000          13828.5357     13785.9311    120171.0177     13828.5357     13785.9311

LINE MINIMIZER REDUCING GRADIENT FROM 2413.68 TO 2.41368
ENERGY:     409         0.0000         0.0000         0.0000         0.0000         -46549.7039      3769.0687         0.0000         0.0000         0.0000         -42780.6352         0.0000    -42780.6352    -42780.6352         0.0000          13830.1195     13787.9337    120171.0177     13830.1195     13787.9337

ETITLE:      TS           BOND          ANGLE          DIHED          IMPRP               ELECT            VDW       BOUNDARY           MISC        KINETIC               TOTAL           TEMP      POTENTIAL         TOTAL3        TEMPAVG            PRESSURE      GPRESSURE         VOLUME       PRESSAVG      GPRESSAVG

ENERGY:     410         0.0000         0.0000         0.0000         0.0000         -46559.4949      3774.7465         0.0000         0.0000         0.0000         -42784.7485         0.0000    -42784.7485    -42784.7485         0.0000          13843.7232     13800.6110    120171.0177     13843.7232     13800.6110

ENERGY:     411         0.0000         0.0000         0.0000         0.0000         -46567.0834      3785.2265         0.0000         0.0000         0.0000         -42781.8569         0.0000    -42781.8569    -42781.8569         0.0000          13869.3874     13824.0120    120171.0177     13869.3874     13824.0120

LINE MINIMIZER BRACKET: DX 0.00610683 0.00610683 DU -4.11333 2.89159 DUDX -1230.55 -112.087 1077.14 
ENERGY:     412         0.0000         0.0000         0.0000         0.0000         -46560.3681      3775.5698         0.0000         0.0000         0.0000         -42784.7982         0.0000    -42784.7982    -42784.7982         0.0000          13845.7375     13802.4619    120171.0177     13845.7375     13802.4619

LINE MINIMIZER BRACKET: DX 0.000610683 0.00549615 DU -0.0497583 2.94135 DUDX -112.087 -1.64561 1077.14 
LINE MINIMIZER REDUCING GRADIENT FROM 2971.39 TO 2.97139
ENERGY:     413         0.0000         0.0000         0.0000         0.0000         -46567.4336      3775.1147         0.0000         0.0000         0.0000         -42792.3189         0.0000    -42792.3189    -42792.3189         0.0000          13845.0836     13803.1117    120171.0177     13845.0836     13803.1117

ENERGY:     414         0.0000         0.0000         0.0000         0.0000         -46573.5544      3778.3780         0.0000         0.0000         0.0000         -42795.1764         0.0000    -42795.1764    -42795.1764         0.0000          13853.6102     13811.7808    120171.0177     13853.6102     13811.7808

ENERGY:     415         0.0000         0.0000         0.0000         0.0000         -46578.7111      3784.5133         0.0000         0.0000         0.0000         -42794.1978         0.0000    -42794.1978    -42794.1978         0.0000          13869.2558     13826.7346    120171.0177     13869.2558     13826.7346

LINE MINIMIZER BRACKET: DX 0.00350607 0.00350607 DU -2.85752 0.978615 DUDX -1417.52 -250.817 815.091 
ENERGY:     416         0.0000         0.0000         0.0000         0.0000         -46574.8673      3779.5822         0.0000         0.0000         0.0000         -42795.2850         0.0000    -42795.2850    -42795.2850         0.0000          13856.6942     13814.7720    120171.0177     13856.6942     13814.7720

LINE MINIMIZER BRACKET: DX 0.000829703 0.00267637 DU -0.108609 1.08722 DUDX -250.817 2.04896 815.091 
LINE MINIMIZER REDUCING GRADIENT FROM 1838.72 TO 1.83872
ENERGY:     417         0.0000         0.0000         0.0000         0.0000         -46596.0007      3786.3013         0.0000         0.0000         0.0000         -42809.6994         0.0000    -42809.6994    -42809.6994         0.0000          13873.0294     13830.6663    120171.0177     13873.0294     13830.6663

ENERGY:     418         0.0000         0.0000         0.0000         0.0000         -46609.6023      3797.5472         0.0000         0.0000         0.0000         -42812.0551         0.0000    -42812.0551    -42812.0551         0.0000          13902.1281     13858.3946    120171.0177     13902.1281     13858.3946

ENERGY:     419         0.0000         0.0000         0.0000         0.0000         -46616.4564      3814.9308         0.0000         0.0000         0.0000         -42801.5256         0.0000    -42801.5256    -42801.5256         0.0000          13947.5166     13900.9590    120171.0177     13947.5166     13900.9590

LINE MINIMIZER BRACKET: DX 0.0109986 0.0109986 DU -2.35569 10.5295 DUDX -758.436 361.288 1542.57 
ETITLE:      TS           BOND          ANGLE          DIHED          IMPRP               ELECT            VDW       BOUNDARY           MISC        KINETIC               TOTAL           TEMP      POTENTIAL         TOTAL3        TEMPAVG            PRESSURE      GPRESSURE         VOLUME       PRESSAVG      GPRESSAVG

ENERGY:     420         0.0000         0.0000         0.0000         0.0000         -46606.3789      3793.4471         0.0000         0.0000         0.0000         -42812.9319         0.0000    -42812.9319    -42812.9319         0.0000          13891.4206     13848.2530    120171.0177     13891.4206     13848.2530

LINE MINIMIZER BRACKET: DX 0.00754604 0.00345253 DU -3.23247 0.876778 DUDX -758.436 -25.8 361.288 
ENERGY:     421         0.0000         0.0000         0.0000         0.0000         -46606.7699      3793.8317         0.0000         0.0000         0.0000         -42812.9382         0.0000    -42812.9382    -42812.9382         0.0000          13892.4144     13849.1971    120171.0177     13892.4144     13849.1971

LINE MINIMIZER BRACKET: DX 0.000345253 0.00310728 DU -0.00632305 0.883101 DUDX -25.8 10.0055 361.288 
ENERGY:     422         0.0000         0.0000         0.0000         0.0000         -46606.7013      3793.7633         0.0000         0.0000         0.0000         -42812.9380         0.0000    -42812.9380    -42812.9380         0.0000          13892.2377     13849.0293    120171.0177     13892.2377     13849.0293

LINE MINIMIZER BRACKET: DX 6.09899e-05 0.00310728 DU -0.000218259 0.883101 DUDX 3.67497 10.0055 361.288 
ENERGY:     423         0.0000         0.0000         0.0000         0.0000         -46606.7699      3793.8317         0.0000         0.0000         0.0000         -42812.9382         0.0000    -42812.9382    -42812.9382         0.0000          13892.4144     13849.1972    120171.0177     13892.4144     13849.1972

LINE MINIMIZER REDUCING GRADIENT FROM 2681.49 TO 2.68149
ENERGY:     424         0.0000         0.0000         0.0000         0.0000         -46636.8106      3802.8662         0.0000         0.0000         0.0000         -42833.9444         0.0000    -42833.9444    -42833.9444         0.0000          13915.0312     13871.3711    120171.0177     13915.0312     13871.3711

ENERGY:     425         0.0000         0.0000         0.0000         0.0000         -46663.7255      3814.4196         0.0000         0.0000         0.0000         -42849.3059         0.0000    -42849.3059    -42849.3059         0.0000          13944.5134     13900.0734    120171.0177     13944.5134     13900.0734

ENERGY:     426         0.0000         0.0000         0.0000         0.0000         -46687.4593      3829.4532         0.0000         0.0000         0.0000         -42858.0061         0.0000    -42858.0061    -42858.0061         0.0000          13983.2355     13937.5350    120171.0177     13983.2355     13937.5350

ENERGY:     427         0.0000         0.0000         0.0000         0.0000         -46707.9842      3849.5334         0.0000         0.0000         0.0000         -42858.4508         0.0000    -42858.4508    -42858.4508         0.0000          14034.9188     13987.1752    120171.0177     14034.9188     13987.1752

ENERGY:     428         0.0000         0.0000         0.0000         0.0000         -46725.2792      3877.2657         0.0000         0.0000         0.0000         -42848.0135         0.0000    -42848.0135    -42848.0135         0.0000          14105.7275     14054.5346    120171.0177     14105.7275     14054.5346

LINE MINIMIZER BRACKET: DX 0.00880281 0.00880281 DU -0.444686 10.4373 DUDX -567.974 480.175 1899.7 
ENERGY:     429         0.0000         0.0000         0.0000         0.0000         -46699.2395      3839.6943         0.0000         0.0000         0.0000         -42859.5452         0.0000    -42859.5452    -42859.5452         0.0000          14009.6147     13962.9299    120171.0177     14009.6147     13962.9299

LINE MINIMIZER BRACKET: DX 0.00482037 0.00398244 DU -1.53908 1.09439 DUDX -567.974 -34.325 480.175 
ETITLE:      TS           BOND          ANGLE          DIHED          IMPRP               ELECT            VDW       BOUNDARY           MISC        KINETIC               TOTAL           TEMP      POTENTIAL         TOTAL3        TEMPAVG            PRESSURE      GPRESSURE         VOLUME       PRESSAVG      GPRESSAVG

ENERGY:     430         0.0000         0.0000         0.0000         0.0000         -46700.1604      3840.6176         0.0000         0.0000         0.0000         -42859.5428         0.0000    -42859.5428    -42859.5428         0.0000          14011.9844     13965.2049    120171.0177     14011.9844     13965.2049

LINE MINIMIZER BRACKET: DX 0.00482037 0.000398244 DU -1.53908 0.00235831 DUDX -567.974 -34.325 13.7873 
ENERGY:     431         0.0000         0.0000         0.0000         0.0000         -46699.6347      3840.0865         0.0000         0.0000         0.0000         -42859.5482         0.0000    -42859.5482    -42859.5482         0.0000          14010.6148     13963.8899    120171.0177     14010.6148     13963.8899

LINE MINIMIZER BRACKET: DX 0.000169824 0.00022842 DU -0.00305161 0.00540992 DUDX -34.325 -13.8778 13.7873 
ENERGY:     432         0.0000         0.0000         0.0000         0.0000         -46699.7319      3840.1843         0.0000         0.0000         0.0000         -42859.5477         0.0000    -42859.5477    -42859.5477         0.0000          14010.8670     13964.1320    120171.0177     14010.8670     13964.1320

LINE MINIMIZER BRACKET: DX 0.000169824 4.21966e-05 DU -0.00305161 0.000557034 DUDX -34.325 -13.8778 -8.7819 
ENERGY:     433         0.0000         0.0000         0.0000         0.0000         -46699.6347      3840.0865         0.0000         0.0000         0.0000         -42859.5482         0.0000    -42859.5482    -42859.5482         0.0000          14010.6148     13963.8899    120171.0177     14010.6148     13963.8899

LINE MINIMIZER REDUCING GRADIENT FROM 10606.6 TO 10.6066
ENERGY:     434         0.0000         0.0000         0.0000         0.0000         -46713.7754      3837.3133         0.0000         0.0000         0.0000         -42876.4621         0.0000    -42876.4621    -42876.4621         0.0000          14003.9139     13958.7951    120171.0177     14003.9139     13958.7951

ENERGY:     435         0.0000         0.0000         0.0000         0.0000         -46727.5098      3840.8562         0.0000         0.0000         0.0000         -42886.6536         0.0000    -42886.6536    -42886.6536         0.0000          14012.4006     13967.1016    120171.0177     14012.4006     13967.1016

ENERGY:     436         0.0000         0.0000         0.0000         0.0000         -46740.6340      3848.4683         0.0000         0.0000         0.0000         -42892.1657         0.0000    -42892.1657    -42892.1657         0.0000          14030.8405     13984.1846    120171.0177     14030.8405     13984.1846

ENERGY:     437         0.0000         0.0000         0.0000         0.0000         -46753.0080      3859.7158         0.0000         0.0000         0.0000         -42893.2921         0.0000    -42893.2921    -42893.2921         0.0000          14058.1513     14008.9872    120171.0177     14058.1513     14008.9872

ENERGY:     438         0.0000         0.0000         0.0000         0.0000         -46764.5121      3874.9460         0.0000         0.0000         0.0000         -42889.5661         0.0000    -42889.5661    -42889.5661         0.0000          14095.1326     14042.0990    120171.0177     14095.1326     14042.0990

LINE MINIMIZER BRACKET: DX 0.00206257 0.00206257 DU -1.12645 3.726 DUDX -1648 531.43 3029.2 
ENERGY:     439         0.0000         0.0000         0.0000         0.0000         -46750.0336      3856.5948         0.0000         0.0000         0.0000         -42893.4387         0.0000    -42893.4387    -42893.4387         0.0000          14050.5743     14002.1441    120171.0177     14050.5743     14002.1441

LINE MINIMIZER BRACKET: DX 0.00155397 0.000508603 DU -1.27304 0.146589 DUDX -1648 -32.1448 531.43 
ETITLE:      TS           BOND          ANGLE          DIHED          IMPRP               ELECT            VDW       BOUNDARY           MISC        KINETIC               TOTAL           TEMP      POTENTIAL         TOTAL3        TEMPAVG            PRESSURE      GPRESSURE         VOLUME       PRESSAVG      GPRESSAVG

ENERGY:     440         0.0000         0.0000         0.0000         0.0000         -46750.3343      3856.8964         0.0000         0.0000         0.0000         -42893.4379         0.0000    -42893.4379    -42893.4379         0.0000          14051.3038     14002.8037    120171.0177     14051.3038     14002.8037

LINE MINIMIZER BRACKET: DX 0.00155397 5.08603e-05 DU -1.27304 0.00080998 DUDX -1648 -32.1448 23.1035 
ENERGY:     441         0.0000         0.0000         0.0000         0.0000         -46750.1340      3856.6954         0.0000         0.0000         0.0000         -42893.4386         0.0000    -42893.4386    -42893.4386         0.0000          14050.8181     14002.3646    120171.0177     14050.8181     14002.3646

LINE MINIMIZER BRACKET: DX 0.00155397 1.70052e-05 DU -1.27304 9.46121e-05 DUDX -1648 -32.1448 -13.6936 
ENERGY:     442         0.0000         0.0000         0.0000         0.0000         -46750.0336      3856.5948         0.0000         0.0000         0.0000         -42893.4387         0.0000    -42893.4387    -42893.4387         0.0000          14050.5743     14002.1441    120171.0177     14050.5743     14002.1441

LINE MINIMIZER REDUCING GRADIENT FROM 14995.8 TO 14.9958
ENERGY:     443         0.0000         0.0000         0.0000         0.0000         -46760.5980      3852.0572         0.0000         0.0000         0.0000         -42908.5408         0.0000    -42908.5408    -42908.5408         0.0000          14040.7184     13996.1252    120171.0177     14040.7184     13996.1252

ENERGY:     444         0.0000         0.0000         0.0000         0.0000         -46770.7445      3853.8657         0.0000         0.0000         0.0000         -42916.8788         0.0000    -42916.8788    -42916.8788         0.0000          14046.1258     14003.0471    120171.0177     14046.1258     14003.0471

ENERGY:     445         0.0000         0.0000         0.0000         0.0000         -46780.4960      3860.4163         0.0000         0.0000         0.0000         -42920.0797         0.0000    -42920.0797    -42920.0797         0.0000          14063.0757     14020.0364    120171.0177     14063.0757     14020.0364

ENERGY:     446         0.0000         0.0000         0.0000         0.0000         -46789.9086      3872.1547         0.0000         0.0000         0.0000         -42917.7539         0.0000    -42917.7539    -42917.7539         0.0000          14092.5530     14048.0347    120171.0177     14092.5530     14048.0347

LINE MINIMIZER BRACKET: DX 0.00131249 0.00131249 DU -3.20084 2.32575 DUDX -4348.83 -541.128 4290.46 
ENERGY:     447         0.0000         0.0000         0.0000         0.0000         -46781.6162      3861.4930         0.0000         0.0000         0.0000         -42920.1232         0.0000    -42920.1232    -42920.1232         0.0000          14065.8140     14022.6887    120171.0177     14065.8140     14022.6887

LINE MINIMIZER BRACKET: DX 0.000153519 0.00115897 DU -0.043557 2.36931 DUDX -541.128 -62.3169 4290.46 
ENERGY:     448         0.0000         0.0000         0.0000         0.0000         -46782.4574      3862.3527         0.0000         0.0000         0.0000         -42920.1046         0.0000    -42920.1046    -42920.1046         0.0000          14067.9910     14024.7872    120171.0177     14067.9910     14024.7872

LINE MINIMIZER BRACKET: DX 0.000153519 0.000115897 DU -0.043557 0.0185814 DUDX -541.128 -62.3169 312.244 
ENERGY:     449         0.0000         0.0000         0.0000         0.0000         -46781.7343      3861.6109         0.0000         0.0000         0.0000         -42920.1234         0.0000    -42920.1234    -42920.1234         0.0000          14066.1123     14022.9768    120171.0177     14066.1123     14022.9768

LINE MINIMIZER BRACKET: DX 1.62194e-05 9.96773e-05 DU -0.000154803 0.0187362 DUDX -62.3169 -10.5028 312.244 
LINE MINIMIZER REDUCING GRADIENT FROM 4506.73 TO 4.50673
ETITLE:      TS           BOND          ANGLE          DIHED          IMPRP               ELECT            VDW       BOUNDARY           MISC        KINETIC               TOTAL           TEMP      POTENTIAL         TOTAL3        TEMPAVG            PRESSURE      GPRESSURE         VOLUME       PRESSAVG      GPRESSAVG

ENERGY:     450         0.0000         0.0000         0.0000         0.0000         -46800.2453      3862.0186         0.0000         0.0000         0.0000         -42938.2267         0.0000    -42938.2267    -42938.2267         0.0000          14067.4049     14025.7687    120171.0177     14067.4049     14025.7687

ENERGY:     451         0.0000         0.0000         0.0000         0.0000         -46816.0659      3867.7886         0.0000         0.0000         0.0000         -42948.2772         0.0000    -42948.2772    -42948.2772         0.0000          14082.2589     14040.5412    120171.0177     14082.2589     14040.5412

ENERGY:     452         0.0000         0.0000         0.0000         0.0000         -46829.2090      3878.8645         0.0000         0.0000         0.0000         -42950.3445         0.0000    -42950.3445    -42950.3445         0.0000          14110.4635     14067.1548    120171.0177     14110.4635     14067.1548

ENERGY:     453         0.0000         0.0000         0.0000         0.0000         -46839.6710      3895.7247         0.0000         0.0000         0.0000         -42943.9463         0.0000    -42943.9463    -42943.9463         0.0000          14153.1572     14106.6473    120171.0177     14153.1572     14106.6473

LINE MINIMIZER BRACKET: DX 0.00494681 0.00494681 DU -2.06724 6.39816 DUDX -1225.76 400.584 2136.33 
ENERGY:     454         0.0000         0.0000         0.0000         0.0000         -46826.2906      3875.6473         0.0000         0.0000         0.0000         -42950.6433         0.0000    -42950.6433    -42950.6433         0.0000          14102.2816     14059.5100    120171.0177     14102.2816     14059.5100

LINE MINIMIZER BRACKET: DX 0.00373626 0.00121055 DU -2.36607 0.29883 DUDX -1225.76 -12.3419 400.584 
ENERGY:     455         0.0000         0.0000         0.0000         0.0000         -46826.5953      3875.9539         0.0000         0.0000         0.0000         -42950.6414         0.0000    -42950.6414    -42950.6414         0.0000          14103.0609     14060.2403    120171.0177     14103.0609     14060.2403

LINE MINIMIZER BRACKET: DX 0.00373626 0.000121055 DU -2.36607 0.0019315 DUDX -1225.76 -12.3419 27.989 
ENERGY:     456         0.0000         0.0000         0.0000         0.0000         -46826.3572      3875.7139         0.0000         0.0000         0.0000         -42950.6433         0.0000    -42950.6433    -42950.6433         0.0000          14102.4508     14059.6686    120171.0177     14102.4508     14059.6686

LINE MINIMIZER BRACKET: DX 0.00373626 2.63989e-05 DU -2.36607 7.02182e-06 DUDX -1225.76 -12.3419 -3.55334 
ENERGY:     457         0.0000         0.0000         0.0000         0.0000         -46826.2906      3875.6473         0.0000         0.0000         0.0000         -42950.6433         0.0000    -42950.6433    -42950.6433         0.0000          14102.2816     14059.5100    120171.0177     14102.2816     14059.5100

LINE MINIMIZER REDUCING GRADIENT FROM 5229.93 TO 5.22993
ENERGY:     458         0.0000         0.0000         0.0000         0.0000         -46837.6822      3873.6767         0.0000         0.0000         0.0000         -42964.0055         0.0000    -42964.0055    -42964.0055         0.0000          14098.1765     14057.3907    120171.0177     14098.1765     14057.3907

ENERGY:     459         0.0000         0.0000         0.0000         0.0000         -46848.1324      3876.4424         0.0000         0.0000         0.0000         -42971.6900         0.0000    -42971.6900    -42971.6900         0.0000          14105.6794     14065.3901    120171.0177     14105.6794     14065.3901

ETITLE:      TS           BOND          ANGLE          DIHED          IMPRP               ELECT            VDW       BOUNDARY           MISC        KINETIC               TOTAL           TEMP      POTENTIAL         TOTAL3        TEMPAVG            PRESSURE      GPRESSURE         VOLUME       PRESSAVG      GPRESSAVG

ENERGY:     460         0.0000         0.0000         0.0000         0.0000         -46857.5121      3881.9920         0.0000         0.0000         0.0000         -42975.5201         0.0000    -42975.5201    -42975.5201         0.0000          14120.2096     14079.7304    120171.0177     14120.2096     14079.7304

ENERGY:     461         0.0000         0.0000         0.0000         0.0000         -46865.7514      3889.5498         0.0000         0.0000         0.0000         -42976.2017         0.0000    -42976.2017    -42976.2017         0.0000          14139.8636     14098.8083    120171.0177     14139.8636     14098.8083

ENERGY:     462         0.0000         0.0000         0.0000         0.0000         -46872.7798      3898.7959         0.0000         0.0000         0.0000         -42973.9839         0.0000    -42973.9839    -42973.9839         0.0000          14163.9363     14122.0410    120171.0177     14163.9363     14122.0410

LINE MINIMIZER BRACKET: DX 0.00332876 0.00332876 DU -0.681564 2.21779 DUDX -646.243 255.271 1108.07 
ENERGY:     463         0.0000         0.0000         0.0000         0.0000         -46863.6056      3887.2756         0.0000         0.0000         0.0000         -42976.3299         0.0000    -42976.3299    -42976.3299         0.0000          14133.9391     14093.0742    120171.0177     14133.9391     14093.0742

LINE MINIMIZER BRACKET: DX 0.00240518 0.000923584 DU -0.80984 0.128276 DUDX -646.243 9.4616 255.271 
ENERGY:     464         0.0000         0.0000         0.0000         0.0000         -46863.0240      3886.7049         0.0000         0.0000         0.0000         -42976.3191         0.0000    -42976.3191    -42976.3191         0.0000          14132.4629     14091.6440    120171.0177     14132.4629     14091.6440

LINE MINIMIZER BRACKET: DX 0.000240518 0.000923584 DU -0.010877 0.128276 DUDX -54.6646 9.4616 255.271 
ENERGY:     465         0.0000         0.0000         0.0000         0.0000         -46863.5479      3887.2182         0.0000         0.0000         0.0000         -42976.3297         0.0000    -42976.3297    -42976.3297         0.0000          14133.7901     14092.9299    120171.0177     14133.7901     14092.9299

LINE MINIMIZER BRACKET: DX 2.40518e-05 0.000923584 DU -0.000230824 0.128276 DUDX 3.05272 9.4616 255.271 
ENERGY:     466         0.0000         0.0000         0.0000         0.0000         -46863.6056      3887.2756         0.0000         0.0000         0.0000         -42976.3300         0.0000    -42976.3300    -42976.3300         0.0000          14133.9391     14093.0742    120171.0177     14133.9391     14093.0742

LINE MINIMIZER REDUCING GRADIENT FROM 4649.23 TO 4.64923
ENERGY:     467         0.0000         0.0000         0.0000         0.0000         -46876.3809      3885.2828         0.0000         0.0000         0.0000         -42991.0981         0.0000    -42991.0981    -42991.0981         0.0000          14129.7394     14090.5763    120171.0177     14129.7394     14090.5763

ENERGY:     468         0.0000         0.0000         0.0000         0.0000         -46886.9044      3886.8827         0.0000         0.0000         0.0000         -43000.0217         0.0000    -43000.0217    -43000.0217         0.0000          14134.6906     14096.1552    120171.0177     14134.6906     14096.1552

ENERGY:     469         0.0000         0.0000         0.0000         0.0000         -46895.1515      3891.3033         0.0000         0.0000         0.0000         -43003.8482         0.0000    -43003.8482    -43003.8482         0.0000          14147.0001     14108.3293    120171.0177     14147.0001     14108.3293

ETITLE:      TS           BOND          ANGLE          DIHED          IMPRP               ELECT            VDW       BOUNDARY           MISC        KINETIC               TOTAL           TEMP      POTENTIAL         TOTAL3        TEMPAVG            PRESSURE      GPRESSURE         VOLUME       PRESSAVG      GPRESSAVG

ENERGY:     470         0.0000         0.0000         0.0000         0.0000         -46901.1471      3898.2075         0.0000         0.0000         0.0000         -43002.9396         0.0000    -43002.9396    -43002.9396         0.0000          14165.7740     14126.3553    120171.0177     14165.7740     14126.3553

LINE MINIMIZER BRACKET: DX 0.00389922 0.00389922 DU -3.82654 0.9086 DUDX -1598.16 -341.57 842.324 
ENERGY:     471         0.0000         0.0000         0.0000         0.0000         -46897.1934      3893.1056         0.0000         0.0000         0.0000         -43004.0877         0.0000    -43004.0877    -43004.0877         0.0000          14151.9368     14113.1017    120171.0177     14151.9368     14113.1017

LINE MINIMIZER BRACKET: DX 0.00115896 0.00274026 DU -0.239498 1.1481 DUDX -341.57 13.3476 842.324 
ENERGY:     472         0.0000         0.0000         0.0000         0.0000         -46897.0006      3892.9158         0.0000         0.0000         0.0000         -43004.0848         0.0000    -43004.0848    -43004.0848         0.0000          14151.4197     14112.6032    120171.0177     14151.4197     14112.6032

LINE MINIMIZER BRACKET: DX 0.000115896 0.00274026 DU -0.00289074 1.1481 DUDX -22.2956 13.3476 842.324 
ENERGY:     473         0.0000         0.0000         0.0000         0.0000         -46897.1593      3893.0724         0.0000         0.0000         0.0000         -43004.0869         0.0000    -43004.0869    -43004.0869         0.0000          14151.8488     14113.0169    120171.0177     14151.8488     14113.0169

LINE MINIMIZER BRACKET: DX 2.02002e-05 0.00274026 DU -0.000808072 1.1481 DUDX 7.13943 13.3476 842.324 
ENERGY:     474         0.0000         0.0000         0.0000         0.0000         -46897.1934      3893.1056         0.0000         0.0000         0.0000         -43004.0878         0.0000    -43004.0878    -43004.0878         0.0000          14151.9368     14113.1017    120171.0177     14151.9368     14113.1017

LINE MINIMIZER REDUCING GRADIENT FROM 3911.62 TO 3.91162
ENERGY:     475         0.0000         0.0000         0.0000         0.0000         -46917.1367      3894.8370         0.0000         0.0000         0.0000         -43022.2997         0.0000    -43022.2997    -43022.2997         0.0000          14157.0952     14119.6643    120171.0177     14157.0952     14119.6643

ENERGY:     476         0.0000         0.0000         0.0000         0.0000         -46933.4556      3899.3459         0.0000         0.0000         0.0000         -43034.1096         0.0000    -43034.1096    -43034.1096         0.0000          14169.8872     14133.3074    120171.0177     14169.8872     14133.3074

ENERGY:     477         0.0000         0.0000         0.0000         0.0000         -46946.1531      3906.6020         0.0000         0.0000         0.0000         -43039.5512         0.0000    -43039.5512    -43039.5512         0.0000          14190.1773     14153.9818    120171.0177     14190.1773     14153.9818

ENERGY:     478         0.0000         0.0000         0.0000         0.0000         -46955.2707      3916.7683         0.0000         0.0000         0.0000         -43038.5024         0.0000    -43038.5024    -43038.5024         0.0000          14218.3286     14182.1157    120171.0177     14218.3286     14182.1157

LINE MINIMIZER BRACKET: DX 0.00548173 0.00548173 DU -5.44153 1.04877 DUDX -1572.28 -407.87 775.043 
ENERGY:     479         0.0000         0.0000         0.0000         0.0000         -46949.7095      3909.7229         0.0000         0.0000         0.0000         -43039.9865         0.0000    -43039.9865    -43039.9865         0.0000          14198.8088     14162.6498    120171.0177     14198.8088     14162.6498

LINE MINIMIZER BRACKET: DX 0.00186571 0.00361602 DU -0.435378 1.48415 DUDX -407.87 -12.1988 775.043 
ETITLE:      TS           BOND          ANGLE          DIHED          IMPRP               ELECT            VDW       BOUNDARY           MISC        KINETIC               TOTAL           TEMP      POTENTIAL         TOTAL3        TEMPAVG            PRESSURE      GPRESSURE         VOLUME       PRESSAVG      GPRESSAVG

ENERGY:     480         0.0000         0.0000         0.0000         0.0000         -46950.3379      3910.3676         0.0000         0.0000         0.0000         -43039.9704         0.0000    -43039.9704    -43039.9704         0.0000          14200.6033     14164.4463    120171.0177     14200.6033     14164.4463

LINE MINIMIZER BRACKET: DX 0.00186571 0.000361602 DU -0.435378 0.01617 DUDX -407.87 -12.1988 65.8559 
ENERGY:     481         0.0000         0.0000         0.0000         0.0000         -46949.7776      3909.7914         0.0000         0.0000         0.0000         -43039.9862         0.0000    -43039.9862    -43039.9862         0.0000          14199.0008     14162.8421    120171.0177     14199.0008     14162.8421

LINE MINIMIZER BRACKET: DX 0.00186571 3.87506e-05 DU -0.435378 0.000362836 DUDX -407.87 -12.1988 -3.86504 
ENERGY:     482         0.0000         0.0000         0.0000         0.0000         -46949.7098      3909.7229         0.0000         0.0000         0.0000         -43039.9869         0.0000    -43039.9869    -43039.9869         0.0000          14198.8087     14162.6497    120171.0177     14198.8087     14162.6497

LINE MINIMIZER REDUCING GRADIENT FROM 4557.82 TO 4.55782
ENERGY:     483         0.0000         0.0000         0.0000         0.0000         -46983.5848      3919.3811         0.0000         0.0000         0.0000         -43064.2037         0.0000    -43064.2037    -43064.2037         0.0000          14223.2876     14186.6553    120171.0177     14223.2876     14186.6553

ENERGY:     484         0.0000         0.0000         0.0000         0.0000         -47011.7556      3934.4487         0.0000         0.0000         0.0000         -43077.3069         0.0000    -43077.3069    -43077.3069         0.0000          14262.2390     14224.4574    120171.0177     14262.2390     14224.4574

ENERGY:     485         0.0000         0.0000         0.0000         0.0000         -47034.3228      3957.2065         0.0000         0.0000         0.0000         -43077.1163         0.0000    -43077.1163    -43077.1163         0.0000          14321.3081     14281.1283    120171.0177     14321.3081     14281.1283

LINE MINIMIZER BRACKET: DX 0.00644191 0.00644191 DU -13.1032 0.190634 DUDX -2932.98 -1070.15 1244.82 
ENERGY:     486         0.0000         0.0000         0.0000         0.0000         -47023.4299      3944.3516         0.0000         0.0000         0.0000         -43079.0783         0.0000    -43079.0783    -43079.0783         0.0000          14287.9694     14249.2376    120171.0177     14287.9694     14249.2376

LINE MINIMIZER BRACKET: DX 0.00313428 0.00330763 DU -1.77136 1.96199 DUDX -1070.15 -23.5075 1244.82 
ENERGY:     487         0.0000         0.0000         0.0000         0.0000         -47024.5866      3945.5170         0.0000         0.0000         0.0000         -43079.0696         0.0000    -43079.0696    -43079.0696         0.0000          14290.9903     14252.1368    120171.0177     14290.9903     14252.1368

LINE MINIMIZER BRACKET: DX 0.00313428 0.000330763 DU -1.77136 0.00871565 DUDX -1070.15 -23.5075 94.9454 
ENERGY:     488         0.0000         0.0000         0.0000         0.0000         -47023.7033      3944.6241         0.0000         0.0000         0.0000         -43079.0792         0.0000    -43079.0792    -43079.0792         0.0000          14288.6783     14249.9183    120171.0177     14288.6783     14249.9183

LINE MINIMIZER BRACKET: DX 7.7976e-05 0.000252787 DU -0.000892397 0.00960805 DUDX -23.5075 4.25605 94.9454 
LINE MINIMIZER REDUCING GRADIENT FROM 4286.72 TO 4.28672
ENERGY:     489         0.0000         0.0000         0.0000         0.0000         -47052.3119      3952.6009         0.0000         0.0000         0.0000         -43099.7111         0.0000    -43099.7111    -43099.7111         0.0000          14309.5699     14269.8856    120171.0177     14309.5699     14269.8856

ETITLE:      TS           BOND          ANGLE          DIHED          IMPRP               ELECT            VDW       BOUNDARY           MISC        KINETIC               TOTAL           TEMP      POTENTIAL         TOTAL3        TEMPAVG            PRESSURE      GPRESSURE         VOLUME       PRESSAVG      GPRESSAVG

ENERGY:     490         0.0000         0.0000         0.0000         0.0000         -47074.7608      3966.6279         0.0000         0.0000         0.0000         -43108.1329         0.0000    -43108.1329    -43108.1329         0.0000          14346.3974     14304.5568    120171.0177     14346.3974     14304.5568

ENERGY:     491         0.0000         0.0000         0.0000         0.0000         -47090.9510      3987.0779         0.0000         0.0000         0.0000         -43103.8731         0.0000    -43103.8731    -43103.8731         0.0000          14400.0614     14354.8110    120171.0177     14400.0614     14354.8110

LINE MINIMIZER BRACKET: DX 0.00622089 0.00622089 DU -8.42182 4.2598 DUDX -2339.33 -333.392 1769.69 
ENERGY:     492         0.0000         0.0000         0.0000         0.0000         -47077.8798      3969.5217         0.0000         0.0000         0.0000         -43108.3581         0.0000    -43108.3581    -43108.3581         0.0000          14353.9699     14311.6583    120171.0177     14353.9699     14311.6583

LINE MINIMIZER BRACKET: DX 0.00101851 0.00520238 DU -0.225136 4.48493 DUDX -333.392 -1.0516 1769.69 
LINE MINIMIZER REDUCING GRADIENT FROM 5460.78 TO 5.46078
ENERGY:     493         0.0000         0.0000         0.0000         0.0000         -47093.5330      3970.9639         0.0000         0.0000         0.0000         -43122.5691         0.0000    -43122.5691    -43122.5691         0.0000          14359.6178     14318.9504    120171.0177     14359.6178     14318.9504

ENERGY:     494         0.0000         0.0000         0.0000         0.0000         -47107.0574      3978.1294         0.0000         0.0000         0.0000         -43128.9280         0.0000    -43128.9280    -43128.9280         0.0000          14379.5267     14338.7996    120171.0177     14379.5267     14338.7996

ENERGY:     495         0.0000         0.0000         0.0000         0.0000         -47118.3908      3990.3468         0.0000         0.0000         0.0000         -43128.0440         0.0000    -43128.0440    -43128.0440         0.0000          14412.1445     14370.0056    120171.0177     14412.1445     14370.0056

LINE MINIMIZER BRACKET: DX 0.00341505 0.00341505 DU -6.35886 0.884 DUDX -2950.15 -799.447 1329.26 
ENERGY:     496         0.0000         0.0000         0.0000         0.0000         -47111.5977      3982.1509         0.0000         0.0000         0.0000         -43129.4468         0.0000    -43129.4468    -43129.4468         0.0000          14390.3687     14349.2627    120171.0177     14390.3687     14349.2627

LINE MINIMIZER BRACKET: DX 0.00128988 0.00212518 DU -0.51888 1.40288 DUDX -799.447 -8.82731 1329.26 
ENERGY:     497         0.0000         0.0000         0.0000         0.0000         -47112.3147      3982.8816         0.0000         0.0000         0.0000         -43129.4331         0.0000    -43129.4331    -43129.4331         0.0000          14392.3280     14351.1418    120171.0177     14392.3280     14351.1418

LINE MINIMIZER BRACKET: DX 0.00128988 0.000212518 DU -0.51888 0.013748 DUDX -799.447 -8.82731 122.355 
ENERGY:     498         0.0000         0.0000         0.0000         0.0000         -47111.6700      3982.2231         0.0000         0.0000         0.0000         -43129.4469         0.0000    -43129.4469    -43129.4469         0.0000          14390.5617     14349.4481    120171.0177     14390.5617     14349.4481

LINE MINIMIZER BRACKET: DX 2.12518e-05 0.000191266 DU -5.03194e-05 0.0137983 DUDX -8.82731 4.26835 122.355 
MINIMIZER RESTARTING CONJUGATE GRADIENT ALGORITHM
LINE MINIMIZER REDUCING GRADIENT FROM 6024.13 TO 6.02413
ENERGY:     499         0.0000         0.0000         0.0000         0.0000         -47116.6218      3975.8283         0.0000         0.0000         0.0000         -43140.7934         0.0000    -43140.7934    -43140.7934         0.0000          14374.2205     14334.8556    120171.0177     14374.2205     14334.8556

Info: Benchmark time: 4 CPUs 0.0103593 s/step 0.1199 days/ns 280.039 MB memory
ETITLE:      TS           BOND          ANGLE          DIHED          IMPRP               ELECT            VDW       BOUNDARY           MISC        KINETIC               TOTAL           TEMP      POTENTIAL         TOTAL3        TEMPAVG            PRESSURE      GPRESSURE         VOLUME       PRESSAVG      GPRESSAVG

ENERGY:     500         0.0000         0.0000         0.0000         0.0000         -47120.8128      3973.6114         0.0000         0.0000         0.0000         -43147.2015         0.0000    -43147.2015    -43147.2015         0.0000          14368.0914     14329.0977    120171.0177     14368.0914     14329.0977

ENERGY:     501         0.0000         0.0000         0.0000         0.0000         -47124.2656      3975.0870         0.0000         0.0000         0.0000         -43149.1786         0.0000    -43149.1786    -43149.1786         0.0000          14371.0082     14331.1957    120171.0177     14371.0082     14331.1957

ENERGY:     502         0.0000         0.0000         0.0000         0.0000         -47126.9875      3980.4964         0.0000         0.0000         0.0000         -43146.4911         0.0000    -43146.4911    -43146.4911         0.0000          14383.5247     14341.5983    120171.0177     14383.5247     14341.5983

LINE MINIMIZER BRACKET: DX 0.00235364 0.00235364 DU -1.97715 2.68748 DUDX -1769.16 110.68 2249.77 
ENERGY:     503         0.0000         0.0000         0.0000         0.0000         -47123.9501      3974.7721         0.0000         0.0000         0.0000         -43149.1780         0.0000    -43149.1780    -43149.1780         0.0000          14370.3123     14330.6351    120171.0177     14370.3123     14330.6351

LINE MINIMIZER BRACKET: DX 0.000235364 0.00235364 DU -0.000603793 2.68748 DUDX -84.9258 110.68 2249.77 
LINE MINIMIZER REDUCING GRADIENT FROM 2800.12 TO 2.80012
ENERGY:     504         0.0000         0.0000         0.0000         0.0000         -47129.9481      3969.1993         0.0000         0.0000         0.0000         -43160.7487         0.0000    -43160.7487    -43160.7487         0.0000          14355.9405     14317.8374    120171.0177     14355.9405     14317.8374

ENERGY:     505         0.0000         0.0000         0.0000         0.0000         -47133.8317      3968.8355         0.0000         0.0000         0.0000         -43164.9962         0.0000    -43164.9962    -43164.9962         0.0000          14354.6794     14316.8312    120171.0177     14354.6794     14316.8312

ENERGY:     506         0.0000         0.0000         0.0000         0.0000         -47135.5592      3972.2940         0.0000         0.0000         0.0000         -43163.2653         0.0000    -43163.2653    -43163.2653         0.0000          14363.2418     14324.8622    120171.0177     14363.2418     14324.8622

LINE MINIMIZER BRACKET: DX 0.00572865 0.00572865 DU -4.24749 1.73097 DUDX -1323.25 -194.95 780.252 
ENERGY:     507         0.0000         0.0000         0.0000         0.0000         -47134.3506      3969.2382         0.0000         0.0000         0.0000         -43165.1124         0.0000    -43165.1124    -43165.1124         0.0000          14355.6420     14317.7412    120171.0177     14355.6420     14317.7412

LINE MINIMIZER BRACKET: DX 0.00112329 0.00460536 DU -0.116176 1.84715 DUDX -194.95 3.60443 780.252 
ENERGY:     508         0.0000         0.0000         0.0000         0.0000         -47134.3034      3969.1915         0.0000         0.0000         0.0000         -43165.1118         0.0000    -43165.1118    -43165.1118         0.0000          14355.5289     14317.6345    120171.0177     14355.5289     14317.6345

LINE MINIMIZER BRACKET: DX 0.000112329 0.00460536 DU -0.000566137 1.84715 DUDX -16.1463 3.60443 780.252 
ENERGY:     509         0.0000         0.0000         0.0000         0.0000         -47134.3404      3969.2283         0.0000         0.0000         0.0000         -43165.1121         0.0000    -43165.1121    -43165.1121         0.0000          14355.6199     14317.7205    120171.0177     14355.6199     14317.7205

LINE MINIMIZER BRACKET: DX 2.34187e-05 0.00460536 DU -0.000362257 1.84715 DUDX -0.504888 3.60443 780.252 
LINE MINIMIZER REDUCING GRADIENT FROM 1852 TO 1.852
ETITLE:      TS           BOND          ANGLE          DIHED          IMPRP               ELECT            VDW       BOUNDARY           MISC        KINETIC               TOTAL           TEMP      POTENTIAL         TOTAL3        TEMPAVG            PRESSURE      GPRESSURE         VOLUME       PRESSAVG      GPRESSAVG

ENERGY:     510         0.0000         0.0000         0.0000         0.0000         -47148.1316      3968.3173         0.0000         0.0000         0.0000         -43179.8143         0.0000    -43179.8143    -43179.8143         0.0000          14351.6135     14312.6671    120171.0177     14351.6135     14312.6671

ENERGY:     511         0.0000         0.0000         0.0000         0.0000         -47153.8605      3976.2121         0.0000         0.0000         0.0000         -43177.6484         0.0000    -43177.6484    -43177.6484         0.0000          14370.8833     14329.5344    120171.0177     14370.8833     14329.5344

LINE MINIMIZER BRACKET: DX 0.0124378 0.0124378 DU -14.7023 2.16596 DUDX -1852 -507.254 874.208 
ENERGY:     512         0.0000         0.0000         0.0000         0.0000         -47151.2198      3970.1927         0.0000         0.0000         0.0000         -43181.0271         0.0000    -43181.0271    -43181.0271         0.0000          14355.9910     14316.3297    120171.0177     14355.9910     14316.3297

LINE MINIMIZER BRACKET: DX 0.00462955 0.00780826 DU -1.21274 3.3787 DUDX -507.254 -2.63069 874.208 
ENERGY:     513         0.0000         0.0000         0.0000         0.0000         -47151.6308      3970.6308         0.0000         0.0000         0.0000         -43181.0001         0.0000    -43181.0001    -43181.0001         0.0000          14357.0399     14317.2386    120171.0177     14357.0399     14317.2386

LINE MINIMIZER BRACKET: DX 0.00462955 0.000780826 DU -1.21274 0.0270188 DUDX -507.254 -2.63069 83.694 
ENERGY:     514         0.0000         0.0000         0.0000         0.0000         -47151.2634      3970.2349         0.0000         0.0000         0.0000         -43181.0284         0.0000    -43181.0284    -43181.0284         0.0000          14356.0880     14316.4129    120171.0177     14356.0880     14316.4129

LINE MINIMIZER BRACKET: DX 7.80826e-05 0.000702743 DU -0.0013741 0.028393 DUDX -2.63069 5.97814 83.694 
ENERGY:     515         0.0000         0.0000         0.0000         0.0000         -47151.2583      3970.2295         0.0000         0.0000         0.0000         -43181.0288         0.0000    -43181.0288    -43181.0288         0.0000          14356.0739     14316.4005    120171.0177     14356.0739     14316.4005

LINE MINIMIZER BRACKET: DX 6.8183e-05 9.89957e-06 DU -0.00169614 0.000322042 DUDX -2.63069 4.88441 5.97814 
ENERGY:     516         0.0000         0.0000         0.0000         0.0000         -47151.2547      3970.2258         0.0000         0.0000         0.0000         -43181.0288         0.0000    -43181.0288    -43181.0288         0.0000          14356.0650     14316.3928    120171.0177     14356.0650     14316.3928

LINE MINIMIZER BRACKET: DX 6.13647e-05 6.8183e-06 DU -0.00173469 3.85507e-05 DUDX -2.63069 4.13153 4.88441 
ENERGY:     517         0.0000         0.0000         0.0000         0.0000         -47151.2514      3970.2225         0.0000         0.0000         0.0000         -43181.0289         0.0000    -43181.0289    -43181.0289         0.0000          14356.0565     14316.3854    120171.0177     14356.0565     14316.3854

LINE MINIMIZER BRACKET: DX 5.52282e-05 6.13647e-06 DU -0.00181854 8.38493e-05 DUDX -2.63069 3.45412 4.13153 
ENERGY:     518         0.0000         0.0000         0.0000         0.0000         -47151.2484      3970.2195         0.0000         0.0000         0.0000         -43181.0289         0.0000    -43181.0289    -43181.0289         0.0000          14356.0492     14316.3791    120171.0177     14356.0492     14316.3791

LINE MINIMIZER BRACKET: DX 4.97054e-05 5.52282e-06 DU -0.00184432 2.57776e-05 DUDX -2.63069 2.84395 3.45412 
ENERGY:     519         0.0000         0.0000         0.0000         0.0000         -47151.2455      3970.2168         0.0000         0.0000         0.0000         -43181.0287         0.0000    -43181.0287    -43181.0287         0.0000          14356.0438     14316.3745    120171.0177     14356.0438     14316.3745

LINE MINIMIZER BRACKET: DX 4.97054e-06 5.52282e-06 DU -0.000210991 2.57776e-05 DUDX 2.29515 2.84395 3.45412 
ETITLE:      TS           BOND          ANGLE          DIHED          IMPRP               ELECT            VDW       BOUNDARY           MISC        KINETIC               TOTAL           TEMP      POTENTIAL         TOTAL3        TEMPAVG            PRESSURE      GPRESSURE         VOLUME       PRESSAVG      GPRESSAVG

ENERGY:     520         0.0000         0.0000         0.0000         0.0000         -47151.2484      3970.2195         0.0000         0.0000         0.0000         -43181.0289         0.0000    -43181.0289    -43181.0289         0.0000          14356.0492     14316.3791    120171.0177     14356.0492     14316.3791

LINE MINIMIZER REDUCING GRADIENT FROM 1725.01 TO 1.72501
ENERGY:     521         0.0000         0.0000         0.0000         0.0000         -47166.4301      3973.2939         0.0000         0.0000         0.0000         -43193.1361         0.0000    -43193.1361    -43193.1361         0.0000          14363.0049     14323.2547    120171.0177     14363.0049     14323.2547

ENERGY:     522         0.0000         0.0000         0.0000         0.0000         -47178.8635      3980.6623         0.0000         0.0000         0.0000         -43198.2013         0.0000    -43198.2013    -43198.2013         0.0000          14381.0692     14340.4566    120171.0177     14381.0692     14340.4566

ENERGY:     523         0.0000         0.0000         0.0000         0.0000         -47188.6108      3993.3794         0.0000         0.0000         0.0000         -43195.2315         0.0000    -43195.2315    -43195.2315         0.0000          14412.7810     14370.1106    120171.0177     14412.7810     14370.1106

LINE MINIMIZER BRACKET: DX 0.00896337 0.00896337 DU -5.06516 2.96981 DUDX -969.073 -145.55 832.94 
ENERGY:     524         0.0000         0.0000         0.0000         0.0000         -47180.5265      3982.2191         0.0000         0.0000         0.0000         -43198.3075         0.0000    -43198.3075    -43198.3075         0.0000          14384.9390     14344.1046    120171.0177     14384.9390     14344.1046

LINE MINIMIZER BRACKET: DX 0.00136788 0.00759549 DU -0.106168 3.07597 DUDX -145.55 -10.0163 832.94 
ENERGY:     525         0.0000         0.0000         0.0000         0.0000         -47181.4216      3983.1385         0.0000         0.0000         0.0000         -43198.2831         0.0000    -43198.2831    -43198.2831         0.0000          14387.2249     14346.2550    120171.0177     14387.2249     14346.2550

LINE MINIMIZER BRACKET: DX 0.00136788 0.000759549 DU -0.106168 0.0243516 DUDX -145.55 -10.0163 67.305 
ENERGY:     526         0.0000         0.0000         0.0000         0.0000         -47180.6340      3982.3264         0.0000         0.0000         0.0000         -43198.3076         0.0000    -43198.3076    -43198.3076         0.0000          14385.2061     14344.3561    120171.0177     14385.2061     14344.3561

LINE MINIMIZER BRACKET: DX 9.04048e-05 0.000669144 DU -0.000143476 0.024495 DUDX -10.0163 -0.885259 67.305 
LINE MINIMIZER REDUCING GRADIENT FROM 1603.81 TO 1.60381
ENERGY:     527         0.0000         0.0000         0.0000         0.0000         -47197.7028      3986.7921         0.0000         0.0000         0.0000         -43210.9106         0.0000    -43210.9106    -43210.9106         0.0000          14395.7153     14354.8099    120171.0177     14395.7153     14354.8099

ENERGY:     528         0.0000         0.0000         0.0000         0.0000         -47210.9057      3996.6127         0.0000         0.0000         0.0000         -43214.2930         0.0000    -43214.2930    -43214.2930         0.0000          14420.1247     14378.1769    120171.0177     14420.1247     14378.1769

ENERGY:     529         0.0000         0.0000         0.0000         0.0000         -47220.1019      4012.2525         0.0000         0.0000         0.0000         -43207.8494         0.0000    -43207.8494    -43207.8494         0.0000          14459.6450     14415.6024    120171.0177     14459.6450     14415.6024

LINE MINIMIZER BRACKET: DX 0.0107306 0.0107306 DU -3.38238 6.44366 DUDX -747 127.621 1078.63 
ETITLE:      TS           BOND          ANGLE          DIHED          IMPRP               ELECT            VDW       BOUNDARY           MISC        KINETIC               TOTAL           TEMP      POTENTIAL         TOTAL3        TEMPAVG            PRESSURE      GPRESSURE         VOLUME       PRESSAVG      GPRESSAVG

ENERGY:     530         0.0000         0.0000         0.0000         0.0000         -47209.2677      3994.8570         0.0000         0.0000         0.0000         -43214.4108         0.0000    -43214.4108    -43214.4108         0.0000          14415.7281     14373.9928    120171.0177     14415.7281     14373.9928

LINE MINIMIZER BRACKET: DX 0.00918436 0.00154626 DU -3.50012 0.117743 DUDX -747 -3.51564 127.621 
ENERGY:     531         0.0000         0.0000         0.0000         0.0000         -47209.4368      3995.0272         0.0000         0.0000         0.0000         -43214.4096         0.0000    -43214.4096    -43214.4096         0.0000          14416.1575     14374.4020    120171.0177     14416.1575     14374.4020

LINE MINIMIZER BRACKET: DX 0.00918436 0.000154626 DU -3.50012 0.0011804 DUDX -747 -3.51564 9.37156 
ENERGY:     532         0.0000         0.0000         0.0000         0.0000         -47209.2943      3994.8837         0.0000         0.0000         0.0000         -43214.4105         0.0000    -43214.4105    -43214.4105         0.0000          14415.7963     14374.0580    120171.0177     14415.7963     14374.0580

LINE MINIMIZER BRACKET: DX 0.00918436 2.4378e-05 DU -3.50012 0.000214546 DUDX -747 -3.51564 -1.48493 
ENERGY:     533         0.0000         0.0000         0.0000         0.0000         -47209.2677      3994.8570         0.0000         0.0000         0.0000         -43214.4108         0.0000    -43214.4108    -43214.4108         0.0000          14415.7281     14373.9928    120171.0177     14415.7281     14373.9928

LINE MINIMIZER REDUCING GRADIENT FROM 1980.59 TO 1.98059
ENERGY:     534         0.0000         0.0000         0.0000         0.0000         -47231.0063      3999.0374         0.0000         0.0000         0.0000         -43231.9689         0.0000    -43231.9689    -43231.9689         0.0000          14425.6691     14383.5225    120171.0177     14425.6691     14383.5225

ENERGY:     535         0.0000         0.0000         0.0000         0.0000         -47245.7277      4009.2027         0.0000         0.0000         0.0000         -43236.5250         0.0000    -43236.5250    -43236.5250         0.0000          14451.9314     14408.8380    120171.0177     14451.9314     14408.8380

ENERGY:     536         0.0000         0.0000         0.0000         0.0000         -47253.3685      4025.9045         0.0000         0.0000         0.0000         -43227.4640         0.0000    -43227.4640    -43227.4640         0.0000          14495.8611     14451.2758    120171.0177     14495.8611     14451.2758

LINE MINIMIZER BRACKET: DX 0.0120928 0.0120928 DU -4.55602 9.06092 DUDX -921.956 168.582 1317.49 
ENERGY:     537         0.0000         0.0000         0.0000         0.0000         -47243.9564      4007.2249         0.0000         0.0000         0.0000         -43236.7315         0.0000    -43236.7315    -43236.7315         0.0000          14446.7904     14403.8812    120171.0177     14446.7904     14403.8812

LINE MINIMIZER BRACKET: DX 0.0102236 0.00186914 DU -4.76253 0.206511 DUDX -921.956 -7.94827 168.582 
ENERGY:     538         0.0000         0.0000         0.0000         0.0000         -47244.1463      4007.4159         0.0000         0.0000         0.0000         -43236.7304         0.0000    -43236.7304    -43236.7304         0.0000          14447.2871     14404.3603    120171.0177     14447.2871     14404.3603

LINE MINIMIZER BRACKET: DX 0.0102236 0.000186914 DU -4.76253 0.00109084 DUDX -921.956 -7.94827 9.18371 
ENERGY:     539         0.0000         0.0000         0.0000         0.0000         -47244.0104      4007.2798         0.0000         0.0000         0.0000         -43236.7306         0.0000    -43236.7306    -43236.7306         0.0000          14446.9369     14404.0226    120171.0177     14446.9369     14404.0226

LINE MINIMIZER BRACKET: DX 0.0102236 5.38891e-05 DU -4.76253 0.00089098 DUDX -921.956 -7.94827 -3.01005 
ETITLE:      TS           BOND          ANGLE          DIHED          IMPRP               ELECT            VDW       BOUNDARY           MISC        KINETIC               TOTAL           TEMP      POTENTIAL         TOTAL3        TEMPAVG            PRESSURE      GPRESSURE         VOLUME       PRESSAVG      GPRESSAVG

ENERGY:     540         0.0000         0.0000         0.0000         0.0000         -47243.9564      4007.2249         0.0000         0.0000         0.0000         -43236.7315         0.0000    -43236.7315    -43236.7315         0.0000          14446.7904     14403.8812    120171.0177     14446.7904     14403.8812

LINE MINIMIZER REDUCING GRADIENT FROM 2890.46 TO 2.89046
ENERGY:     541         0.0000         0.0000         0.0000         0.0000         -47257.8996      4010.7023         0.0000         0.0000         0.0000         -43247.1973         0.0000    -43247.1973    -43247.1973         0.0000          14455.7950     14413.3709    120171.0177     14455.7950     14413.3709

ENERGY:     542         0.0000         0.0000         0.0000         0.0000         -47270.7556      4019.0477         0.0000         0.0000         0.0000         -43251.7079         0.0000    -43251.7079    -43251.7079         0.0000          14476.8770     14433.4257    120171.0177     14476.8770     14433.4257

ENERGY:     543         0.0000         0.0000         0.0000         0.0000         -47282.6050      4034.3685         0.0000         0.0000         0.0000         -43248.2365         0.0000    -43248.2365    -43248.2365         0.0000          14514.8248     14467.9883    120171.0177     14514.8248     14467.9883

LINE MINIMIZER BRACKET: DX 0.00459871 0.00459871 DU -4.51064 3.47141 DUDX -1659.72 -239.38 1950.12 
ENERGY:     544         0.0000         0.0000         0.0000         0.0000         -47272.2339      4020.4514         0.0000         0.0000         0.0000         -43251.7824         0.0000    -43251.7824    -43251.7824         0.0000          14480.3885     14436.6840    120171.0177     14480.3885     14436.6840

LINE MINIMIZER BRACKET: DX 0.000553605 0.0040451 DU -0.0745424 3.54596 DUDX -239.38 -32.3942 1950.12 
ENERGY:     545         0.0000         0.0000         0.0000         0.0000         -47273.3061      4021.5419         0.0000         0.0000         0.0000         -43251.7642         0.0000    -43251.7642    -43251.7642         0.0000          14483.1055     14439.1941    120171.0177     14483.1055     14439.1941

LINE MINIMIZER BRACKET: DX 0.000553605 0.00040451 DU -0.0745424 0.0182444 DUDX -239.38 -32.3942 126.46 
ENERGY:     546         0.0000         0.0000         0.0000         0.0000         -47272.4571      4020.6747         0.0000         0.0000         0.0000         -43251.7824         0.0000    -43251.7824    -43251.7824         0.0000          14480.9512     14437.2050    120171.0177     14480.9512     14437.2050

LINE MINIMIZER BRACKET: DX 0.000553605 8.45442e-05 DU -0.0745424 1.85031e-05 DUDX -239.38 -32.3942 0.267048 
LINE MINIMIZER REDUCING GRADIENT FROM 4352.44 TO 4.35244
ENERGY:     547         0.0000         0.0000         0.0000         0.0000         -47293.0330      4026.0757         0.0000         0.0000         0.0000         -43266.9572         0.0000    -43266.9572    -43266.9572         0.0000          14495.9096     14453.8125    120171.0177     14495.9096     14453.8125

ENERGY:     548         0.0000         0.0000         0.0000         0.0000         -47309.9365      4036.6439         0.0000         0.0000         0.0000         -43273.2926         0.0000    -43273.2926    -43273.2926         0.0000          14524.2470     14482.8341    120171.0177     14524.2470     14482.8341

ENERGY:     549         0.0000         0.0000         0.0000         0.0000         -47323.1154      4053.3050         0.0000         0.0000         0.0000         -43269.8104         0.0000    -43269.8104    -43269.8104         0.0000          14568.2175     14526.4124    120171.0177     14568.2175     14526.4124

LINE MINIMIZER BRACKET: DX 0.00447107 0.00447107 DU -6.33534 3.48217 DUDX -2424.93 -369.808 2001.42 
ETITLE:      TS           BOND          ANGLE          DIHED          IMPRP               ELECT            VDW       BOUNDARY           MISC        KINETIC               TOTAL           TEMP      POTENTIAL         TOTAL3        TEMPAVG            PRESSURE      GPRESSURE         VOLUME       PRESSAVG      GPRESSAVG

ENERGY:     550         0.0000         0.0000         0.0000         0.0000         -47312.3155      4038.8772         0.0000         0.0000         0.0000         -43273.4382         0.0000    -43273.4382    -43273.4382         0.0000          14530.1925     14488.7953    120171.0177     14530.1925     14488.7953

LINE MINIMIZER BRACKET: DX 0.000719742 0.00375132 DU -0.145685 3.62786 DUDX -369.808 -16.881 2001.42 
ENERGY:     551         0.0000         0.0000         0.0000         0.0000         -47313.5186      4040.1052         0.0000         0.0000         0.0000         -43273.4134         0.0000    -43273.4134    -43273.4134         0.0000          14533.4342     14492.0349    120171.0177     14533.4342     14492.0349

LINE MINIMIZER BRACKET: DX 0.000719742 0.000375132 DU -0.145685 0.0248811 DUDX -369.808 -16.881 171.594 
ENERGY:     552         0.0000         0.0000         0.0000         0.0000         -47312.4387      4038.9998         0.0000         0.0000         0.0000         -43273.4390         0.0000    -43273.4390    -43273.4390         0.0000          14530.5163     14489.1192    120171.0177     14530.5163     14489.1192

LINE MINIMIZER BRACKET: DX 3.80532e-05 0.000337079 DU -0.000714963 0.0255961 DUDX -16.881 2.11214 171.594 
LINE MINIMIZER REDUCING GRADIENT FROM 4019.47 TO 4.01947
ENERGY:     553         0.0000         0.0000         0.0000         0.0000         -47330.4766      4042.6799         0.0000         0.0000         0.0000         -43287.7967         0.0000    -43287.7967    -43287.7967         0.0000          14541.0082     14500.9243    120171.0177     14541.0082     14500.9243

ENERGY:     554         0.0000         0.0000         0.0000         0.0000         -47345.5304      4050.7303         0.0000         0.0000         0.0000         -43294.8000         0.0000    -43294.8000    -43294.8000         0.0000          14562.8871     14523.2660    120171.0177     14562.8871     14523.2660

ENERGY:     555         0.0000         0.0000         0.0000         0.0000         -47357.5594      4063.2907         0.0000         0.0000         0.0000         -43294.2687         0.0000    -43294.2687    -43294.2687         0.0000          14596.4161     14556.5367    120171.0177     14596.4161     14556.5367

LINE MINIMIZER BRACKET: DX 0.00449978 0.00449978 DU -7.00337 0.531368 DUDX -2372.62 -737.395 1005.11 
ENERGY:     556         0.0000         0.0000         0.0000         0.0000         -47351.1000      4055.5637         0.0000         0.0000         0.0000         -43295.5363         0.0000    -43295.5363    -43295.5363         0.0000          14575.8102     14536.1631    120171.0177     14575.8102     14536.1631

LINE MINIMIZER BRACKET: DX 0.00193932 0.00256046 DU -0.736291 1.26766 DUDX -737.395 -6.55037 1005.11 
ENERGY:     557         0.0000         0.0000         0.0000         0.0000         -47351.7909      4056.2659         0.0000         0.0000         0.0000         -43295.5250         0.0000    -43295.5250    -43295.5250         0.0000          14577.6889     14538.0288    120171.0177     14577.6889     14538.0288

LINE MINIMIZER BRACKET: DX 0.00193932 0.000256046 DU -0.736291 0.0112987 DUDX -737.395 -6.55037 92.0024 
ENERGY:     558         0.0000         0.0000         0.0000         0.0000         -47351.1689      4055.6332         0.0000         0.0000         0.0000         -43295.5357         0.0000    -43295.5357    -43295.5357         0.0000          14575.9990     14536.3507    120171.0177     14575.9990     14536.3507

LINE MINIMIZER BRACKET: DX 0.00193932 2.56046e-05 DU -0.736291 0.000654763 DUDX -737.395 -6.55037 3.28742 
LINE MINIMIZER REDUCING GRADIENT FROM 4032.82 TO 4.03282
ENERGY:     559         0.0000         0.0000         0.0000         0.0000         -47366.8115      4058.6016         0.0000         0.0000         0.0000         -43308.2099         0.0000    -43308.2099    -43308.2099         0.0000          14585.0929     14546.9177    120171.0177     14585.0929     14546.9177

ETITLE:      TS           BOND          ANGLE          DIHED          IMPRP               ELECT            VDW       BOUNDARY           MISC        KINETIC               TOTAL           TEMP      POTENTIAL         TOTAL3        TEMPAVG            PRESSURE      GPRESSURE         VOLUME       PRESSAVG      GPRESSAVG

ENERGY:     560         0.0000         0.0000         0.0000         0.0000         -47378.7838      4067.0576         0.0000         0.0000         0.0000         -43311.7262         0.0000    -43311.7262    -43311.7262         0.0000          14608.1836     14570.2047    120171.0177     14608.1836     14570.2047

ENERGY:     561         0.0000         0.0000         0.0000         0.0000         -47386.9510      4080.9763         0.0000         0.0000         0.0000         -43305.9746         0.0000    -43305.9746    -43305.9746         0.0000          14645.3296     14606.5296    120171.0177     14645.3296     14606.5296

LINE MINIMIZER BRACKET: DX 0.00433724 0.00433724 DU -3.51636 5.75158 DUDX -1851.8 240.35 2454.54 
ENERGY:     562         0.0000         0.0000         0.0000         0.0000         -47377.6078      4065.8219         0.0000         0.0000         0.0000         -43311.7859         0.0000    -43311.7859    -43311.7859         0.0000          14604.8557     14566.9065    120171.0177     14604.8557     14566.9065

LINE MINIMIZER BRACKET: DX 0.00384135 0.000495894 DU -3.57606 0.0596976 DUDX -1851.8 -3.41811 240.35 
LINE MINIMIZER REDUCING GRADIENT FROM 5234.58 TO 5.23458
ENERGY:     563         0.0000         0.0000         0.0000         0.0000         -47391.7652      4067.4580         0.0000         0.0000         0.0000         -43324.3072         0.0000    -43324.3072    -43324.3072         0.0000          14611.1501     14575.1155    120171.0177     14611.1501     14575.1155

ENERGY:     564         0.0000         0.0000         0.0000         0.0000         -47402.0327      4074.5636         0.0000         0.0000         0.0000         -43327.4691         0.0000    -43327.4691    -43327.4691         0.0000          14631.4853     14596.3087    120171.0177     14631.4853     14596.3087

ENERGY:     565         0.0000         0.0000         0.0000         0.0000         -47408.2574      4086.2183         0.0000         0.0000         0.0000         -43322.0391         0.0000    -43322.0391    -43322.0391         0.0000          14663.7349     14628.9512    120171.0177     14663.7349     14628.9512

LINE MINIMIZER BRACKET: DX 0.00340563 0.00340563 DU -3.16191 5.43 DUDX -2236.04 344.425 2853.68 
ENERGY:     566         0.0000         0.0000         0.0000         0.0000         -47400.8864      4073.3281         0.0000         0.0000         0.0000         -43327.5583         0.0000    -43327.5583    -43327.5583         0.0000          14628.0118     14592.7553    120171.0177     14628.0118     14592.7553

LINE MINIMIZER BRACKET: DX 0.00294486 0.000460766 DU -3.2511 0.0891948 DUDX -2236.04 2.84202 344.425 
LINE MINIMIZER REDUCING GRADIENT FROM 4046.37 TO 4.04637
ENERGY:     567         0.0000         0.0000         0.0000         0.0000         -47419.3434      4077.5368         0.0000         0.0000         0.0000         -43341.8067         0.0000    -43341.8067    -43341.8067         0.0000          14640.3715     14605.8082    120171.0177     14640.3715     14605.8082

ENERGY:     568         0.0000         0.0000         0.0000         0.0000         -47431.8878      4087.2981         0.0000         0.0000         0.0000         -43344.5898         0.0000    -43344.5898    -43344.5898         0.0000          14667.4494     14632.9250    120171.0177     14667.4494     14632.9250

ENERGY:     569         0.0000         0.0000         0.0000         0.0000         -47438.4400      4103.1956         0.0000         0.0000         0.0000         -43335.2444         0.0000    -43335.2444    -43335.2444         0.0000          14710.7449     14675.5783    120171.0177     14710.7449     14675.5783

LINE MINIMIZER BRACKET: DX 0.0049123 0.0049123 DU -2.78312 9.34541 DUDX -1747.04 642.753 3204.14 
ETITLE:      TS           BOND          ANGLE          DIHED          IMPRP               ELECT            VDW       BOUNDARY           MISC        KINETIC               TOTAL           TEMP      POTENTIAL         TOTAL3        TEMPAVG            PRESSURE      GPRESSURE         VOLUME       PRESSAVG      GPRESSAVG

ENERGY:     570         0.0000         0.0000         0.0000         0.0000         -47429.1469      4084.1382         0.0000         0.0000         0.0000         -43345.0087         0.0000    -43345.0087    -43345.0087         0.0000          14658.7450     14624.2744    120171.0177     14658.7450     14624.2744

LINE MINIMIZER BRACKET: DX 0.00360685 0.00130545 DU -3.20202 0.418904 DUDX -1747.04 -8.71775 642.753 
ENERGY:     571         0.0000         0.0000         0.0000         0.0000         -47429.4390      4084.4354         0.0000         0.0000         0.0000         -43345.0036         0.0000    -43345.0036    -43345.0036         0.0000          14659.5746     14625.1009    120171.0177     14659.5746     14625.1009

LINE MINIMIZER BRACKET: DX 0.00360685 0.000130545 DU -3.20202 0.00506721 DUDX -1747.04 -8.71775 55.66 
ENERGY:     572         0.0000         0.0000         0.0000         0.0000         -47429.1760      4084.1677         0.0000         0.0000         0.0000         -43345.0083         0.0000    -43345.0083    -43345.0083         0.0000          14658.8285     14624.3576    120171.0177     14658.8285     14624.3576

LINE MINIMIZER BRACKET: DX 0.00360685 1.30545e-05 DU -3.20202 0.000414883 DUDX -1747.04 -8.71775 -2.2861 
ENERGY:     573         0.0000         0.0000         0.0000         0.0000         -47429.1469      4084.1382         0.0000         0.0000         0.0000         -43345.0087         0.0000    -43345.0087    -43345.0087         0.0000          14658.7450     14624.2744    120171.0177     14658.7450     14624.2744

LINE MINIMIZER REDUCING GRADIENT FROM 3894.24 TO 3.89424
ENERGY:     574         0.0000         0.0000         0.0000         0.0000         -47446.9961      4087.4269         0.0000         0.0000         0.0000         -43359.5692         0.0000    -43359.5692    -43359.5692         0.0000          14669.6575     14635.6381    120171.0177     14669.6575     14635.6381

ENERGY:     575         0.0000         0.0000         0.0000         0.0000         -47458.4728      4095.4571         0.0000         0.0000         0.0000         -43363.0157         0.0000    -43363.0157    -43363.0157         0.0000          14693.5044     14659.5122    120171.0177     14693.5044     14659.5122

ENERGY:     576         0.0000         0.0000         0.0000         0.0000         -47463.5176      4108.6340         0.0000         0.0000         0.0000         -43354.8836         0.0000    -43354.8836    -43354.8836         0.0000          14731.2850     14696.9434    120171.0177     14731.2850     14696.9434

LINE MINIMIZER BRACKET: DX 0.0051459 0.0051459 DU -3.44651 8.13214 DUDX -1758.62 446.379 2770.56 
ENERGY:     577         0.0000         0.0000         0.0000         0.0000         -47456.7164      4093.4589         0.0000         0.0000         0.0000         -43363.2575         0.0000    -43363.2575    -43363.2575         0.0000          14687.6426     14653.6737    120171.0177     14687.6426     14653.6737

LINE MINIMIZER BRACKET: DX 0.00411689 0.001029 DU -3.68832 0.241808 DUDX -1758.62 -6.26142 446.379 
ENERGY:     578         0.0000         0.0000         0.0000         0.0000         -47456.9043      4093.6498         0.0000         0.0000         0.0000         -43363.2545         0.0000    -43363.2545    -43363.2545         0.0000          14688.2109     14654.2404    120171.0177     14688.2109     14654.2404

LINE MINIMIZER BRACKET: DX 0.00411689 0.0001029 DU -3.68832 0.00303845 DUDX -1758.62 -6.26142 38.4136 
ENERGY:     579         0.0000         0.0000         0.0000         0.0000         -47456.7354      4093.4779         0.0000         0.0000         0.0000         -43363.2575         0.0000    -43363.2575    -43363.2575         0.0000          14687.6986     14653.7296    120171.0177     14687.6986     14653.7296

LINE MINIMIZER BRACKET: DX 1.029e-05 9.26104e-05 DU -2.3697e-05 0.00306215 DUDX -6.26142 -1.79685 38.4136 
LINE MINIMIZER REDUCING GRADIENT FROM 4238.86 TO 4.23886
ETITLE:      TS           BOND          ANGLE          DIHED          IMPRP               ELECT            VDW       BOUNDARY           MISC        KINETIC               TOTAL           TEMP      POTENTIAL         TOTAL3        TEMPAVG            PRESSURE      GPRESSURE         VOLUME       PRESSAVG      GPRESSAVG

ENERGY:     580         0.0000         0.0000         0.0000         0.0000         -47474.0550      4096.9756         0.0000         0.0000         0.0000         -43377.0793         0.0000    -43377.0793    -43377.0793         0.0000          14699.1943     14664.7158    120171.0177     14699.1943     14664.7158

ENERGY:     581         0.0000         0.0000         0.0000         0.0000         -47486.2427      4105.3807         0.0000         0.0000         0.0000         -43380.8620         0.0000    -43380.8620    -43380.8620         0.0000          14723.7067     14688.2577    120171.0177     14723.7067     14688.2577

ENERGY:     582         0.0000         0.0000         0.0000         0.0000         -47493.2120      4119.7478         0.0000         0.0000         0.0000         -43373.4643         0.0000    -43373.4643    -43373.4643         0.0000          14763.8513     14726.7563    120171.0177     14763.8513     14726.7563

LINE MINIMIZER BRACKET: DX 0.0043868 0.0043868 DU -3.78271 7.39776 DUDX -2036.03 369.518 3093.67 
ENERGY:     583         0.0000         0.0000         0.0000         0.0000         -47484.7511      4103.7734         0.0000         0.0000         0.0000         -43380.9777         0.0000    -43380.9777    -43380.9777         0.0000          14719.0925     14683.8268    120171.0177     14719.0925     14683.8268

LINE MINIMIZER BRACKET: DX 0.00372883 0.000657975 DU -3.89839 0.11568 DUDX -2036.03 -10.6139 369.518 
ENERGY:     584         0.0000         0.0000         0.0000         0.0000         -47484.9048      4103.9284         0.0000         0.0000         0.0000         -43380.9764         0.0000    -43380.9764    -43380.9764         0.0000          14719.5427     14684.2594    120171.0177     14719.5427     14684.2594

LINE MINIMIZER BRACKET: DX 0.00372883 6.57975e-05 DU -3.89839 0.00135664 DUDX -2036.03 -10.6139 26.8504 
ENERGY:     585         0.0000         0.0000         0.0000         0.0000         -47484.7779      4103.7996         0.0000         0.0000         0.0000         -43380.9783         0.0000    -43380.9783    -43380.9783         0.0000          14719.1664     14683.8977    120171.0177     14719.1664     14683.8977

LINE MINIMIZER BRACKET: DX 1.11802e-05 5.46173e-05 DU -0.00060822 0.00196486 DUDX -10.6139 -4.25372 26.8504 
ENERGY:     586         0.0000         0.0000         0.0000         0.0000         -47484.7908      4103.8124         0.0000         0.0000         0.0000         -43380.9783         0.0000    -43380.9783    -43380.9783         0.0000          14719.2032     14683.9331    120171.0177     14719.2032     14683.9331

LINE MINIMIZER BRACKET: DX 5.46173e-06 4.91556e-05 DU -1.81768e-05 0.00198304 DUDX -4.25372 -1.14577 26.8504 
LINE MINIMIZER REDUCING GRADIENT FROM 3904.35 TO 3.90435
ENERGY:     587         0.0000         0.0000         0.0000         0.0000         -47502.4455      4109.1689         0.0000         0.0000         0.0000         -43393.2766         0.0000    -43393.2766    -43393.2766         0.0000          14735.1346     14698.6587    120171.0177     14735.1346     14698.6587

ENERGY:     588         0.0000         0.0000         0.0000         0.0000         -47513.4029      4119.1456         0.0000         0.0000         0.0000         -43394.2573         0.0000    -43394.2573    -43394.2573         0.0000          14763.7669     14725.8523    120171.0177     14763.7669     14725.8523

ENERGY:     589         0.0000         0.0000         0.0000         0.0000         -47517.6125      4134.5017         0.0000         0.0000         0.0000         -43383.1109         0.0000    -43383.1109    -43383.1109         0.0000          14806.7958     14767.1420    120171.0177     14806.7958     14767.1420

LINE MINIMIZER BRACKET: DX 0.00453688 0.00453688 DU -0.980711 11.1464 DUDX -1487.28 1093.02 3886.7 
ETITLE:      TS           BOND          ANGLE          DIHED          IMPRP               ELECT            VDW       BOUNDARY           MISC        KINETIC               TOTAL           TEMP      POTENTIAL         TOTAL3        TEMPAVG            PRESSURE      GPRESSURE         VOLUME       PRESSAVG      GPRESSAVG

ENERGY:     590         0.0000         0.0000         0.0000         0.0000         -47509.6585      4114.3770         0.0000         0.0000         0.0000         -43395.2816         0.0000    -43395.2816    -43395.2816         0.0000          14750.1628     14712.8878    120171.0177     14750.1628     14712.8878

LINE MINIMIZER BRACKET: DX 0.00264299 0.00189389 DU -2.00496 1.02425 DUDX -1487.28 -15.4464 1093.02 
ENERGY:     591         0.0000         0.0000         0.0000         0.0000         -47510.0894      4114.8137         0.0000         0.0000         0.0000         -43395.2757         0.0000    -43395.2757    -43395.2757         0.0000          14751.4097     14714.0735    120171.0177     14751.4097     14714.0735

LINE MINIMIZER BRACKET: DX 0.00264299 0.000189389 DU -2.00496 0.00583354 DUDX -1487.28 -15.4464 93.0633 
ENERGY:     592         0.0000         0.0000         0.0000         0.0000         -47509.7320      4114.4493         0.0000         0.0000         0.0000         -43395.2828         0.0000    -43395.2828    -43395.2828         0.0000          14750.3662     14713.0810    120171.0177     14750.3662     14713.0810

LINE MINIMIZER BRACKET: DX 3.16269e-05 0.000157762 DU -0.00119632 0.00702986 DUDX -15.4464 2.64268 93.0633 
LINE MINIMIZER REDUCING GRADIENT FROM 3852.45 TO 3.85245
ENERGY:     593         0.0000         0.0000         0.0000         0.0000         -47527.0877      4119.9219         0.0000         0.0000         0.0000         -43407.1658         0.0000    -43407.1658    -43407.1658         0.0000          14766.8379     14728.6344    120171.0177     14766.8379     14728.6344

ENERGY:     594         0.0000         0.0000         0.0000         0.0000         -47537.5191      4130.6068         0.0000         0.0000         0.0000         -43406.9123         0.0000    -43406.9123    -43406.9123         0.0000          14797.3459     14757.6550    120171.0177     14797.3459     14757.6550

LINE MINIMIZER BRACKET: DX 0.00461028 0.00461028 DU -11.8831 0.253498 DUDX -3852.45 -1281.29 1436.83 
ENERGY:     595         0.0000         0.0000         0.0000         0.0000         -47532.9666      4124.3560         0.0000         0.0000         0.0000         -43408.6106         0.0000    -43408.6106    -43408.6106         0.0000          14779.5989     14740.7598    120171.0177     14779.5989     14740.7598

LINE MINIMIZER BRACKET: DX 0.00221029 0.00239999 DU -1.44479 1.69829 DUDX -1281.29 -2.07806 1436.83 
MINIMIZER RESTARTING CONJUGATE GRADIENT ALGORITHM
LINE MINIMIZER REDUCING GRADIENT FROM 4145.02 TO 4.14502
ENERGY:     596         0.0000         0.0000         0.0000         0.0000         -47545.0627      4115.4642         0.0000         0.0000         0.0000         -43429.5984         0.0000    -43429.5984    -43429.5984         0.0000          14755.5158     14717.6996    120171.0177     14755.5158     14717.6996

ENERGY:     597         0.0000         0.0000         0.0000         0.0000         -47547.5836      4115.9720         0.0000         0.0000         0.0000         -43431.6116         0.0000    -43431.6116    -43431.6116         0.0000          14756.2817     14717.9870    120171.0177     14756.2817     14717.9870

ENERGY:     598         0.0000         0.0000         0.0000         0.0000         -47540.6209      4123.9231         0.0000         0.0000         0.0000         -43416.6978         0.0000    -43416.6978    -43416.6978         0.0000          14777.1670     14737.4980    120171.0177     14777.1670     14737.4980

LINE MINIMIZER BRACKET: DX 0.00761223 0.00761223 DU -2.01314 14.9137 DUDX -1448.37 890.999 3029.85 
ENERGY:     599         0.0000         0.0000         0.0000         0.0000         -47547.8941      4114.8211         0.0000         0.0000         0.0000         -43433.0729         0.0000    -43433.0729    -43433.0729         0.0000          14753.3933     14715.3977    120171.0177     14753.3933     14715.3977

LINE MINIMIZER BRACKET: DX 0.00467726 0.00293497 DU -3.47453 1.46138 DUDX -1448.37 -6.44631 890.999 
Info: Benchmark time: 4 CPUs 0.010342 s/step 0.119699 days/ns 280.039 MB memory
ETITLE:      TS           BOND          ANGLE          DIHED          IMPRP               ELECT            VDW       BOUNDARY           MISC        KINETIC               TOTAL           TEMP      POTENTIAL         TOTAL3        TEMPAVG            PRESSURE      GPRESSURE         VOLUME       PRESSAVG      GPRESSAVG

ENERGY:     600         0.0000         0.0000         0.0000         0.0000         -47547.9475      4114.8847         0.0000         0.0000         0.0000         -43433.0627         0.0000    -43433.0627    -43433.0627         0.0000          14753.5397     14715.5194    120171.0177     14753.5397     14715.5194

LINE MINIMIZER BRACKET: DX 0.00467726 0.000293497 DU -3.47453 0.0102002 DUDX -1448.37 -6.44631 82.5586 
ENERGY:     601         0.0000         0.0000         0.0000         0.0000         -47547.9003      4114.8270         0.0000         0.0000         0.0000         -43433.0734         0.0000    -43433.0734    -43433.0734         0.0000          14753.4055     14715.4075    120171.0177     14753.4055     14715.4075

LINE MINIMIZER BRACKET: DX 2.93497e-05 0.000264148 DU -0.000422314 0.0106225 DUDX -6.44631 2.45667 82.5586 
LINE MINIMIZER REDUCING GRADIENT FROM 3197.28 TO 3.19728
ENERGY:     602         0.0000         0.0000         0.0000         0.0000         -47563.5266      4110.6384         0.0000         0.0000         0.0000         -43452.8883         0.0000    -43452.8883    -43452.8883         0.0000          14741.2712     14703.8172    120171.0177     14741.2712     14703.8172

ENERGY:     603         0.0000         0.0000         0.0000         0.0000         -47574.4327      4114.7209         0.0000         0.0000         0.0000         -43459.7118         0.0000    -43459.7118    -43459.7118         0.0000          14750.3255     14712.0902    120171.0177     14750.3255     14712.0902

ENERGY:     604         0.0000         0.0000         0.0000         0.0000         -47580.6532      4127.1202         0.0000         0.0000         0.0000         -43453.5330         0.0000    -43453.5330    -43453.5330         0.0000          14780.7030     14740.2405    120171.0177     14780.7030     14740.2405

LINE MINIMIZER BRACKET: DX 0.00835686 0.00835686 DU -6.8235 6.1788 DUDX -1576.2 -49.3283 1569.28 
ENERGY:     605         0.0000         0.0000         0.0000         0.0000         -47575.2786      4115.5712         0.0000         0.0000         0.0000         -43459.7074         0.0000    -43459.7074    -43459.7074         0.0000          14752.3602     14713.9750    120171.0177     14752.3602     14713.9750

LINE MINIMIZER BRACKET: DX 0.00835686 0.000835686 DU -6.8235 0.00442609 DUDX -1576.2 -49.3283 103.356 
ENERGY:     606         0.0000         0.0000         0.0000         0.0000         -47574.8274      4115.0944         0.0000         0.0000         0.0000         -43459.7330         0.0000    -43459.7330    -43459.7330         0.0000          14751.2145     14712.9132    120171.0177     14751.2145     14712.9132

LINE MINIMIZER BRACKET: DX 0.000377329 0.000458357 DU -0.0212329 0.025659 DUDX -49.3283 18.4579 103.356 
ENERGY:     607         0.0000         0.0000         0.0000         0.0000         -47574.7807      4115.0473         0.0000         0.0000         0.0000         -43459.7334         0.0000    -43459.7334    -43459.7334         0.0000          14751.1018     14712.8088    120171.0177     14751.1018     14712.8088

LINE MINIMIZER BRACKET: DX 0.00033073 4.65994e-05 DU -0.0216233 0.000390351 DUDX -49.3283 9.84348 18.4579 
ENERGY:     608         0.0000         0.0000         0.0000         0.0000         -47574.7481      4115.0140         0.0000         0.0000         0.0000         -43459.7341         0.0000    -43459.7341    -43459.7341         0.0000          14751.0197     14712.7326    120171.0177     14751.0197     14712.7326

LINE MINIMIZER BRACKET: DX 0.000297657 3.3073e-05 DU -0.022255 0.000631734 DUDX -49.3283 3.73028 9.84348 
ENERGY:     609         0.0000         0.0000         0.0000         0.0000         -47574.7173      4114.9842         0.0000         0.0000         0.0000         -43459.7331         0.0000    -43459.7331    -43459.7331         0.0000          14750.9513     14712.6695    120171.0177     14750.9513     14712.6695

LINE MINIMIZER BRACKET: DX 2.97657e-05 3.3073e-05 DU -0.000955214 0.000631734 DUDX -1.77001 3.73028 9.84348 
LINE MINIMIZER REDUCING GRADIENT FROM 2636.75 TO 2.63675
ETITLE:      TS           BOND          ANGLE          DIHED          IMPRP               ELECT            VDW       BOUNDARY           MISC        KINETIC               TOTAL           TEMP      POTENTIAL         TOTAL3        TEMPAVG            PRESSURE      GPRESSURE         VOLUME       PRESSAVG      GPRESSAVG

ENERGY:     610         0.0000         0.0000         0.0000         0.0000         -47592.4694      4117.0696         0.0000         0.0000         0.0000         -43475.3997         0.0000    -43475.3997    -43475.3997         0.0000          14755.0728     14716.8854    120171.0177     14755.0728     14716.8854

ENERGY:     611         0.0000         0.0000         0.0000         0.0000         -47604.7441      4126.3060         0.0000         0.0000         0.0000         -43478.4380         0.0000    -43478.4380    -43478.4380         0.0000          14777.7792     14738.3911    120171.0177     14777.7792     14738.3911

ENERGY:     612         0.0000         0.0000         0.0000         0.0000         -47611.3899      4141.8575         0.0000         0.0000         0.0000         -43469.5324         0.0000    -43469.5324    -43469.5324         0.0000          14817.0585     14775.5136    120171.0177     14817.0585     14775.5136

LINE MINIMIZER BRACKET: DX 0.00853066 0.00853066 DU -3.0383 8.90561 DUDX -1072.17 348.694 1738.65 
ENERGY:     613         0.0000         0.0000         0.0000         0.0000         -47602.2437      4123.4158         0.0000         0.0000         0.0000         -43478.8279         0.0000    -43478.8279    -43478.8279         0.0000          14770.5709     14731.5753    120171.0177     14770.5709     14731.5753

LINE MINIMIZER BRACKET: DX 0.0064206 0.00211007 DU -3.42821 0.389905 DUDX -1072.17 0.152396 348.694 
LINE MINIMIZER REDUCING GRADIENT FROM 2100.07 TO 2.10007
ENERGY:     614         0.0000         0.0000         0.0000         0.0000         -47616.0436      4125.0238         0.0000         0.0000         0.0000         -43491.0197         0.0000    -43491.0197    -43491.0197         0.0000          14773.5513     14733.9855    120171.0177     14773.5513     14733.9855

ENERGY:     615         0.0000         0.0000         0.0000         0.0000         -47626.5387      4130.6364         0.0000         0.0000         0.0000         -43495.9023         0.0000    -43495.9023    -43495.9023         0.0000          14786.9134     14746.0857    120171.0177     14786.9134     14746.0857

ENERGY:     616         0.0000         0.0000         0.0000         0.0000         -47633.7239      4140.5559         0.0000         0.0000         0.0000         -43493.1679         0.0000    -43493.1679    -43493.1679         0.0000          14811.3810     14768.4356    120171.0177     14811.3810     14768.4356

LINE MINIMIZER BRACKET: DX 0.00753958 0.00753958 DU -4.88257 2.73438 DUDX -1134.63 -151.32 896.09 
ENERGY:     617         0.0000         0.0000         0.0000         0.0000         -47627.8078      4131.8144         0.0000         0.0000         0.0000         -43495.9934         0.0000    -43495.9934    -43495.9934         0.0000          14789.7891     14748.7091    120171.0177     14789.7891     14748.7091

LINE MINIMIZER BRACKET: DX 0.00110984 0.00642974 DU -0.091119 2.82549 DUDX -151.32 -3.00819 896.09 
ENERGY:     618         0.0000         0.0000         0.0000         0.0000         -47628.5100      4132.5397         0.0000         0.0000         0.0000         -43495.9703         0.0000    -43495.9703    -43495.9703         0.0000          14791.5590     14750.3241    120171.0177     14791.5590     14750.3241

LINE MINIMIZER BRACKET: DX 0.00110984 0.000642974 DU -0.091119 0.0231228 DUDX -151.32 -3.00819 84.0088 
ENERGY:     619         0.0000         0.0000         0.0000         0.0000         -47627.8793      4131.8855         0.0000         0.0000         0.0000         -43495.9939         0.0000    -43495.9939    -43495.9939         0.0000          14789.9617     14748.8665    120171.0177     14789.9617     14748.8665

LINE MINIMIZER BRACKET: DX 6.42974e-05 0.000578677 DU -0.000438681 0.0235615 DUDX -3.00819 5.66451 84.0088 
ETITLE:      TS           BOND          ANGLE          DIHED          IMPRP               ELECT            VDW       BOUNDARY           MISC        KINETIC               TOTAL           TEMP      POTENTIAL         TOTAL3        TEMPAVG            PRESSURE      GPRESSURE         VOLUME       PRESSAVG      GPRESSAVG

ENERGY:     620         0.0000         0.0000         0.0000         0.0000         -47627.8631      4131.8693         0.0000         0.0000         0.0000         -43495.9937         0.0000    -43495.9937    -43495.9937         0.0000          14789.9227     14748.8310    120171.0177     14789.9227     14748.8310

LINE MINIMIZER BRACKET: DX 1.45835e-05 0.000578677 DU -0.000125298 0.0235615 DUDX 3.69588 5.66451 84.0088 
ENERGY:     621         0.0000         0.0000         0.0000         0.0000         -47627.8793      4131.8855         0.0000         0.0000         0.0000         -43495.9939         0.0000    -43495.9939    -43495.9939         0.0000          14789.9616     14748.8665    120171.0177     14789.9616     14748.8665

LINE MINIMIZER REDUCING GRADIENT FROM 1870.2 TO 1.8702
ENERGY:     622         0.0000         0.0000         0.0000         0.0000         -47638.0881      4131.5515         0.0000         0.0000         0.0000         -43506.5366         0.0000    -43506.5366    -43506.5366         0.0000          14788.4388     14747.2174    120171.0177     14788.4388     14747.2174

ENERGY:     623         0.0000         0.0000         0.0000         0.0000         -47645.4721      4136.2195         0.0000         0.0000         0.0000         -43509.2527         0.0000    -43509.2527    -43509.2527         0.0000          14799.6114     14757.1002    120171.0177     14799.6114     14757.1002

ENERGY:     624         0.0000         0.0000         0.0000         0.0000         -47649.9622      4145.8150         0.0000         0.0000         0.0000         -43504.1472         0.0000    -43504.1472    -43504.1472         0.0000          14823.3123     14778.3299    120171.0177     14823.3123     14778.3299

LINE MINIMIZER BRACKET: DX 0.00787189 0.00787189 DU -2.71602 5.10547 DUDX -832.985 141.311 1168.35 
ENERGY:     625         0.0000         0.0000         0.0000         0.0000         -47644.5865      4135.2444         0.0000         0.0000         0.0000         -43509.3421         0.0000    -43509.3421    -43509.3421         0.0000          14797.2162     14754.9611    120171.0177     14797.2162     14754.9611

LINE MINIMIZER BRACKET: DX 0.00672826 0.00114363 DU -2.80547 0.0894508 DUDX -832.985 -2.06701 141.311 
ENERGY:     626         0.0000         0.0000         0.0000         0.0000         -47644.6789      4135.3374         0.0000         0.0000         0.0000         -43509.3415         0.0000    -43509.3415    -43509.3415         0.0000          14797.4422     14755.1627    120171.0177     14797.4422     14755.1627

LINE MINIMIZER BRACKET: DX 0.00672826 0.000114363 DU -2.80547 0.000572923 DUDX -832.985 -2.06701 12.1402 
ENERGY:     627         0.0000         0.0000         0.0000         0.0000         -47644.5996      4135.2579         0.0000         0.0000         0.0000         -43509.3417         0.0000    -43509.3417    -43509.3417         0.0000          14797.2510     14754.9924    120171.0177     14797.2510     14754.9924

LINE MINIMIZER BRACKET: DX 0.00672826 1.67019e-05 DU -2.80547 0.00042814 DUDX -832.985 -2.06701 0.00783237 
LINE MINIMIZER REDUCING GRADIENT FROM 2541.89 TO 2.54189
ENERGY:     628         0.0000         0.0000         0.0000         0.0000         -47651.2394      4134.5151         0.0000         0.0000         0.0000         -43516.7243         0.0000    -43516.7243    -43516.7243         0.0000          14795.5691     14754.1591    120171.0177     14795.5691     14754.1591

ENERGY:     629         0.0000         0.0000         0.0000         0.0000         -47656.6438      4138.3426         0.0000         0.0000         0.0000         -43518.3012         0.0000    -43518.3012    -43518.3012         0.0000          14805.1836     14763.2724    120171.0177     14805.1836     14763.2724

ETITLE:      TS           BOND          ANGLE          DIHED          IMPRP               ELECT            VDW       BOUNDARY           MISC        KINETIC               TOTAL           TEMP      POTENTIAL         TOTAL3        TEMPAVG            PRESSURE      GPRESSURE         VOLUME       PRESSAVG      GPRESSAVG

ENERGY:     630         0.0000         0.0000         0.0000         0.0000         -47660.6320      4145.5207         0.0000         0.0000         0.0000         -43515.1113         0.0000    -43515.1113    -43515.1113         0.0000          14823.2262     14779.9852    120171.0177     14823.2262     14779.9852

LINE MINIMIZER BRACKET: DX 0.0043453 0.0043453 DU -1.57691 3.18983 DUDX -965.535 200.223 1252.52 
ENERGY:     631         0.0000         0.0000         0.0000         0.0000         -47655.7806      4137.3984         0.0000         0.0000         0.0000         -43518.3823         0.0000    -43518.3823    -43518.3823         0.0000          14802.8238     14761.0701    120171.0177     14802.8238     14761.0701

LINE MINIMIZER BRACKET: DX 0.0035728 0.000772506 DU -1.65802 0.0811186 DUDX -965.535 6.28346 200.223 
ENERGY:     632         0.0000         0.0000         0.0000         0.0000         -47655.3674      4136.9977         0.0000         0.0000         0.0000         -43518.3697         0.0000    -43518.3697    -43518.3697         0.0000          14801.8159     14760.1263    120171.0177     14801.8159     14760.1263

LINE MINIMIZER BRACKET: DX 0.00035728 0.000772506 DU -0.0125954 0.0811186 DUDX -84.6129 6.28346 200.223 
ENERGY:     633         0.0000         0.0000         0.0000         0.0000         -47655.7393      4137.3573         0.0000         0.0000         0.0000         -43518.3820         0.0000    -43518.3820    -43518.3820         0.0000          14802.7225     14760.9754    120171.0177     14802.7225     14760.9754

LINE MINIMIZER BRACKET: DX 3.5728e-05 0.000772506 DU -0.000280041 0.0811186 DUDX -2.76384 6.28346 200.223 
ENERGY:     634         0.0000         0.0000         0.0000         0.0000         -47655.7716      4137.3892         0.0000         0.0000         0.0000         -43518.3824         0.0000    -43518.3824    -43518.3824         0.0000          14802.8007     14761.0484    120171.0177     14802.8007     14761.0484

LINE MINIMIZER BRACKET: DX 2.77793e-05 7.94865e-06 DU -0.000370353 9.03121e-05 DUDX -2.76384 4.26962 6.28346 
ENERGY:     635         0.0000         0.0000         0.0000         0.0000         -47655.7676      4137.3853         0.0000         0.0000         0.0000         -43518.3823         0.0000    -43518.3823    -43518.3823         0.0000          14802.7914     14761.0398    120171.0177     14802.7914     14761.0398

LINE MINIMIZER BRACKET: DX 3.36922e-06 7.94865e-06 DU -7.52041e-05 9.03121e-05 DUDX 3.41706 4.26962 6.28346 
ENERGY:     636         0.0000         0.0000         0.0000         0.0000         -47655.7716      4137.3892         0.0000         0.0000         0.0000         -43518.3824         0.0000    -43518.3824    -43518.3824         0.0000          14802.8007     14761.0484    120171.0177     14802.8007     14761.0484

LINE MINIMIZER REDUCING GRADIENT FROM 2174.75 TO 2.17475
ENERGY:     637         0.0000         0.0000         0.0000         0.0000         -47668.6170      4139.8388         0.0000         0.0000         0.0000         -43528.7782         0.0000    -43528.7782    -43528.7782         0.0000          14808.7482     14767.3146    120171.0177     14808.7482     14767.3146

ENERGY:     638         0.0000         0.0000         0.0000         0.0000         -47677.6043      4147.9630         0.0000         0.0000         0.0000         -43529.6413         0.0000    -43529.6413    -43529.6413         0.0000          14829.3003     14786.8582    120171.0177     14829.3003     14786.8582

ENERGY:     639         0.0000         0.0000         0.0000         0.0000         -47682.7638      4162.7712         0.0000         0.0000         0.0000         -43519.9927         0.0000    -43519.9927    -43519.9927         0.0000          14866.7804     14821.6630    120171.0177     14866.7804     14821.6630

LINE MINIMIZER BRACKET: DX 0.00694613 0.00694613 DU -0.863059 9.6486 DUDX -819.549 595.265 2253.93 
ETITLE:      TS           BOND          ANGLE          DIHED          IMPRP               ELECT            VDW       BOUNDARY           MISC        KINETIC               TOTAL           TEMP      POTENTIAL         TOTAL3        TEMPAVG            PRESSURE      GPRESSURE         VOLUME       PRESSAVG      GPRESSAVG

ENERGY:     640         0.0000         0.0000         0.0000         0.0000         -47674.3729      4143.8808         0.0000         0.0000         0.0000         -43530.4921         0.0000    -43530.4921    -43530.4921         0.0000          14818.9405     14777.0890    120171.0177     14818.9405     14777.0890

LINE MINIMIZER BRACKET: DX 0.00407281 0.00287331 DU -1.71389 0.850832 DUDX -819.549 -10.6471 595.265 
ENERGY:     641         0.0000         0.0000         0.0000         0.0000         -47674.7261      4144.2417         0.0000         0.0000         0.0000         -43530.4845         0.0000    -43530.4845    -43530.4845         0.0000          14819.8640     14777.9650    120171.0177     14819.8640     14777.9650

LINE MINIMIZER BRACKET: DX 0.00407281 0.000287331 DU -1.71389 0.00764618 DUDX -819.549 -10.6471 48.2422 
ENERGY:     642         0.0000         0.0000         0.0000         0.0000         -47674.4242      4143.9318         0.0000         0.0000         0.0000         -43530.4925         0.0000    -43530.4925    -43530.4925         0.0000          14819.0690     14777.2108    120171.0177     14819.0690     14777.2108

LINE MINIMIZER BRACKET: DX 4.10547e-05 0.000246277 DU -0.000376212 0.0080224 DUDX -10.6471 -2.24961 48.2422 
ENERGY:     643         0.0000         0.0000         0.0000         0.0000         -47674.4546      4143.9624         0.0000         0.0000         0.0000         -43530.4922         0.0000    -43530.4922    -43530.4922         0.0000          14819.1479     14777.2859    120171.0177     14819.1479     14777.2859

LINE MINIMIZER BRACKET: DX 4.10547e-05 2.46277e-05 DU -0.000376212 0.000334086 DUDX -10.6471 -2.24961 2.79115 
ENERGY:     644         0.0000         0.0000         0.0000         0.0000         -47674.4273      4143.9348         0.0000         0.0000         0.0000         -43530.4925         0.0000    -43530.4925    -43530.4925         0.0000          14819.0769     14777.2184    120171.0177     14819.0769     14777.2184

LINE MINIMIZER BRACKET: DX 4.10547e-05 2.46277e-06 DU -0.000376212 3.36942e-05 DUDX -10.6471 -2.24961 -1.74538 
ENERGY:     645         0.0000         0.0000         0.0000         0.0000         -47674.4242      4143.9318         0.0000         0.0000         0.0000         -43530.4925         0.0000    -43530.4925    -43530.4925         0.0000          14819.0690     14777.2109    120171.0177     14819.0690     14777.2109

LINE MINIMIZER REDUCING GRADIENT FROM 1966.29 TO 1.96629
ENERGY:     646         0.0000         0.0000         0.0000         0.0000         -47684.8819      4145.8343         0.0000         0.0000         0.0000         -43539.0476         0.0000    -43539.0476    -43539.0476         0.0000          14823.7821     14781.6178    120171.0177     14823.7821     14781.6178

ENERGY:     647         0.0000         0.0000         0.0000         0.0000         -47693.1842      4152.3441         0.0000         0.0000         0.0000         -43540.8400         0.0000    -43540.8400    -43540.8400         0.0000          14840.0326     14796.3527    120171.0177     14840.0326     14796.3527

ENERGY:     648         0.0000         0.0000         0.0000         0.0000         -47699.3940      4164.7642         0.0000         0.0000         0.0000         -43534.6298         0.0000    -43534.6298    -43534.6298         0.0000          14870.9814     14824.0631    120171.0177     14870.9814     14824.0631

LINE MINIMIZER BRACKET: DX 0.00602987 0.00602987 DU -1.79244 6.21021 DUDX -871.393 316.201 1832.48 
ENERGY:     649         0.0000         0.0000         0.0000         0.0000         -47691.2591      4150.1794         0.0000         0.0000         0.0000         -43541.0797         0.0000    -43541.0797    -43541.0797         0.0000          14834.6090     14791.4549    120171.0177     14834.6090     14791.4549

LINE MINIMIZER BRACKET: DX 0.00447586 0.00155401 DU -2.0321 0.239662 DUDX -871.393 -10.757 316.201 
ETITLE:      TS           BOND          ANGLE          DIHED          IMPRP               ELECT            VDW       BOUNDARY           MISC        KINETIC               TOTAL           TEMP      POTENTIAL         TOTAL3        TEMPAVG            PRESSURE      GPRESSURE         VOLUME       PRESSAVG      GPRESSAVG

ENERGY:     650         0.0000         0.0000         0.0000         0.0000         -47691.4583      4150.3796         0.0000         0.0000         0.0000         -43541.0786         0.0000    -43541.0786    -43541.0786         0.0000          14835.1130     14791.9110    120171.0177     14835.1130     14791.9110

LINE MINIMIZER BRACKET: DX 0.00447586 0.000155401 DU -2.0321 0.00105598 DUDX -871.393 -10.757 21.027 
ENERGY:     651         0.0000         0.0000         0.0000         0.0000         -47691.3206      4150.2404         0.0000         0.0000         0.0000         -43541.0802         0.0000    -43541.0802    -43541.0802         0.0000          14834.7614     14791.5928    120171.0177     14834.7614     14791.5928

LINE MINIMIZER BRACKET: DX 4.76195e-05 0.000107782 DU -0.000494031 0.00155001 DUDX -10.757 -1.03429 21.027 
LINE MINIMIZER REDUCING GRADIENT FROM 2310.11 TO 2.31011
ENERGY:     652         0.0000         0.0000         0.0000         0.0000         -47701.4749      4151.2598         0.0000         0.0000         0.0000         -43550.2151         0.0000    -43550.2151    -43550.2151         0.0000          14837.9569     14795.0052    120171.0177     14837.9569     14795.0052

ENERGY:     653         0.0000         0.0000         0.0000         0.0000         -47707.7250      4157.9297         0.0000         0.0000         0.0000         -43549.7953         0.0000    -43549.7953    -43549.7953         0.0000          14855.6264     14811.4928    120171.0177     14855.6264     14811.4928

LINE MINIMIZER BRACKET: DX 0.00603515 0.00603515 DU -9.13489 0.419721 DUDX -2310.11 -730.592 880.256 
ENERGY:     654         0.0000         0.0000         0.0000         0.0000         -47704.8220      4153.5884         0.0000         0.0000         0.0000         -43551.2336         0.0000    -43551.2336    -43551.2336         0.0000          14844.1875     14800.8712    120171.0177     14844.1875     14800.8712

LINE MINIMIZER BRACKET: DX 0.00275529 0.00327985 DU -1.01852 1.43824 DUDX -730.592 -10.938 880.256 
ENERGY:     655         0.0000         0.0000         0.0000         0.0000         -47705.1647      4153.9442         0.0000         0.0000         0.0000         -43551.2205         0.0000    -43551.2205    -43551.2205         0.0000          14845.1334     14801.7546    120171.0177     14845.1334     14801.7546

LINE MINIMIZER BRACKET: DX 0.00275529 0.000327985 DU -1.01852 0.0130635 DUDX -730.592 -10.938 76.1185 
ENERGY:     656         0.0000         0.0000         0.0000         0.0000         -47704.8596      4153.6259         0.0000         0.0000         0.0000         -43551.2337         0.0000    -43551.2337    -43551.2337         0.0000          14844.2865     14800.9635    120171.0177     14844.2865     14800.9635

LINE MINIMIZER BRACKET: DX 3.53327e-05 0.000292653 DU -0.000136748 0.0132002 DUDX -10.938 -1.57429 76.1185 
LINE MINIMIZER REDUCING GRADIENT FROM 2271.92 TO 2.27192
ENERGY:     657         0.0000         0.0000         0.0000         0.0000         -47710.7467      4151.4451         0.0000         0.0000         0.0000         -43559.3015         0.0000    -43559.3015    -43559.3015         0.0000          14840.6705     14798.9823    120171.0177     14840.6705     14798.9823

ENERGY:     658         0.0000         0.0000         0.0000         0.0000         -47712.9262      4157.5579         0.0000         0.0000         0.0000         -43555.3683         0.0000    -43555.3683    -43555.3683         0.0000          14857.8892     14815.5747    120171.0177     14857.8892     14815.5747

LINE MINIMIZER BRACKET: DX 0.00631669 0.00631669 DU -8.06782 3.93322 DUDX -2271.92 -328.518 1571.74 
ENERGY:     659         0.0000         0.0000         0.0000         0.0000         -47711.4010      4151.9121         0.0000         0.0000         0.0000         -43559.4889         0.0000    -43559.4889    -43559.4889         0.0000          14842.1693     14800.5284    120171.0177     14842.1693     14800.5284

LINE MINIMIZER BRACKET: DX 0.00109081 0.00522587 DU -0.187318 4.12054 DUDX -328.518 -11.4112 1571.74 
ETITLE:      TS           BOND          ANGLE          DIHED          IMPRP               ELECT            VDW       BOUNDARY           MISC        KINETIC               TOTAL           TEMP      POTENTIAL         TOTAL3        TEMPAVG            PRESSURE      GPRESSURE         VOLUME       PRESSAVG      GPRESSAVG

ENERGY:     660         0.0000         0.0000         0.0000         0.0000         -47711.6701      4152.2208         0.0000         0.0000         0.0000         -43559.4494         0.0000    -43559.4494    -43559.4494         0.0000          14843.1057     14801.4644    120171.0177     14843.1057     14801.4644

LINE MINIMIZER BRACKET: DX 0.00109081 0.000522587 DU -0.187318 0.039494 DUDX -328.518 -11.4112 141.803 
ENERGY:     661         0.0000         0.0000         0.0000         0.0000         -47711.4285      4151.9405         0.0000         0.0000         0.0000         -43559.4880         0.0000    -43559.4880    -43559.4880         0.0000          14842.2592     14800.6189    120171.0177     14842.2592     14800.6189

LINE MINIMIZER BRACKET: DX 0.00109081 5.22587e-05 DU -0.187318 0.000844659 DUDX -328.518 -11.4112 3.88102 
ENERGY:     662         0.0000         0.0000         0.0000         0.0000         -47711.4075      4151.9180         0.0000         0.0000         0.0000         -43559.4895         0.0000    -43559.4895    -43559.4895         0.0000          14842.1848     14800.5442    120171.0177     14842.1848     14800.5442

LINE MINIMIZER BRACKET: DX 1.08132e-05 4.14455e-05 DU -0.00067001 0.00151467 DUDX -11.4112 -8.25604 3.88102 
ENERGY:     663         0.0000         0.0000         0.0000         0.0000         -47711.4097      4151.9202         0.0000         0.0000         0.0000         -43559.4895         0.0000    -43559.4895    -43559.4895         0.0000          14842.1917     14800.5510    120171.0177     14842.1917     14800.5510

LINE MINIMIZER BRACKET: DX 1.08132e-05 4.14455e-06 DU -0.00067001 2.37847e-05 DUDX -11.4112 -8.25604 -7.04224 
ENERGY:     664         0.0000         0.0000         0.0000         0.0000         -47711.4075      4151.9180         0.0000         0.0000         0.0000         -43559.4895         0.0000    -43559.4895    -43559.4895         0.0000          14842.1849     14800.5442    120171.0177     14842.1849     14800.5442

LINE MINIMIZER REDUCING GRADIENT FROM 1635.12 TO 1.63512
ENERGY:     665         0.0000         0.0000         0.0000         0.0000         -47720.6498      4152.2937         0.0000         0.0000         0.0000         -43568.3561         0.0000    -43568.3561    -43568.3561         0.0000          14844.4104     14803.2938    120171.0177     14844.4104     14803.2938

ENERGY:     666         0.0000         0.0000         0.0000         0.0000         -47724.1201      4157.5625         0.0000         0.0000         0.0000         -43566.5576         0.0000    -43566.5576    -43566.5576         0.0000          14859.7399     14818.4502    120171.0177     14859.7399     14818.4502

LINE MINIMIZER BRACKET: DX 0.00866377 0.00866377 DU -8.86659 1.79848 DUDX -1635.12 -409.356 840.005 
ENERGY:     667         0.0000         0.0000         0.0000         0.0000         -47722.4520      4153.4899         0.0000         0.0000         0.0000         -43568.9621         0.0000    -43568.9621    -43568.9621         0.0000          14848.0074     14806.9066    120171.0177     14848.0074     14806.9066

LINE MINIMIZER BRACKET: DX 0.00287431 0.00578946 DU -0.605934 2.40441 DUDX -409.356 -1.06458 840.005 
LINE MINIMIZER REDUCING GRADIENT FROM 1520.12 TO 1.52012
ENERGY:     668         0.0000         0.0000         0.0000         0.0000         -47735.2303      4157.4568         0.0000         0.0000         0.0000         -43577.7735         0.0000    -43577.7735    -43577.7735         0.0000          14859.4911     14819.1474    120171.0177     14859.4911     14819.1474

ENERGY:     669         0.0000         0.0000         0.0000         0.0000         -47742.0473      4168.6123         0.0000         0.0000         0.0000         -43573.4350         0.0000    -43573.4350    -43573.4350         0.0000          14889.6417     14848.5132    120171.0177     14889.6417     14848.5132

LINE MINIMIZER BRACKET: DX 0.00998359 0.00998359 DU -8.81145 4.33851 DUDX -1520.12 -239.485 1144.54 
ETITLE:      TS           BOND          ANGLE          DIHED          IMPRP               ELECT            VDW       BOUNDARY           MISC        KINETIC               TOTAL           TEMP      POTENTIAL         TOTAL3        TEMPAVG            PRESSURE      GPRESSURE         VOLUME       PRESSAVG      GPRESSAVG

ENERGY:     670         0.0000         0.0000         0.0000         0.0000         -47736.8861      4158.8836         0.0000         0.0000         0.0000         -43578.0025         0.0000    -43578.0025    -43578.0025         0.0000          14863.4067     14823.0446    120171.0177     14863.4067     14823.0446

LINE MINIMIZER BRACKET: DX 0.00177355 0.00821004 DU -0.228985 4.5675 DUDX -239.485 -7.25957 1144.54 
ENERGY:     671         0.0000         0.0000         0.0000         0.0000         -47737.5845      4159.6209         0.0000         0.0000         0.0000         -43577.9636         0.0000    -43577.9636    -43577.9636         0.0000          14865.4261     14825.0394    120171.0177     14865.4261     14825.0394

LINE MINIMIZER BRACKET: DX 0.00177355 0.000821004 DU -0.228985 0.0388425 DUDX -239.485 -7.25957 102.297 
ENERGY:     672         0.0000         0.0000         0.0000         0.0000         -47736.9575      4158.9551         0.0000         0.0000         0.0000         -43578.0024         0.0000    -43578.0024    -43578.0024         0.0000          14863.6041     14823.2401    120171.0177     14863.6041     14823.2401

LINE MINIMIZER BRACKET: DX 0.00177355 8.21004e-05 DU -0.228985 9.3754e-05 DUDX -239.485 -7.25957 3.64762 
LINE MINIMIZER REDUCING GRADIENT FROM 1863.26 TO 1.86326
ENERGY:     673         0.0000         0.0000         0.0000         0.0000         -47751.6054      4165.0222         0.0000         0.0000         0.0000         -43586.5832         0.0000    -43586.5832    -43586.5832         0.0000          14880.6025     14841.2123    120171.0177     14880.6025     14841.2123

ENERGY:     674         0.0000         0.0000         0.0000         0.0000         -47760.7253      4178.7743         0.0000         0.0000         0.0000         -43581.9509         0.0000    -43581.9509    -43581.9509         0.0000          14917.2441     14877.0620    120171.0177     14917.2441     14877.0620

LINE MINIMIZER BRACKET: DX 0.00792149 0.00792149 DU -8.5808 4.63228 DUDX -1863.26 -287.539 1529.79 
ENERGY:     675         0.0000         0.0000         0.0000         0.0000         -47753.4894      4166.7088         0.0000         0.0000         0.0000         -43586.7806         0.0000    -43586.7806    -43586.7806         0.0000          14885.1760     14845.7946    120171.0177     14885.1760     14845.7946

LINE MINIMIZER BRACKET: DX 0.00130557 0.00661592 DU -0.19744 4.82972 DUDX -287.539 -13.6728 1529.79 
ENERGY:     676         0.0000         0.0000         0.0000         0.0000         -47754.3866      4167.6438         0.0000         0.0000         0.0000         -43586.7428         0.0000    -43586.7428    -43586.7428         0.0000          14887.6995     14848.3042    120171.0177     14887.6995     14848.3042

LINE MINIMIZER BRACKET: DX 0.00130557 0.000661592 DU -0.19744 0.0378025 DUDX -287.539 -13.6728 128.397 
ENERGY:     677         0.0000         0.0000         0.0000         0.0000         -47753.5809      4166.7998         0.0000         0.0000         0.0000         -43586.7810         0.0000    -43586.7810    -43586.7810         0.0000          14885.4219     14846.0397    120171.0177     14885.4219     14846.0397

LINE MINIMIZER BRACKET: DX 6.61592e-05 0.000595432 DU -0.000415054 0.0382175 DUDX -13.6728 0.438582 128.397 
LINE MINIMIZER REDUCING GRADIENT FROM 1705.76 TO 1.70576
ENERGY:     678         0.0000         0.0000         0.0000         0.0000         -47770.1109      4173.9740         0.0000         0.0000         0.0000         -43596.1369         0.0000    -43596.1369    -43596.1369         0.0000          14905.1781     14865.9519    120171.0177     14905.1781     14865.9519

ENERGY:     679         0.0000         0.0000         0.0000         0.0000         -47779.4000      4186.7363         0.0000         0.0000         0.0000         -43592.6637         0.0000    -43592.6637    -43592.6637         0.0000          14939.9893     14899.9078    120171.0177     14939.9893     14899.9078

LINE MINIMIZER BRACKET: DX 0.00913492 0.00913492 DU -9.35589 3.47318 DUDX -1705.76 -333.971 1120.08 
ETITLE:      TS           BOND          ANGLE          DIHED          IMPRP               ELECT            VDW       BOUNDARY           MISC        KINETIC               TOTAL           TEMP      POTENTIAL         TOTAL3        TEMPAVG            PRESSURE      GPRESSURE         VOLUME       PRESSAVG      GPRESSAVG

ENERGY:     680         0.0000         0.0000         0.0000         0.0000         -47772.9443      4176.4355         0.0000         0.0000         0.0000         -43596.5088         0.0000    -43596.5088    -43596.5088         0.0000          14911.9146     14872.5837    120171.0177     14911.9146     14872.5837

LINE MINIMIZER BRACKET: DX 0.00213588 0.00699904 DU -0.371854 3.84503 DUDX -333.971 -6.7369 1120.08 
ENERGY:     681         0.0000         0.0000         0.0000         0.0000         -47773.7845      4177.3089         0.0000         0.0000         0.0000         -43596.4756         0.0000    -43596.4756    -43596.4756         0.0000          14914.3070     14874.9297    120171.0177     14914.3070     14874.9297

LINE MINIMIZER BRACKET: DX 0.00213588 0.000699904 DU -0.371854 0.033197 DUDX -333.971 -6.7369 102.169 
ENERGY:     682         0.0000         0.0000         0.0000         0.0000         -47773.0312      4176.5213         0.0000         0.0000         0.0000         -43596.5099         0.0000    -43596.5099    -43596.5099         0.0000          14912.1461     14872.8107    120171.0177     14912.1461     14872.8107

LINE MINIMIZER BRACKET: DX 6.99904e-05 0.000629914 DU -0.00109652 0.0342935 DUDX -6.7369 4.11332 102.169 
ENERGY:     683         0.0000         0.0000         0.0000         0.0000         -47773.0223      4176.5124         0.0000         0.0000         0.0000         -43596.5099         0.0000    -43596.5099    -43596.5099         0.0000          14912.1220     14872.7871    120171.0177     14912.1220     14872.7871

LINE MINIMIZER BRACKET: DX 7.27736e-06 0.000629914 DU -2.38069e-05 0.0342935 DUDX 2.98382 4.11332 102.169 
ENERGY:     684         0.0000         0.0000         0.0000         0.0000         -47773.0312      4176.5213         0.0000         0.0000         0.0000         -43596.5099         0.0000    -43596.5099    -43596.5099         0.0000          14912.1461     14872.8108    120171.0177     14912.1461     14872.8108

LINE MINIMIZER REDUCING GRADIENT FROM 1871.23 TO 1.87123
ENERGY:     685         0.0000         0.0000         0.0000         0.0000         -47787.8292      4182.3076         0.0000         0.0000         0.0000         -43605.5216         0.0000    -43605.5216    -43605.5216         0.0000          14928.4982     14888.9363    120171.0177     14928.4982     14888.9363

ENERGY:     686         0.0000         0.0000         0.0000         0.0000         -47796.8351      4192.7106         0.0000         0.0000         0.0000         -43604.1246         0.0000    -43604.1246    -43604.1246         0.0000          14957.2168     14916.6923    120171.0177     14957.2168     14916.6923

LINE MINIMIZER BRACKET: DX 0.00755811 0.00755811 DU -9.01169 1.39702 DUDX -1871.23 -510.974 893.422 
ENERGY:     687         0.0000         0.0000         0.0000         0.0000         -47791.8221      4185.5811         0.0000         0.0000         0.0000         -43606.2410         0.0000    -43606.2410    -43606.2410         0.0000          14937.5726     14897.7417    120171.0177     14937.5726     14897.7417

LINE MINIMIZER BRACKET: DX 0.00277518 0.00478293 DU -0.719375 2.11639 DUDX -510.974 -4.48745 893.422 
ENERGY:     688         0.0000         0.0000         0.0000         0.0000         -47792.4299      4186.2084         0.0000         0.0000         0.0000         -43606.2215         0.0000    -43606.2215    -43606.2215         0.0000          14939.3087     14899.4213    120171.0177     14939.3087     14899.4213

LINE MINIMIZER BRACKET: DX 0.00277518 0.000478293 DU -0.719375 0.0194541 DUDX -510.974 -4.48745 83.8181 
ENERGY:     689         0.0000         0.0000         0.0000         0.0000         -47791.8840      4185.6430         0.0000         0.0000         0.0000         -43606.2410         0.0000    -43606.2410    -43606.2410         0.0000          14937.7436     14897.9072    120171.0177     14937.7436     14897.9072

LINE MINIMIZER BRACKET: DX 4.78293e-05 0.000430464 DU -5.05498e-05 0.0195046 DUDX -4.48745 4.32548 83.8181 
LINE MINIMIZER REDUCING GRADIENT FROM 2089.55 TO 2.08955
ETITLE:      TS           BOND          ANGLE          DIHED          IMPRP               ELECT            VDW       BOUNDARY           MISC        KINETIC               TOTAL           TEMP      POTENTIAL         TOTAL3        TEMPAVG            PRESSURE      GPRESSURE         VOLUME       PRESSAVG      GPRESSAVG

ENERGY:     690         0.0000         0.0000         0.0000         0.0000         -47805.7850      4191.1907         0.0000         0.0000         0.0000         -43614.5943         0.0000    -43614.5943    -43614.5943         0.0000          14953.2465     14913.3831    120171.0177     14953.2465     14913.3831

ENERGY:     691         0.0000         0.0000         0.0000         0.0000         -47815.9674      4200.5554         0.0000         0.0000         0.0000         -43615.4120         0.0000    -43615.4120    -43615.4120         0.0000          14978.6883     14937.9592    120171.0177     14978.6883     14937.9592

ENERGY:     692         0.0000         0.0000         0.0000         0.0000         -47822.3263      4214.7035         0.0000         0.0000         0.0000         -43607.6228         0.0000    -43607.6228    -43607.6228         0.0000          15016.4129     14973.6499    120171.0177     15016.4129     14973.6499

LINE MINIMIZER BRACKET: DX 0.00570679 0.00570679 DU -0.817702 7.78923 DUDX -824.865 565.724 2199.08 
ENERGY:     693         0.0000         0.0000         0.0000         0.0000         -47812.3578      4196.3152         0.0000         0.0000         0.0000         -43616.0426         0.0000    -43616.0426    -43616.0426         0.0000          14967.2217     14926.9554    120171.0177     14967.2217     14926.9554

LINE MINIMIZER BRACKET: DX 0.00343004 0.00227674 DU -1.4483 0.630595 DUDX -824.865 -12.63 565.724 
ENERGY:     694         0.0000         0.0000         0.0000         0.0000         -47812.7467      4196.7076         0.0000         0.0000         0.0000         -43616.0391         0.0000    -43616.0391    -43616.0391         0.0000          14968.2848     14927.9797    120171.0177     14968.2848     14927.9797

LINE MINIMIZER BRACKET: DX 0.00343004 0.000227674 DU -1.4483 0.00351691 DUDX -824.865 -12.63 43.5469 
ENERGY:     695         0.0000         0.0000         0.0000         0.0000         -47812.4458      4196.4028         0.0000         0.0000         0.0000         -43616.0430         0.0000    -43616.0430    -43616.0430         0.0000          14967.4592     14927.1843    120171.0177     14967.4592     14927.1843

LINE MINIMIZER BRACKET: DX 5.12077e-05 0.000176467 DU -0.000387682 0.00390459 DUDX -12.63 -0.0191453 43.5469 
LINE MINIMIZER REDUCING GRADIENT FROM 2128.71 TO 2.12871
ENERGY:     696         0.0000         0.0000         0.0000         0.0000         -47825.5319      4202.1168         0.0000         0.0000         0.0000         -43623.4150         0.0000    -43623.4150    -43623.4150         0.0000          14983.1823     14943.1597    120171.0177     14983.1823     14943.1597

ENERGY:     697         0.0000         0.0000         0.0000         0.0000         -47834.8818      4210.2722         0.0000         0.0000         0.0000         -43624.6096         0.0000    -43624.6096    -43624.6096         0.0000          15005.5429     14965.3356    120171.0177     15005.5429     14965.3356

ENERGY:     698         0.0000         0.0000         0.0000         0.0000         -47840.4522      4221.1451         0.0000         0.0000         0.0000         -43619.3071         0.0000    -43619.3071    -43619.3071         0.0000          15035.1399     14994.2420    120171.0177     15035.1399     14994.2420

LINE MINIMIZER BRACKET: DX 0.00487227 0.00487227 DU -1.1946 5.30254 DUDX -888.985 411.515 1793.88 
ENERGY:     699         0.0000         0.0000         0.0000         0.0000         -47832.3687      4207.4395         0.0000         0.0000         0.0000         -43624.9291         0.0000    -43624.9291    -43624.9291         0.0000          14997.7540     14957.6529    120171.0177     14997.7540     14957.6529

LINE MINIMIZER BRACKET: DX 0.00334569 0.00152659 DU -1.5141 0.319493 DUDX -888.985 -6.45536 411.515 
Info: Benchmark time: 4 CPUs 0.0102815 s/step 0.118999 days/ns 280.039 MB memory
ETITLE:      TS           BOND          ANGLE          DIHED          IMPRP               ELECT            VDW       BOUNDARY           MISC        KINETIC               TOTAL           TEMP      POTENTIAL         TOTAL3        TEMPAVG            PRESSURE      GPRESSURE         VOLUME       PRESSAVG      GPRESSAVG

ENERGY:     700         0.0000         0.0000         0.0000         0.0000         -47832.6403      4207.7111         0.0000         0.0000         0.0000         -43624.9292         0.0000    -43624.9292    -43624.9292         0.0000          14998.4895     14958.3796    120171.0177     14998.4895     14958.3796

LINE MINIMIZER BRACKET: DX 0.000152659 0.00137393 DU -6.56579e-05 0.319559 DUDX -6.45536 34.7465 411.515 
LINE MINIMIZER REDUCING GRADIENT FROM 2197.5 TO 2.1975
ENERGY:     701         0.0000         0.0000         0.0000         0.0000         -47843.3675      4211.6477         0.0000         0.0000         0.0000         -43631.7198         0.0000    -43631.7198    -43631.7198         0.0000          15010.1055     14970.9310    120171.0177     15010.1055     14970.9310

ENERGY:     702         0.0000         0.0000         0.0000         0.0000         -47851.1928      4217.6185         0.0000         0.0000         0.0000         -43633.5743         0.0000    -43633.5743    -43633.5743         0.0000          15027.1204     14988.5129    120171.0177     15027.1204     14988.5129

ENERGY:     703         0.0000         0.0000         0.0000         0.0000         -47856.0063      4225.5785         0.0000         0.0000         0.0000         -43630.4278         0.0000    -43630.4278    -43630.4278         0.0000          15049.5837     15011.2312    120171.0177     15049.5837     15011.2312

LINE MINIMIZER BRACKET: DX 0.00423565 0.00423565 DU -1.85454 3.14651 DUDX -1019.57 148.018 1340.76 
ENERGY:     704         0.0000         0.0000         0.0000         0.0000         -47850.3711      4216.7547         0.0000         0.0000         0.0000         -43633.6164         0.0000    -43633.6164    -43633.6164         0.0000          15024.6734     14986.0107    120171.0177     15024.6734     14986.0107

LINE MINIMIZER BRACKET: DX 0.00370057 0.000535071 DU -1.8966 0.0420588 DUDX -1019.57 -1.24482 148.018 
LINE MINIMIZER REDUCING GRADIENT FROM 2202.89 TO 2.20289
ENERGY:     705         0.0000         0.0000         0.0000         0.0000         -47861.1399      4220.8817         0.0000         0.0000         0.0000         -43640.2581         0.0000    -43640.2581    -43640.2581         0.0000          15036.4707     14998.0495    120171.0177     15036.4707     14998.0495

ENERGY:     706         0.0000         0.0000         0.0000         0.0000         -47869.1092      4227.1935         0.0000         0.0000         0.0000         -43641.9157         0.0000    -43641.9157    -43641.9157         0.0000          15054.0584     15015.5003    120171.0177     15054.0584     15015.5003

ENERGY:     707         0.0000         0.0000         0.0000         0.0000         -47874.1803      4235.6598         0.0000         0.0000         0.0000         -43638.5206         0.0000    -43638.5206    -43638.5206         0.0000          15077.5134     15038.4897    120171.0177     15077.5134     15038.4897

LINE MINIMIZER BRACKET: DX 0.00415786 0.00415786 DU -1.65754 3.39511 DUDX -997.486 204.088 1424.87 
ENERGY:     708         0.0000         0.0000         0.0000         0.0000         -47867.9666      4225.9740         0.0000         0.0000         0.0000         -43641.9926         0.0000    -43641.9926    -43641.9926         0.0000          15050.6647     15012.1529    120171.0177     15050.6647     15012.1529

LINE MINIMIZER BRACKET: DX 0.00345393 0.000703927 DU -1.73451 0.0769686 DUDX -997.486 -1.20815 204.088 
LINE MINIMIZER REDUCING GRADIENT FROM 1988.08 TO 1.98808
ENERGY:     709         0.0000         0.0000         0.0000         0.0000         -47878.5349      4230.0273         0.0000         0.0000         0.0000         -43648.5076         0.0000    -43648.5076    -43648.5076         0.0000          15062.5631     15023.8824    120171.0177     15062.5631     15023.8824

ETITLE:      TS           BOND          ANGLE          DIHED          IMPRP               ELECT            VDW       BOUNDARY           MISC        KINETIC               TOTAL           TEMP      POTENTIAL         TOTAL3        TEMPAVG            PRESSURE      GPRESSURE         VOLUME       PRESSAVG      GPRESSAVG

ENERGY:     710         0.0000         0.0000         0.0000         0.0000         -47885.2802      4236.1832         0.0000         0.0000         0.0000         -43649.0970         0.0000    -43649.0970    -43649.0970         0.0000          15080.2622     15041.1277    120171.0177     15080.2622     15041.1277

ENERGY:     711         0.0000         0.0000         0.0000         0.0000         -47888.1439      4244.4087         0.0000         0.0000         0.0000         -43643.7352         0.0000    -43643.7352    -43643.7352         0.0000          15103.8053     15063.9939    120171.0177     15103.8053     15063.9939

LINE MINIMIZER BRACKET: DX 0.00478833 0.00478833 DU -0.589393 5.36177 DUDX -740.182 499.502 1749.96 
ENERGY:     712         0.0000         0.0000         0.0000         0.0000         -47883.0459      4233.4667         0.0000         0.0000         0.0000         -43649.5792         0.0000    -43649.5792    -43649.5792         0.0000          15072.4816     15033.5586    120171.0177     15072.4816     15033.5586

LINE MINIMIZER BRACKET: DX 0.0028675 0.00192083 DU -1.07166 0.48227 DUDX -740.182 -0.111694 499.502 
LINE MINIMIZER REDUCING GRADIENT FROM 1947.66 TO 1.94766
ENERGY:     713         0.0000         0.0000         0.0000         0.0000         -47894.6190      4237.9987         0.0000         0.0000         0.0000         -43656.6202         0.0000    -43656.6202    -43656.6202         0.0000          15085.9493     15046.7785    120171.0177     15085.9493     15046.7785

ENERGY:     714         0.0000         0.0000         0.0000         0.0000         -47901.9451      4245.7044         0.0000         0.0000         0.0000         -43656.2407         0.0000    -43656.2407    -43656.2407         0.0000          15107.9319     15067.9464    120171.0177     15107.9319     15067.9464

LINE MINIMIZER BRACKET: DX 0.00546241 0.00546241 DU -7.04099 0.37954 DUDX -1947.66 -622.999 781.682 
ENERGY:     715         0.0000         0.0000         0.0000         0.0000         -47898.4431      4241.0451         0.0000         0.0000         0.0000         -43657.3980         0.0000    -43657.3980    -43657.3980         0.0000          15094.7117     15055.2501    120171.0177     15094.7117     15055.2501

LINE MINIMIZER BRACKET: DX 0.00245716 0.00300525 DU -0.777817 1.15736 DUDX -622.999 -4.36544 781.682 
ENERGY:     716         0.0000         0.0000         0.0000         0.0000         -47898.8519      4241.4635         0.0000         0.0000         0.0000         -43657.3885         0.0000    -43657.3885    -43657.3885         0.0000          15095.9048     15056.3990    120171.0177     15095.9048     15056.3990

LINE MINIMIZER BRACKET: DX 0.00245716 0.000300525 DU -0.777817 0.00955638 DUDX -622.999 -4.36544 72.6608 
ENERGY:     717         0.0000         0.0000         0.0000         0.0000         -47898.4840      4241.0864         0.0000         0.0000         0.0000         -43657.3975         0.0000    -43657.3975    -43657.3975         0.0000          15094.8324     15055.3663    120171.0177     15094.8324     15055.3663

LINE MINIMIZER BRACKET: DX 0.00245716 3.00525e-05 DU -0.777817 0.000529365 DUDX -622.999 -4.36544 3.32283 
ENERGY:     718         0.0000         0.0000         0.0000         0.0000         -47898.4472      4241.0492         0.0000         0.0000         0.0000         -43657.3980         0.0000    -43657.3980    -43657.3980         0.0000          15094.7237     15055.2617    120171.0177     15094.7237     15055.2617

LINE MINIMIZER BRACKET: DX 0.00245716 3.00525e-06 DU -0.777817 1.05748e-05 DUDX -622.999 -4.36544 -3.59803 
ENERGY:     719         0.0000         0.0000         0.0000         0.0000         -47898.4431      4241.0451         0.0000         0.0000         0.0000         -43657.3981         0.0000    -43657.3981    -43657.3981         0.0000          15094.7118     15055.2501    120171.0177     15094.7118     15055.2501

LINE MINIMIZER REDUCING GRADIENT FROM 2016.57 TO 2.01657
ETITLE:      TS           BOND          ANGLE          DIHED          IMPRP               ELECT            VDW       BOUNDARY           MISC        KINETIC               TOTAL           TEMP      POTENTIAL         TOTAL3        TEMPAVG            PRESSURE      GPRESSURE         VOLUME       PRESSAVG      GPRESSAVG

ENERGY:     720         0.0000         0.0000         0.0000         0.0000         -47912.4564      4247.3932         0.0000         0.0000         0.0000         -43665.0633         0.0000    -43665.0633    -43665.0633         0.0000          15112.9650     15073.3281    120171.0177     15112.9650     15073.3281

ENERGY:     721         0.0000         0.0000         0.0000         0.0000         -47919.6193      4257.4446         0.0000         0.0000         0.0000         -43662.1747         0.0000    -43662.1747    -43662.1747         0.0000          15141.5505     15101.3712    120171.0177     15141.5505     15101.3712

LINE MINIMIZER BRACKET: DX 0.00630639 0.00630639 DU -7.66521 2.88855 DUDX -2016.57 -398.355 1345.31 
ENERGY:     722         0.0000         0.0000         0.0000         0.0000         -47914.7398      4249.3715         0.0000         0.0000         0.0000         -43665.3683         0.0000    -43665.3683    -43665.3683         0.0000          15118.6112     15078.8882    120171.0177     15118.6112     15078.8882

LINE MINIMIZER BRACKET: DX 0.00146673 0.00483966 DU -0.305004 3.19355 DUDX -398.355 -7.28816 1345.31 
ENERGY:     723         0.0000         0.0000         0.0000         0.0000         -47915.4089      4250.0695         0.0000         0.0000         0.0000         -43665.3395         0.0000    -43665.3395    -43665.3395         0.0000          15120.6082     15080.8520    120171.0177     15120.6082     15080.8520

LINE MINIMIZER BRACKET: DX 0.00146673 0.000483966 DU -0.305004 0.0288129 DUDX -398.355 -7.28816 123.67 
ENERGY:     724         0.0000         0.0000         0.0000         0.0000         -47914.8093      4249.4403         0.0000         0.0000         0.0000         -43665.3691         0.0000    -43665.3691    -43665.3691         0.0000          15118.8051     15079.0787    120171.0177     15118.8051     15079.0787

LINE MINIMIZER BRACKET: DX 4.83966e-05 0.000435569 DU -0.00077833 0.0295912 DUDX -7.28816 5.76281 123.67 
ENERGY:     725         0.0000         0.0000         0.0000         0.0000         -47914.8005      4249.4312         0.0000         0.0000         0.0000         -43665.3693         0.0000    -43665.3693    -43665.3693         0.0000          15118.7782     15079.0523    120171.0177     15118.7782     15079.0523

LINE MINIMIZER BRACKET: DX 4.2013e-05 6.38358e-06 DU -0.00100434 0.000226014 DUDX -7.28816 4.03913 5.76281 
ENERGY:     726         0.0000         0.0000         0.0000         0.0000         -47914.7944      4249.4252         0.0000         0.0000         0.0000         -43665.3692         0.0000    -43665.3692    -43665.3692         0.0000          15118.7613     15079.0357    120171.0177     15118.7613     15079.0357

LINE MINIMIZER BRACKET: DX 4.2013e-06 6.38358e-06 DU -5.994e-05 0.000226014 DUDX 2.90456 4.03913 5.76281 
ENERGY:     727         0.0000         0.0000         0.0000         0.0000         -47914.8005      4249.4312         0.0000         0.0000         0.0000         -43665.3693         0.0000    -43665.3693    -43665.3693         0.0000          15118.7782     15079.0523    120171.0177     15118.7782     15079.0523

LINE MINIMIZER REDUCING GRADIENT FROM 2068.07 TO 2.06807
ENERGY:     728         0.0000         0.0000         0.0000         0.0000         -47928.7489      4256.4503         0.0000         0.0000         0.0000         -43672.2987         0.0000    -43672.2987    -43672.2987         0.0000          15138.5221     15098.7294    120171.0177     15138.5221     15098.7294

ENERGY:     729         0.0000         0.0000         0.0000         0.0000         -47935.7167      4269.6668         0.0000         0.0000         0.0000         -43666.0499         0.0000    -43666.0499    -43666.0499         0.0000          15174.6088     15133.4468    120171.0177     15174.6088     15133.4468

LINE MINIMIZER BRACKET: DX 0.00639098 0.00639098 DU -6.92939 6.24872 DUDX -2068.07 -82.8778 2084.9 
ETITLE:      TS           BOND          ANGLE          DIHED          IMPRP               ELECT            VDW       BOUNDARY           MISC        KINETIC               TOTAL           TEMP      POTENTIAL         TOTAL3        TEMPAVG            PRESSURE      GPRESSURE         VOLUME       PRESSAVG      GPRESSAVG

ENERGY:     730         0.0000         0.0000         0.0000         0.0000         -47929.7630      4257.4734         0.0000         0.0000         0.0000         -43672.2896         0.0000    -43672.2896    -43672.2896         0.0000          15141.3465     15101.4824    120171.0177     15141.3465     15101.4824

LINE MINIMIZER BRACKET: DX 0.00639098 0.000639098 DU -6.92939 0.00904782 DUDX -2068.07 -82.8778 121.554 
ENERGY:     731         0.0000         0.0000         0.0000         0.0000         -47929.1926      4256.8798         0.0000         0.0000         0.0000         -43672.3128         0.0000    -43672.3128    -43672.3128         0.0000          15139.7062     15099.8847    120171.0177     15139.7062     15099.8847

LINE MINIMIZER BRACKET: DX 0.000272927 0.00036617 DU -0.0141425 0.0231903 DUDX -82.8778 3.5359 121.554 
ENERGY:     732         0.0000         0.0000         0.0000         0.0000         -47929.1493      4256.8364         0.0000         0.0000         0.0000         -43672.3130         0.0000    -43672.3130    -43672.3130         0.0000          15139.5854     15099.7669    120171.0177     15139.5854     15099.7669

LINE MINIMIZER BRACKET: DX 0.000245635 2.72927e-05 DU -0.014299 0.000156562 DUDX -82.8778 -5.23547 3.5359 
ENERGY:     733         0.0000         0.0000         0.0000         0.0000         -47929.1598      4256.8467         0.0000         0.0000         0.0000         -43672.3131         0.0000    -43672.3131    -43672.3131         0.0000          15139.6136     15099.7944    120171.0177     15139.6136     15099.7944

LINE MINIMIZER BRACKET: DX 6.51166e-06 2.07811e-05 DU -0.000129349 0.000285911 DUDX -5.23547 -3.14409 3.5359 
ENERGY:     734         0.0000         0.0000         0.0000         0.0000         -47929.1632      4256.8500         0.0000         0.0000         0.0000         -43672.3131         0.0000    -43672.3131    -43672.3131         0.0000          15139.6226     15099.8031    120171.0177     15139.6226     15099.8031

LINE MINIMIZER BRACKET: DX 2.07811e-06 1.8703e-05 DU -3.99686e-05 0.00032588 DUDX -3.14409 -2.47622 3.5359 
ENERGY:     735         0.0000         0.0000         0.0000         0.0000         -47929.1660      4256.8530         0.0000         0.0000         0.0000         -43672.3130         0.0000    -43672.3130    -43672.3130         0.0000          15139.6312     15099.8115    120171.0177     15139.6312     15099.8115

LINE MINIMIZER BRACKET: DX 2.07811e-06 1.8703e-06 DU -3.99686e-05 0.000155501 DUDX -3.14409 -2.47622 -1.87507 
ENERGY:     736         0.0000         0.0000         0.0000         0.0000         -47929.1632      4256.8500         0.0000         0.0000         0.0000         -43672.3131         0.0000    -43672.3131    -43672.3131         0.0000          15139.6226     15099.8032    120171.0177     15139.6226     15099.8032

LINE MINIMIZER REDUCING GRADIENT FROM 1966.14 TO 1.96614
ENERGY:     737         0.0000         0.0000         0.0000         0.0000         -47943.4685      4264.5883         0.0000         0.0000         0.0000         -43678.8802         0.0000    -43678.8802    -43678.8802         0.0000          15160.3707     15119.5687    120171.0177     15160.3707     15119.5687

ENERGY:     738         0.0000         0.0000         0.0000         0.0000         -47949.9406      4277.9979         0.0000         0.0000         0.0000         -43671.9427         0.0000    -43671.9427    -43671.9427         0.0000          15196.3026     15153.4259    120171.0177     15196.3026     15153.4259

LINE MINIMIZER BRACKET: DX 0.00661563 0.00661563 DU -6.56708 6.93754 DUDX -1966.14 -2.95947 2121.52 
ENERGY:     739         0.0000         0.0000         0.0000         0.0000         -47944.4692      4265.6572         0.0000         0.0000         0.0000         -43678.8120         0.0000    -43678.8120    -43678.8120         0.0000          15163.2487     15122.2953    120171.0177     15163.2487     15122.2953

LINE MINIMIZER BRACKET: DX 0.00661563 0.000661563 DU -6.56708 0.0682088 DUDX -1966.14 -2.95947 199.859 
ETITLE:      TS           BOND          ANGLE          DIHED          IMPRP               ELECT            VDW       BOUNDARY           MISC        KINETIC               TOTAL           TEMP      POTENTIAL         TOTAL3        TEMPAVG            PRESSURE      GPRESSURE         VOLUME       PRESSAVG      GPRESSAVG

ENERGY:     740         0.0000         0.0000         0.0000         0.0000         -47943.5753      4264.6931         0.0000         0.0000         0.0000         -43678.8822         0.0000    -43678.8822    -43678.8822         0.0000          15160.6452     15119.8300    120171.0177     15160.6452     15119.8300

LINE MINIMIZER BRACKET: DX 6.61563e-05 0.000595406 DU -0.00196114 0.07017 DUDX -2.95947 16.0873 199.859 
ENERGY:     741         0.0000         0.0000         0.0000         0.0000         -47943.5567      4264.6747         0.0000         0.0000         0.0000         -43678.8819         0.0000    -43678.8819    -43678.8819         0.0000          15160.5976     15119.7850    120171.0177     15160.5976     15119.7850

LINE MINIMIZER BRACKET: DX 1.16362e-05 0.000595406 DU -0.000240055 0.07017 DUDX 12.5127 16.0873 199.859 
ENERGY:     742         0.0000         0.0000         0.0000         0.0000         -47943.5753      4264.6931         0.0000         0.0000         0.0000         -43678.8822         0.0000    -43678.8822    -43678.8822         0.0000          15160.6452     15119.8300    120171.0177     15160.6452     15119.8300

LINE MINIMIZER REDUCING GRADIENT FROM 2216.17 TO 2.21617
ENERGY:     743         0.0000         0.0000         0.0000         0.0000         -47955.5705      4269.6965         0.0000         0.0000         0.0000         -43685.8741         0.0000    -43685.8741    -43685.8741         0.0000          15175.0253     15133.9963    120171.0177     15175.0253     15133.9963

ENERGY:     744         0.0000         0.0000         0.0000         0.0000         -47959.4634      4279.0359         0.0000         0.0000         0.0000         -43680.4275         0.0000    -43680.4275    -43680.4275         0.0000          15201.5393     15159.7655    120171.0177     15201.5393     15159.7655

LINE MINIMIZER BRACKET: DX 0.00592045 0.00592045 DU -6.99191 5.44653 DUDX -2216.17 -141.289 1991.47 
ENERGY:     745         0.0000         0.0000         0.0000         0.0000         -47956.3326      4270.4332         0.0000         0.0000         0.0000         -43685.8994         0.0000    -43685.8994    -43685.8994         0.0000          15177.1152     15136.0367    120171.0177     15177.1152     15136.0367

LINE MINIMIZER BRACKET: DX 0.000592045 0.00532841 DU -0.0253061 5.47184 DUDX -141.289 67.3918 1991.47 
ENERGY:     746         0.0000         0.0000         0.0000         0.0000         -47956.1081      4270.2034         0.0000         0.0000         0.0000         -43685.9047         0.0000    -43685.9047    -43685.9047         0.0000          15176.4659     15135.4038    120171.0177     15176.4659     15135.4038

LINE MINIMIZER BRACKET: DX 0.000410909 0.000181136 DU -0.0306485 0.00534237 DUDX -141.289 3.06073 67.3918 
ENERGY:     747         0.0000         0.0000         0.0000         0.0000         -47956.0562      4270.1518         0.0000         0.0000         0.0000         -43685.9044         0.0000    -43685.9044    -43685.9044         0.0000          15176.3198     15135.2613    120171.0177     15176.3198     15135.2613

LINE MINIMIZER BRACKET: DX 4.10909e-05 0.000181136 DU -0.00036374 0.00534237 DUDX -11.527 3.06073 67.3918 
ENERGY:     748         0.0000         0.0000         0.0000         0.0000         -47956.1011      4270.1968         0.0000         0.0000         0.0000         -43685.9043         0.0000    -43685.9043    -43685.9043         0.0000          15176.4486     15135.3870    120171.0177     15176.4486     15135.3870

LINE MINIMIZER BRACKET: DX 5.27869e-06 0.000181136 DU -0.000404538 0.00534237 DUDX 1.18648 3.06073 67.3918 
ENERGY:     749         0.0000         0.0000         0.0000         0.0000         -47956.1081      4270.2034         0.0000         0.0000         0.0000         -43685.9047         0.0000    -43685.9047    -43685.9047         0.0000          15176.4659     15135.4038    120171.0177     15176.4659     15135.4038

LINE MINIMIZER REDUCING GRADIENT FROM 2088.24 TO 2.08824
ETITLE:      TS           BOND          ANGLE          DIHED          IMPRP               ELECT            VDW       BOUNDARY           MISC        KINETIC               TOTAL           TEMP      POTENTIAL         TOTAL3        TEMPAVG            PRESSURE      GPRESSURE         VOLUME       PRESSAVG      GPRESSAVG

ENERGY:     750         0.0000         0.0000         0.0000         0.0000         -47966.9240      4274.7823         0.0000         0.0000         0.0000         -43692.1417         0.0000    -43692.1417    -43692.1417         0.0000          15189.6673     15148.1597    120171.0177     15189.6673     15148.1597

ENERGY:     751         0.0000         0.0000         0.0000         0.0000         -47970.7486      4285.4961         0.0000         0.0000         0.0000         -43685.2525         0.0000    -43685.2525    -43685.2525         0.0000          15218.9856     15175.7244    120171.0177     15218.9856     15175.7244

LINE MINIMIZER BRACKET: DX 0.00607508 0.00607508 DU -6.23701 6.88925 DUDX -2088.24 38.1504 2260.37 
ENERGY:     752         0.0000         0.0000         0.0000         0.0000         -47966.1478      4274.0539         0.0000         0.0000         0.0000         -43692.0939         0.0000    -43692.0939    -43692.0939         0.0000          15187.6484     15146.2469    120171.0177     15187.6484     15146.2469

LINE MINIMIZER BRACKET: DX 0.000607508 0.00607508 DU -0.0478543 6.88925 DUDX -177.726 38.1504 2260.37 
ENERGY:     753         0.0000         0.0000         0.0000         0.0000         -47966.8026      4274.6600         0.0000         0.0000         0.0000         -43692.1426         0.0000    -43692.1426    -43692.1426         0.0000          15189.3233     15147.8358    120171.0177     15189.3233     15147.8358

LINE MINIMIZER BRACKET: DX 0.000508396 9.9112e-05 DU -0.0487297 0.000875474 DUDX -177.726 1.93113 38.1504 
LINE MINIMIZER REDUCING GRADIENT FROM 2065.25 TO 2.06525
ENERGY:     754         0.0000         0.0000         0.0000         0.0000         -47976.7615      4277.9136         0.0000         0.0000         0.0000         -43698.8478         0.0000    -43698.8478    -43698.8478         0.0000          15199.0627     15157.4562    120171.0177     15199.0627     15157.4562

ENERGY:     755         0.0000         0.0000         0.0000         0.0000         -47979.0298      4284.0820         0.0000         0.0000         0.0000         -43694.9478         0.0000    -43694.9478    -43694.9478         0.0000          15217.3608     15175.5605    120171.0177     15217.3608     15175.5605

LINE MINIMIZER BRACKET: DX 0.00576527 0.00576527 DU -6.70522 3.90004 DUDX -2065.25 -250.711 1622.09 
ENERGY:     756         0.0000         0.0000         0.0000         0.0000         -47977.5231      4278.5740         0.0000         0.0000         0.0000         -43698.9492         0.0000    -43698.9492    -43698.9492         0.0000          15201.0264     15159.3986    120171.0177     15201.0264     15159.3986

LINE MINIMIZER BRACKET: DX 0.000779467 0.0049858 DU -0.101326 4.00137 DUDX -250.711 -2.44817 1622.09 
ENERGY:     757         0.0000         0.0000         0.0000         0.0000         -47977.9354      4279.0240         0.0000         0.0000         0.0000         -43698.9114         0.0000    -43698.9114    -43698.9114         0.0000          15202.3662     15160.7236    120171.0177     15202.3662     15160.7236

LINE MINIMIZER BRACKET: DX 0.000779467 0.00049858 DU -0.101326 0.0377411 DUDX -250.711 -2.44817 157.813 
ENERGY:     758         0.0000         0.0000         0.0000         0.0000         -47977.5669      4278.6180         0.0000         0.0000         0.0000         -43698.9490         0.0000    -43698.9490    -43698.9490         0.0000          15201.1577     15159.5285    120171.0177     15201.1577     15159.5285

LINE MINIMIZER BRACKET: DX 0.000779467 4.9858e-05 DU -0.101326 0.000204653 DUDX -250.711 -2.44817 13.5494 
ENERGY:     759         0.0000         0.0000         0.0000         0.0000         -47977.5309      4278.5822         0.0000         0.0000         0.0000         -43698.9487         0.0000    -43698.9487    -43698.9487         0.0000          15201.0528     15159.4247    120171.0177     15201.0528     15159.4247

LINE MINIMIZER BRACKET: DX 0.000779467 9.31351e-06 DU -0.101326 0.000430314 DUDX -250.711 -2.44817 0.535378 
LINE MINIMIZER REDUCING GRADIENT FROM 2195.89 TO 2.19589
ETITLE:      TS           BOND          ANGLE          DIHED          IMPRP               ELECT            VDW       BOUNDARY           MISC        KINETIC               TOTAL           TEMP      POTENTIAL         TOTAL3        TEMPAVG            PRESSURE      GPRESSURE         VOLUME       PRESSAVG      GPRESSAVG

ENERGY:     760         0.0000         0.0000         0.0000         0.0000         -47985.2842      4280.0225         0.0000         0.0000         0.0000         -43705.2616         0.0000    -43705.2616    -43705.2616         0.0000          15206.6741     15165.6173    120171.0177     15206.6741     15165.6173

ENERGY:     761         0.0000         0.0000         0.0000         0.0000         -47986.3129      4285.7713         0.0000         0.0000         0.0000         -43700.5416         0.0000    -43700.5416    -43700.5416         0.0000          15224.0364     15182.7962    120171.0177     15224.0364     15182.7962

LINE MINIMIZER BRACKET: DX 0.00532942 0.00532942 DU -6.3129 4.71998 DUDX -2195.89 -165.613 1960.78 
ENERGY:     762         0.0000         0.0000         0.0000         0.0000         -47985.6947      4280.3981         0.0000         0.0000         0.0000         -43705.2966         0.0000    -43705.2966    -43705.2966         0.0000          15207.8635     15166.8249    120171.0177     15207.8635     15166.8249

LINE MINIMIZER BRACKET: DX 0.000532942 0.00479648 DU -0.0349949 4.75498 DUDX -165.613 40.1739 1960.78 
ENERGY:     763         0.0000         0.0000         0.0000         0.0000         -47985.6219      4280.3237         0.0000         0.0000         0.0000         -43705.2982         0.0000    -43705.2982    -43705.2982         0.0000          15207.6308     15166.5895    120171.0177     15207.6308     15166.5895

LINE MINIMIZER BRACKET: DX 0.000431795 0.000101147 DU -0.0366075 0.00161267 DUDX -165.613 0.832641 40.1739 
LINE MINIMIZER REDUCING GRADIENT FROM 2116.19 TO 2.11619
ENERGY:     764         0.0000         0.0000         0.0000         0.0000         -47993.4223      4281.8035         0.0000         0.0000         0.0000         -43711.6188         0.0000    -43711.6188    -43711.6188         0.0000          15213.0338     15171.7600    120171.0177     15213.0338     15171.7600

ENERGY:     765         0.0000         0.0000         0.0000         0.0000         -47994.9875      4287.2616         0.0000         0.0000         0.0000         -43707.7259         0.0000    -43707.7259    -43707.7259         0.0000          15229.2756     15187.0171    120171.0177     15229.2756     15187.0171

LINE MINIMIZER BRACKET: DX 0.00529239 0.00529239 DU -6.32054 3.89289 DUDX -2116.19 -256.409 1755.09 
ENERGY:     766         0.0000         0.0000         0.0000         0.0000         -47993.9841      4282.2708         0.0000         0.0000         0.0000         -43711.7133         0.0000    -43711.7133    -43711.7133         0.0000          15214.4651     15173.1117    120171.0177     15214.4651     15173.1117

LINE MINIMIZER BRACKET: DX 0.000684 0.00460839 DU -0.0945308 3.98742 DUDX -256.409 -7.23982 1755.09 
ENERGY:     767         0.0000         0.0000         0.0000         0.0000         -47994.3029      4282.6229         0.0000         0.0000         0.0000         -43711.6800         0.0000    -43711.6800    -43711.6800         0.0000          15215.5337     15174.1184    120171.0177     15215.5337     15174.1184

LINE MINIMIZER BRACKET: DX 0.000684 0.000460839 DU -0.0945308 0.0333327 DUDX -256.409 -7.23982 162.681 
ENERGY:     768         0.0000         0.0000         0.0000         0.0000         -47994.0176      4282.3046         0.0000         0.0000         0.0000         -43711.7130         0.0000    -43711.7130    -43711.7130         0.0000          15214.5705     15173.2111    120171.0177     15214.5705     15173.2111

LINE MINIMIZER BRACKET: DX 0.000684 4.60839e-05 DU -0.0945308 0.000346874 DUDX -256.409 -7.23982 9.69358 
ENERGY:     769         0.0000         0.0000         0.0000         0.0000         -47993.9923      4282.2790         0.0000         0.0000         0.0000         -43711.7133         0.0000    -43711.7133    -43711.7133         0.0000          15214.4911     15173.1362    120171.0177     15214.4911     15173.1362

LINE MINIMIZER BRACKET: DX 0.000684 1.12969e-05 DU -0.0945308 2.43403e-05 DUDX -256.409 -7.23982 -3.09556 
ETITLE:      TS           BOND          ANGLE          DIHED          IMPRP               ELECT            VDW       BOUNDARY           MISC        KINETIC               TOTAL           TEMP      POTENTIAL         TOTAL3        TEMPAVG            PRESSURE      GPRESSURE         VOLUME       PRESSAVG      GPRESSAVG

ENERGY:     770         0.0000         0.0000         0.0000         0.0000         -47993.9841      4282.2708         0.0000         0.0000         0.0000         -43711.7133         0.0000    -43711.7133    -43711.7133         0.0000          15214.4652     15173.1117    120171.0177     15214.4652     15173.1117

MINIMIZER RESTARTING CONJUGATE GRADIENT ALGORITHM
LINE MINIMIZER REDUCING GRADIENT FROM 2415.18 TO 2.41518
ENERGY:     771         0.0000         0.0000         0.0000         0.0000         -47999.4554      4277.7791         0.0000         0.0000         0.0000         -43721.6762         0.0000    -43721.6762    -43721.6762         0.0000          15202.6064     15161.6165    120171.0177     15202.6064     15161.6165

ENERGY:     772         0.0000         0.0000         0.0000         0.0000         -48003.0671      4278.4886         0.0000         0.0000         0.0000         -43724.5786         0.0000    -43724.5786    -43724.5786         0.0000          15203.6790     15161.5688    120171.0177     15203.6790     15161.5688

ENERGY:     773         0.0000         0.0000         0.0000         0.0000         -48004.7576      4284.6674         0.0000         0.0000         0.0000         -43720.0901         0.0000    -43720.0901    -43720.0901         0.0000          15218.3207     15173.4960    120171.0177     15218.3207     15173.4960

LINE MINIMIZER BRACKET: DX 0.00568746 0.00568746 DU -2.90235 4.48844 DUDX -1120.61 109.652 1513.14 
ENERGY:     774         0.0000         0.0000         0.0000         0.0000         -48002.7926      4278.1863         0.0000         0.0000         0.0000         -43724.6063         0.0000    -43724.6063    -43724.6063         0.0000          15202.9936     15161.0610    120171.0177     15202.9936     15161.0610

LINE MINIMIZER BRACKET: DX 0.00511871 0.000568746 DU -2.93009 0.0277406 DUDX -1120.61 -17.6477 109.652 
ENERGY:     775         0.0000         0.0000         0.0000         0.0000         -48002.8301      4278.2233         0.0000         0.0000         0.0000         -43724.6067         0.0000    -43724.6067    -43724.6067         0.0000          15203.0779     15161.1227    120171.0177     15203.0779     15161.1227

LINE MINIMIZER BRACKET: DX 7.55545e-05 0.000493191 DU -0.000393012 0.0281336 DUDX -17.6477 -0.876791 109.652 
LINE MINIMIZER REDUCING GRADIENT FROM 2058.15 TO 2.05815
ENERGY:     776         0.0000         0.0000         0.0000         0.0000         -48010.1247      4272.5261         0.0000         0.0000         0.0000         -43737.5986         0.0000    -43737.5986    -43737.5986         0.0000          15188.0146     15147.1637    120171.0177     15188.0146     15147.1637

ENERGY:     777         0.0000         0.0000         0.0000         0.0000         -48013.8070      4272.6789         0.0000         0.0000         0.0000         -43741.1281         0.0000    -43741.1281    -43741.1281         0.0000          15187.9303     15146.9750    120171.0177     15187.9303     15146.9750

ENERGY:     778         0.0000         0.0000         0.0000         0.0000         -48013.8960      4278.0807         0.0000         0.0000         0.0000         -43735.8153         0.0000    -43735.8153    -43735.8153         0.0000          15201.3683     15159.3011    120171.0177     15201.3683     15159.3011

LINE MINIMIZER BRACKET: DX 0.00880589 0.00880589 DU -3.52947 5.31283 DUDX -919.763 104.432 1091.39 
ENERGY:     779         0.0000         0.0000         0.0000         0.0000         -48013.5958      4272.4148         0.0000         0.0000         0.0000         -43741.1810         0.0000    -43741.1810    -43741.1810         0.0000          15187.2984     15146.4019    120171.0177     15187.2984     15146.4019

LINE MINIMIZER BRACKET: DX 0.00789581 0.000910081 DU -3.58238 0.0529027 DUDX -919.763 0.818953 104.432 
LINE MINIMIZER REDUCING GRADIENT FROM 1880.29 TO 1.88029
ETITLE:      TS           BOND          ANGLE          DIHED          IMPRP               ELECT            VDW       BOUNDARY           MISC        KINETIC               TOTAL           TEMP      POTENTIAL         TOTAL3        TEMPAVG            PRESSURE      GPRESSURE         VOLUME       PRESSAVG      GPRESSAVG

ENERGY:     780         0.0000         0.0000         0.0000         0.0000         -48020.2500      4268.7662         0.0000         0.0000         0.0000         -43751.4838         0.0000    -43751.4838    -43751.4838         0.0000          15176.5658     15135.9823    120171.0177     15176.5658     15135.9823

ENERGY:     781         0.0000         0.0000         0.0000         0.0000         -48022.7223      4269.4313         0.0000         0.0000         0.0000         -43753.2910         0.0000    -43753.2910    -43753.2910         0.0000          15177.1881     15136.1914    120171.0177     15177.1881     15136.1914

ENERGY:     782         0.0000         0.0000         0.0000         0.0000         -48020.8810      4273.3182         0.0000         0.0000         0.0000         -43747.5628         0.0000    -43747.5628    -43747.5628         0.0000          15186.5940     15144.8910    120171.0177     15186.5940     15144.8910

LINE MINIMIZER BRACKET: DX 0.00804876 0.00804876 DU -1.80715 5.72812 DUDX -724.128 255.106 1156.2 
ENERGY:     783         0.0000         0.0000         0.0000         0.0000         -48022.4857      4268.9089         0.0000         0.0000         0.0000         -43753.5768         0.0000    -43753.5768    -43753.5768         0.0000          15176.0978     15135.2508    120171.0177     15176.0978     15135.2508

LINE MINIMIZER BRACKET: DX 0.00590827 0.00214049 DU -2.09299 0.285839 DUDX -724.128 3.39084 255.106 
ENERGY:     784         0.0000         0.0000         0.0000         0.0000         -48022.3671      4268.8063         0.0000         0.0000         0.0000         -43753.5609         0.0000    -43753.5609    -43753.5609         0.0000          15175.8991     15135.0894    120171.0177     15175.8991     15135.0894

LINE MINIMIZER BRACKET: DX 0.000590827 0.00214049 DU -0.0159186 0.285839 DUDX -66.7875 3.39084 255.106 
ENERGY:     785         0.0000         0.0000         0.0000         0.0000         -48022.4752      4268.8978         0.0000         0.0000         0.0000         -43753.5774         0.0000    -43753.5774    -43753.5774         0.0000          15176.0746     15135.2313    120171.0177     15176.0746     15135.2313

LINE MINIMIZER BRACKET: DX 0.000531745 5.90827e-05 DU -0.0164968 0.000578205 DUDX -66.7875 -3.60876 3.39084 
ENERGY:     786         0.0000         0.0000         0.0000         0.0000         -48022.4767      4268.8993         0.0000         0.0000         0.0000         -43753.5773         0.0000    -43753.5773    -43753.5773         0.0000          15176.0776     15135.2339    120171.0177     15176.0776     15135.2339

LINE MINIMIZER BRACKET: DX 0.000531745 7.9587e-06 DU -0.0164968 4.16939e-05 DUDX -66.7875 -3.60876 -2.6659 
ENERGY:     787         0.0000         0.0000         0.0000         0.0000         -48022.4752      4268.8978         0.0000         0.0000         0.0000         -43753.5774         0.0000    -43753.5774    -43753.5774         0.0000          15176.0746     15135.2313    120171.0177     15176.0746     15135.2313

LINE MINIMIZER REDUCING GRADIENT FROM 1379.12 TO 1.37912
ENERGY:     788         0.0000         0.0000         0.0000         0.0000         -48028.7032      4267.2882         0.0000         0.0000         0.0000         -43761.4150         0.0000    -43761.4150    -43761.4150         0.0000          15170.9452     15130.1243    120171.0177     15170.9452     15130.1243

ENERGY:     789         0.0000         0.0000         0.0000         0.0000         -48031.2617      4270.8732         0.0000         0.0000         0.0000         -43760.3885         0.0000    -43760.3885    -43760.3885         0.0000          15179.1672     15137.1269    120171.0177     15179.1672     15137.1269

LINE MINIMIZER BRACKET: DX 0.00908437 0.00908437 DU -7.83765 1.02649 DUDX -1379.12 -362.648 590.861 
ETITLE:      TS           BOND          ANGLE          DIHED          IMPRP               ELECT            VDW       BOUNDARY           MISC        KINETIC               TOTAL           TEMP      POTENTIAL         TOTAL3        TEMPAVG            PRESSURE      GPRESSURE         VOLUME       PRESSAVG      GPRESSAVG

ENERGY:     790         0.0000         0.0000         0.0000         0.0000         -48030.1218      4268.0746         0.0000         0.0000         0.0000         -43762.0472         0.0000    -43762.0472    -43762.0472         0.0000          15172.5807     15131.4271    120171.0177     15172.5807     15131.4271

LINE MINIMIZER BRACKET: DX 0.00346313 0.00562124 DU -0.632182 1.65867 DUDX -362.648 2.48256 590.861 
ENERGY:     791         0.0000         0.0000         0.0000         0.0000         -48030.0037      4267.9634         0.0000         0.0000         0.0000         -43762.0403         0.0000    -43762.0403    -43762.0403         0.0000          15172.3359     15131.2236    120171.0177     15172.3359     15131.2236

LINE MINIMIZER BRACKET: DX 0.000346313 0.00562124 DU -0.00695397 1.65867 DUDX -33.843 2.48256 590.861 
ENERGY:     792         0.0000         0.0000         0.0000         0.0000         -48030.1099      4268.0632         0.0000         0.0000         0.0000         -43762.0467         0.0000    -43762.0467    -43762.0467         0.0000          15172.5567     15131.4074    120171.0177     15172.5567     15131.4074

LINE MINIMIZER BRACKET: DX 3.46313e-05 0.00562124 DU -0.000465297 1.65867 DUDX -1.14897 2.48256 590.861 
LINE MINIMIZER REDUCING GRADIENT FROM 1409.04 TO 1.40904
ENERGY:     793         0.0000         0.0000         0.0000         0.0000         -48037.0147      4267.5457         0.0000         0.0000         0.0000         -43769.4690         0.0000    -43769.4690    -43769.4690         0.0000          15170.5028     15129.8778    120171.0177     15170.5028     15129.8778

ENERGY:     794         0.0000         0.0000         0.0000         0.0000         -48041.2945      4271.9203         0.0000         0.0000         0.0000         -43769.3742         0.0000    -43769.3742    -43769.3742         0.0000          15180.8054     15139.4023    120171.0177     15180.8054     15139.4023

LINE MINIMIZER BRACKET: DX 0.00767001 0.00767001 DU -7.42229 0.0948637 DUDX -1409.04 -508.34 582.451 
ENERGY:     795         0.0000         0.0000         0.0000         0.0000         -48039.4279      4268.9617         0.0000         0.0000         0.0000         -43770.4662         0.0000    -43770.4662    -43770.4662         0.0000          15173.7237     15132.9271    120171.0177     15173.7237     15132.9271

LINE MINIMIZER BRACKET: DX 0.00374391 0.0039261 DU -0.997139 1.092 DUDX -508.34 -12.8346 582.451 
ENERGY:     796         0.0000         0.0000         0.0000         0.0000         -48039.6429      4269.1846         0.0000         0.0000         0.0000         -43770.4584         0.0000    -43770.4584    -43770.4584         0.0000          15174.2571     15133.4218    120171.0177     15174.2571     15133.4218

LINE MINIMIZER BRACKET: DX 0.00374391 0.00039261 DU -0.997139 0.00782979 DUDX -508.34 -12.8346 42.6068 
ENERGY:     797         0.0000         0.0000         0.0000         0.0000         -48039.4713      4269.0042         0.0000         0.0000         0.0000         -43770.4671         0.0000    -43770.4671    -43770.4671         0.0000          15173.8220     15133.0181    120171.0177     15173.8220     15133.0181

LINE MINIMIZER BRACKET: DX 7.68666e-05 0.000315743 DU -0.000941587 0.00877138 DUDX -12.8346 -2.03846 42.6068 
ENERGY:     798         0.0000         0.0000         0.0000         0.0000         -48039.4886      4269.0218         0.0000         0.0000         0.0000         -43770.4668         0.0000    -43770.4668    -43770.4668         0.0000          15173.8649     15133.0580    120171.0177     15173.8649     15133.0580

LINE MINIMIZER BRACKET: DX 7.68666e-05 3.15743e-05 DU -0.000941587 0.000303784 DUDX -12.8346 -2.03846 2.40431 
ENERGY:     799         0.0000         0.0000         0.0000         0.0000         -48039.4730      4269.0059         0.0000         0.0000         0.0000         -43770.4671         0.0000    -43770.4671    -43770.4671         0.0000          15173.8262     15133.0220    120171.0177     15173.8262     15133.0220

LINE MINIMIZER BRACKET: DX 3.15743e-06 2.84169e-05 DU -5.4122e-06 0.000309196 DUDX -2.03846 -1.59422 2.40431 
Info: Benchmark time: 4 CPUs 0.0102271 s/step 0.11837 days/ns 280.039 MB memory
ETITLE:      TS           BOND          ANGLE          DIHED          IMPRP               ELECT            VDW       BOUNDARY           MISC        KINETIC               TOTAL           TEMP      POTENTIAL         TOTAL3        TEMPAVG            PRESSURE      GPRESSURE         VOLUME       PRESSAVG      GPRESSAVG

ENERGY:     800         0.0000         0.0000         0.0000         0.0000         -48039.4747      4269.0075         0.0000         0.0000         0.0000         -43770.4672         0.0000    -43770.4672    -43770.4672         0.0000          15173.8297     15133.0252    120171.0177     15173.8297     15133.0252

LINE MINIMIZER BRACKET: DX 2.84169e-06 2.55752e-05 DU -6.70158e-05 0.000376212 DUDX -1.59422 -1.19454 2.40431 
LINE MINIMIZER REDUCING GRADIENT FROM 1302.49 TO 1.30249
ENERGY:     801         0.0000         0.0000         0.0000         0.0000         -48050.4865      4271.6050         0.0000         0.0000         0.0000         -43778.8815         0.0000    -43778.8815    -43778.8815         0.0000          15178.6261     15138.0393    120171.0177     15178.6261     15138.0393

ENERGY:     802         0.0000         0.0000         0.0000         0.0000         -48052.0322      4281.6287         0.0000         0.0000         0.0000         -43770.4035         0.0000    -43770.4035    -43770.4035         0.0000          15203.3605     15161.6234    120171.0177     15203.3605     15161.6234

LINE MINIMIZER BRACKET: DX 0.0125651 0.0125651 DU -8.41429 8.47803 DUDX -1302.49 -20.9255 1384.64 
ENERGY:     803         0.0000         0.0000         0.0000         0.0000         -48051.0833      4272.2420         0.0000         0.0000         0.0000         -43778.8413         0.0000    -43778.8413    -43778.8413         0.0000          15180.1319     15139.4998    120171.0177     15180.1319     15139.4998

LINE MINIMIZER BRACKET: DX 0.0125651 0.00125651 DU -8.41429 0.0401666 DUDX -1302.49 -20.9255 109.532 
ENERGY:     804         0.0000         0.0000         0.0000         0.0000         -48050.6279      4271.7260         0.0000         0.0000         0.0000         -43778.9019         0.0000    -43778.9019    -43778.9019         0.0000          15178.9007     15138.3037    120171.0177     15178.9007     15138.3037

LINE MINIMIZER BRACKET: DX 0.000248552 0.00100795 DU -0.0203677 0.0605343 DUDX -20.9255 2.15162 109.532 
ENERGY:     805         0.0000         0.0000         0.0000         0.0000         -48050.6155      4271.7139         0.0000         0.0000         0.0000         -43778.9016         0.0000    -43778.9016    -43778.9016         0.0000          15178.8734     15138.2771    120171.0177     15178.8734     15138.2771

LINE MINIMIZER BRACKET: DX 2.48552e-05 0.00100795 DU -0.000268642 0.0605343 DUDX -0.48715 2.15162 109.532 
LINE MINIMIZER REDUCING GRADIENT FROM 1199.27 TO 1.19927
ENERGY:     806         0.0000         0.0000         0.0000         0.0000         -48058.7062      4272.4227         0.0000         0.0000         0.0000         -43786.2835         0.0000    -43786.2835    -43786.2835         0.0000          15179.4589     15138.5695    120171.0177     15179.4589     15138.5695

ENERGY:     807         0.0000         0.0000         0.0000         0.0000         -48061.6933      4280.0641         0.0000         0.0000         0.0000         -43781.6292         0.0000    -43781.6292    -43781.6292         0.0000          15197.8093     15154.7650    120171.0177     15197.8093     15154.7650

LINE MINIMIZER BRACKET: DX 0.0109307 0.0109307 DU -7.38189 4.6543 DUDX -1199.27 -143.801 1030.82 
ENERGY:     808         0.0000         0.0000         0.0000         0.0000         -48059.3697      4272.9763         0.0000         0.0000         0.0000         -43786.3934         0.0000    -43786.3934    -43786.3934         0.0000          15180.7257     15139.6770    120171.0177     15180.7257     15139.6770

LINE MINIMIZER BRACKET: DX 0.00137978 0.00955093 DU -0.109956 4.76426 DUDX -143.801 -6.29133 1030.82 
ENERGY:     809         0.0000         0.0000         0.0000         0.0000         -48059.7794      4273.4240         0.0000         0.0000         0.0000         -43786.3554         0.0000    -43786.3554    -43786.3554         0.0000          15181.7612     15140.5847    120171.0177     15181.7612     15140.5847

LINE MINIMIZER BRACKET: DX 0.00137978 0.000955093 DU -0.109956 0.0380195 DUDX -143.801 -6.29133 90.8263 
ETITLE:      TS           BOND          ANGLE          DIHED          IMPRP               ELECT            VDW       BOUNDARY           MISC        KINETIC               TOTAL           TEMP      POTENTIAL         TOTAL3        TEMPAVG            PRESSURE      GPRESSURE         VOLUME       PRESSAVG      GPRESSAVG

ENERGY:     810         0.0000         0.0000         0.0000         0.0000         -48059.4126      4273.0187         0.0000         0.0000         0.0000         -43786.3940         0.0000    -43786.3940    -43786.3940         0.0000          15180.8227     15139.7618    120171.0177     15180.8227     15139.7618

LINE MINIMIZER BRACKET: DX 9.55093e-05 0.000859584 DU -0.000515485 0.038535 DUDX -6.29133 3.36851 90.8263 
ENERGY:     811         0.0000         0.0000         0.0000         0.0000         -48059.4045      4273.0105         0.0000         0.0000         0.0000         -43786.3941         0.0000    -43786.3941    -43786.3941         0.0000          15180.8033     15139.7448    120171.0177     15180.8033     15139.7448

LINE MINIMIZER BRACKET: DX 7.71581e-05 1.83512e-05 DU -0.000632145 0.00011666 DUDX -6.29133 1.51061 3.36851 
ENERGY:     812         0.0000         0.0000         0.0000         0.0000         -48059.4010      4273.0070         0.0000         0.0000         0.0000         -43786.3940         0.0000    -43786.3940    -43786.3940         0.0000          15180.7958     15139.7383    120171.0177     15180.7958     15139.7383

LINE MINIMIZER BRACKET: DX 7.71581e-06 1.83512e-05 DU -0.000112698 0.00011666 DUDX 0.729582 1.51061 3.36851 
ENERGY:     813         0.0000         0.0000         0.0000         0.0000         -48059.4045      4273.0105         0.0000         0.0000         0.0000         -43786.3941         0.0000    -43786.3941    -43786.3941         0.0000          15180.8033     15139.7448    120171.0177     15180.8033     15139.7448

LINE MINIMIZER REDUCING GRADIENT FROM 1353.39 TO 1.35339
ENERGY:     814         0.0000         0.0000         0.0000         0.0000         -48068.7615      4273.1288         0.0000         0.0000         0.0000         -43795.6327         0.0000    -43795.6327    -43795.6327         0.0000          15180.5791     15139.4884    120171.0177     15180.5791     15139.4884

ENERGY:     815         0.0000         0.0000         0.0000         0.0000         -48068.3294      4278.2638         0.0000         0.0000         0.0000         -43790.0656         0.0000    -43790.0656    -43790.0656         0.0000          15194.4750     15152.7956    120171.0177     15194.4750     15152.7956

LINE MINIMIZER BRACKET: DX 0.0122459 0.0122459 DU -9.23861 5.56708 DUDX -1353.39 -156.19 1068.28 
ENERGY:     816         0.0000         0.0000         0.0000         0.0000         -48069.2616      4273.4988         0.0000         0.0000         0.0000         -43795.7628         0.0000    -43795.7628    -43795.7628         0.0000          15181.5619     15140.4312    120171.0177     15181.5619     15140.4312

LINE MINIMIZER BRACKET: DX 0.00156572 0.0106802 DU -0.130116 5.6972 DUDX -156.19 -3.61497 1068.28 
ENERGY:     817         0.0000         0.0000         0.0000         0.0000         -48069.5042      4273.7975         0.0000         0.0000         0.0000         -43795.7068         0.0000    -43795.7068    -43795.7068         0.0000          15182.3610     15141.1945    120171.0177     15182.3610     15141.1945

LINE MINIMIZER BRACKET: DX 0.00156572 0.00106802 DU -0.130116 0.0560136 DUDX -156.19 -3.61497 102.197 
ENERGY:     818         0.0000         0.0000         0.0000         0.0000         -48069.2882      4273.5269         0.0000         0.0000         0.0000         -43795.7613         0.0000    -43795.7613    -43795.7613         0.0000          15181.6413     15140.5073    120171.0177     15181.6413     15140.5073

LINE MINIMIZER BRACKET: DX 0.00156572 0.000106802 DU -0.130116 0.00149431 DUDX -156.19 -3.61497 6.9449 
ENERGY:     819         0.0000         0.0000         0.0000         0.0000         -48069.2646      4273.5017         0.0000         0.0000         0.0000         -43795.7629         0.0000    -43795.7629    -43795.7629         0.0000          15181.5694     15140.4384    120171.0177     15181.5694     15140.4384

LINE MINIMIZER BRACKET: DX 1.09643e-05 9.58374e-05 DU -0.000149269 0.00164358 DUDX -3.61497 -2.54323 6.9449 
ETITLE:      TS           BOND          ANGLE          DIHED          IMPRP               ELECT            VDW       BOUNDARY           MISC        KINETIC               TOTAL           TEMP      POTENTIAL         TOTAL3        TEMPAVG            PRESSURE      GPRESSURE         VOLUME       PRESSAVG      GPRESSAVG

ENERGY:     820         0.0000         0.0000         0.0000         0.0000         -48069.2671      4273.5042         0.0000         0.0000         0.0000         -43795.7629         0.0000    -43795.7629    -43795.7629         0.0000          15181.5760     15140.4447    120171.0177     15181.5760     15140.4447

LINE MINIMIZER BRACKET: DX 1.09643e-05 9.58374e-06 DU -0.000149269 1.57437e-06 DUDX -3.61497 -2.54323 -1.59501 
ENERGY:     821         0.0000         0.0000         0.0000         0.0000         -48069.2646      4273.5017         0.0000         0.0000         0.0000         -43795.7629         0.0000    -43795.7629    -43795.7629         0.0000          15181.5694     15140.4385    120171.0177     15181.5694     15140.4385

LINE MINIMIZER REDUCING GRADIENT FROM 1195.77 TO 1.19577
ENERGY:     822         0.0000         0.0000         0.0000         0.0000         -48081.6086      4277.2444         0.0000         0.0000         0.0000         -43804.3642         0.0000    -43804.3642    -43804.3642         0.0000          15190.0195     15149.1478    120171.0177     15190.0195     15149.1478

ENERGY:     823         0.0000         0.0000         0.0000         0.0000         -48084.9937      4286.7696         0.0000         0.0000         0.0000         -43798.2241         0.0000    -43798.2241    -43798.2241         0.0000          15214.2876     15172.6553    120171.0177     15214.2876     15172.6553

LINE MINIMIZER BRACKET: DX 0.0132486 0.0132486 DU -8.60124 6.14007 DUDX -1195.77 -101.556 1038.76 
ENERGY:     824         0.0000         0.0000         0.0000         0.0000         -48082.3588      4277.9310         0.0000         0.0000         0.0000         -43804.4277         0.0000    -43804.4277    -43804.4277         0.0000          15191.7270     15150.8255    120171.0177     15191.7270     15150.8255

LINE MINIMIZER BRACKET: DX 0.00132486 0.0119237 DU -0.063554 6.20363 DUDX -101.556 6.70369 1038.76 
ENERGY:     825         0.0000         0.0000         0.0000         0.0000         -48082.2886      4277.8599         0.0000         0.0000         0.0000         -43804.4286         0.0000    -43804.4286    -43804.4286         0.0000          15191.5481     15150.6499    120171.0177     15191.5481     15150.6499

LINE MINIMIZER BRACKET: DX 0.00119237 0.000132486 DU -0.0644333 0.000879304 DUDX -101.556 -4.41044 6.70369 
ENERGY:     826         0.0000         0.0000         0.0000         0.0000         -48082.3026      4277.8741         0.0000         0.0000         0.0000         -43804.4285         0.0000    -43804.4285    -43804.4285         0.0000          15191.5838     15150.6849    120171.0177     15191.5838     15150.6849

LINE MINIMIZER BRACKET: DX 0.00119237 2.6446e-05 DU -0.0644333 0.000108451 DUDX -101.556 -4.41044 -2.19192 
ENERGY:     827         0.0000         0.0000         0.0000         0.0000         -48082.2886      4277.8599         0.0000         0.0000         0.0000         -43804.4286         0.0000    -43804.4286    -43804.4286         0.0000          15191.5481     15150.6499    120171.0177     15191.5481     15150.6499

LINE MINIMIZER REDUCING GRADIENT FROM 1429.81 TO 1.42981
ENERGY:     828         0.0000         0.0000         0.0000         0.0000         -48090.2243      4278.4081         0.0000         0.0000         0.0000         -43811.8162         0.0000    -43811.8162    -43811.8162         0.0000          15192.4347     15152.6314    120171.0177     15192.4347     15152.6314

ENERGY:     829         0.0000         0.0000         0.0000         0.0000         -48092.7941      4286.2190         0.0000         0.0000         0.0000         -43806.5751         0.0000    -43806.5751    -43806.5751         0.0000          15211.9488     15171.3738    120171.0177     15211.9488     15171.3738

LINE MINIMIZER BRACKET: DX 0.00965726 0.00965726 DU -7.38758 5.24107 DUDX -1429.81 -113.703 1208.27 
ETITLE:      TS           BOND          ANGLE          DIHED          IMPRP               ELECT            VDW       BOUNDARY           MISC        KINETIC               TOTAL           TEMP      POTENTIAL         TOTAL3        TEMPAVG            PRESSURE      GPRESSURE         VOLUME       PRESSAVG      GPRESSAVG

ENERGY:     830         0.0000         0.0000         0.0000         0.0000         -48090.7284      4278.8659         0.0000         0.0000         0.0000         -43811.8625         0.0000    -43811.8625    -43811.8625         0.0000          15193.5566     15153.7586    120171.0177     15193.5566     15153.7586

LINE MINIMIZER BRACKET: DX 0.000965726 0.00869153 DU -0.0462939 5.28737 DUDX -113.703 14.7129 1208.27 
ENERGY:     831         0.0000         0.0000         0.0000         0.0000         -48090.6704      4278.8086         0.0000         0.0000         0.0000         -43811.8618         0.0000    -43811.8618    -43811.8618         0.0000          15193.4226     15153.6249    120171.0177     15193.4226     15153.6249

LINE MINIMIZER BRACKET: DX 0.000113397 0.00869153 DU -0.000639891 5.28737 DUDX -0.488125 14.7129 1208.27 
LINE MINIMIZER REDUCING GRADIENT FROM 1292.84 TO 1.29284
ENERGY:     832         0.0000         0.0000         0.0000         0.0000         -48096.5021      4276.4831         0.0000         0.0000         0.0000         -43820.0189         0.0000    -43820.0189    -43820.0189         0.0000          15187.0620     15147.7250    120171.0177     15187.0620     15147.7250

ENERGY:     833         0.0000         0.0000         0.0000         0.0000         -48095.6632      4277.3456         0.0000         0.0000         0.0000         -43818.3177         0.0000    -43818.3177    -43818.3177         0.0000          15189.7695     15150.5410    120171.0177     15189.7695     15150.5410

LINE MINIMIZER BRACKET: DX 0.0101121 0.0101121 DU -8.1571 1.70126 DUDX -1292.84 -320.932 660.769 
ENERGY:     834         0.0000         0.0000         0.0000         0.0000         -48096.9773      4276.4163         0.0000         0.0000         0.0000         -43820.5610         0.0000    -43820.5610    -43820.5610         0.0000          15186.9340     15147.6668    120171.0177     15186.9340     15147.6668

LINE MINIMIZER BRACKET: DX 0.00331714 0.00679497 DU -0.542036 2.24329 DUDX -320.932 -1.6348 660.769 
ENERGY:     835         0.0000         0.0000         0.0000         0.0000         -48096.9814      4276.4445         0.0000         0.0000         0.0000         -43820.5369         0.0000    -43820.5369    -43820.5369         0.0000          15187.0423     15147.7845    120171.0177     15187.0423     15147.7845

LINE MINIMIZER BRACKET: DX 0.00331714 0.000679497 DU -0.542036 0.0240495 DUDX -320.932 -1.6348 64.191 
ENERGY:     836         0.0000         0.0000         0.0000         0.0000         -48096.9787      4276.4185         0.0000         0.0000         0.0000         -43820.5602         0.0000    -43820.5602    -43820.5602         0.0000          15186.9445     15147.6783    120171.0177     15186.9445     15147.6783

LINE MINIMIZER BRACKET: DX 0.00331714 6.79497e-05 DU -0.542036 0.000740536 DUDX -320.932 -1.6348 4.94071 
ENERGY:     837         0.0000         0.0000         0.0000         0.0000         -48096.9774      4276.4165         0.0000         0.0000         0.0000         -43820.5608         0.0000    -43820.5608    -43820.5608         0.0000          15186.9355     15147.6685    120171.0177     15186.9355     15147.6685

LINE MINIMIZER BRACKET: DX 0.00331714 6.79497e-06 DU -0.542036 0.000135083 DUDX -320.932 -1.6348 -0.981735 
ENERGY:     838         0.0000         0.0000         0.0000         0.0000         -48096.9773      4276.4163         0.0000         0.0000         0.0000         -43820.5610         0.0000    -43820.5610    -43820.5610         0.0000          15186.9341     15147.6670    120171.0177     15186.9341     15147.6670

LINE MINIMIZER REDUCING GRADIENT FROM 1258.77 TO 1.25877
ENERGY:     839         0.0000         0.0000         0.0000         0.0000         -48102.8735      4274.6024         0.0000         0.0000         0.0000         -43828.2711         0.0000    -43828.2711    -43828.2711         0.0000          15182.4331     15142.9205    120171.0177     15182.4331     15142.9205

ETITLE:      TS           BOND          ANGLE          DIHED          IMPRP               ELECT            VDW       BOUNDARY           MISC        KINETIC               TOTAL           TEMP      POTENTIAL         TOTAL3        TEMPAVG            PRESSURE      GPRESSURE         VOLUME       PRESSAVG      GPRESSAVG

ENERGY:     840         0.0000         0.0000         0.0000         0.0000         -48103.3917      4278.4004         0.0000         0.0000         0.0000         -43824.9914         0.0000    -43824.9914    -43824.9914         0.0000          15192.5574     15151.4823    120171.0177     15192.5574     15151.4823

LINE MINIMIZER BRACKET: DX 0.010234 0.010234 DU -7.71006 3.2797 DUDX -1258.77 -237.234 902.405 
ENERGY:     841         0.0000         0.0000         0.0000         0.0000         -48103.4365      4274.8977         0.0000         0.0000         0.0000         -43828.5388         0.0000    -43828.5388    -43828.5388         0.0000          15183.2693     15143.5493    120171.0177     15183.2693     15143.5493

LINE MINIMIZER BRACKET: DX 0.00217663 0.00805732 DU -0.267708 3.54741 DUDX -237.234 -8.90262 902.405 
ENERGY:     842         0.0000         0.0000         0.0000         0.0000         -48103.5824      4275.0726         0.0000         0.0000         0.0000         -43828.5098         0.0000    -43828.5098    -43828.5098         0.0000          15183.7478     15143.9352    120171.0177     15183.7478     15143.9352

LINE MINIMIZER BRACKET: DX 0.00217663 0.000805732 DU -0.267708 0.0289883 DUDX -237.234 -8.90262 77.4313 
ENERGY:     843         0.0000         0.0000         0.0000         0.0000         -48103.4520      4274.9136         0.0000         0.0000         0.0000         -43828.5384         0.0000    -43828.5384    -43828.5384         0.0000          15183.3155     15143.5866    120171.0177     15183.3155     15143.5866

LINE MINIMIZER BRACKET: DX 0.00217663 8.05732e-05 DU -0.267708 0.000322584 DUDX -237.234 -8.90262 -0.313021 
ENERGY:     844         0.0000         0.0000         0.0000         0.0000         -48103.4365      4274.8977         0.0000         0.0000         0.0000         -43828.5388         0.0000    -43828.5388    -43828.5388         0.0000          15183.2693     15143.5493    120171.0177     15183.2693     15143.5493

LINE MINIMIZER REDUCING GRADIENT FROM 1373.65 TO 1.37365
ENERGY:     845         0.0000         0.0000         0.0000         0.0000         -48110.8467      4274.9313         0.0000         0.0000         0.0000         -43835.9154         0.0000    -43835.9154    -43835.9154         0.0000          15183.3086     15143.5186    120171.0177     15183.3086     15143.5186

ENERGY:     846         0.0000         0.0000         0.0000         0.0000         -48112.8223      4278.5647         0.0000         0.0000         0.0000         -43834.2576         0.0000    -43834.2576    -43834.2576         0.0000          15193.1467     15152.6603    120171.0177     15193.1467     15152.6603

LINE MINIMIZER BRACKET: DX 0.00863486 0.00863486 DU -7.37656 1.65778 DUDX -1373.65 -334.159 721.013 
ENERGY:     847         0.0000         0.0000         0.0000         0.0000         -48112.0761      4275.6912         0.0000         0.0000         0.0000         -43836.3849         0.0000    -43836.3849    -43836.3849         0.0000          15185.3400     15145.3929    120171.0177     15185.3400     15145.3929

LINE MINIMIZER BRACKET: DX 0.00274203 0.00589283 DU -0.469545 2.12732 DUDX -334.159 -2.61758 721.013 
ENERGY:     848         0.0000         0.0000         0.0000         0.0000         -48112.2648      4275.9019         0.0000         0.0000         0.0000         -43836.3629         0.0000    -43836.3629    -43836.3629         0.0000          15185.9182     15145.9295    120171.0177     15185.9182     15145.9295

LINE MINIMIZER BRACKET: DX 0.00274203 0.000589283 DU -0.469545 0.0220261 DUDX -334.159 -2.61758 69.0916 
ENERGY:     849         0.0000         0.0000         0.0000         0.0000         -48112.0961      4275.7115         0.0000         0.0000         0.0000         -43836.3846         0.0000    -43836.3846    -43836.3846         0.0000          15185.3961     15145.4450    120171.0177     15185.3961     15145.4450

LINE MINIMIZER BRACKET: DX 0.00274203 5.89283e-05 DU -0.469545 0.000328314 DUDX -334.159 -2.61758 4.54738 
ETITLE:      TS           BOND          ANGLE          DIHED          IMPRP               ELECT            VDW       BOUNDARY           MISC        KINETIC               TOTAL           TEMP      POTENTIAL         TOTAL3        TEMPAVG            PRESSURE      GPRESSURE         VOLUME       PRESSAVG      GPRESSAVG

ENERGY:     850         0.0000         0.0000         0.0000         0.0000         -48112.0794      4275.6944         0.0000         0.0000         0.0000         -43836.3849         0.0000    -43836.3849    -43836.3849         0.0000          15185.3488     15145.4011    120171.0177     15185.3488     15145.4011

LINE MINIMIZER BRACKET: DX 9.41808e-06 4.95102e-05 DU -2.80298e-05 0.000356344 DUDX -2.61758 -1.47552 4.54738 
ENERGY:     851         0.0000         0.0000         0.0000         0.0000         -48112.0811      4275.6961         0.0000         0.0000         0.0000         -43836.3850         0.0000    -43836.3850    -43836.3850         0.0000          15185.3532     15145.4052    120171.0177     15185.3532     15145.4052

LINE MINIMIZER BRACKET: DX 4.95102e-06 4.45592e-05 DU -5.25216e-05 0.000408865 DUDX -1.47552 -0.873442 4.54738 
LINE MINIMIZER REDUCING GRADIENT FROM 1291.95 TO 1.29195
ENERGY:     852         0.0000         0.0000         0.0000         0.0000         -48122.5554      4279.0993         0.0000         0.0000         0.0000         -43843.4561         0.0000    -43843.4561    -43843.4561         0.0000          15193.2160     15152.6900    120171.0177     15193.2160     15152.6900

ENERGY:     853         0.0000         0.0000         0.0000         0.0000         -48128.9188      4287.0990         0.0000         0.0000         0.0000         -43841.8198         0.0000    -43841.8198    -43841.8198         0.0000          15213.0910     15170.9975    120171.0177     15213.0910     15170.9975

LINE MINIMIZER BRACKET: DX 0.00865812 0.00865812 DU -7.07113 1.63631 DUDX -1291.95 -331.328 732.143 
ENERGY:     854         0.0000         0.0000         0.0000         0.0000         -48125.0345      4281.1071         0.0000         0.0000         0.0000         -43843.9274         0.0000    -43843.9274    -43843.9274         0.0000          15198.1381     15157.2301    120171.0177     15198.1381     15157.2301

LINE MINIMIZER BRACKET: DX 0.00275665 0.00590147 DU -0.4713 2.10761 DUDX -331.328 -8.23426 732.143 
ENERGY:     855         0.0000         0.0000         0.0000         0.0000         -48125.5096      4281.5994         0.0000         0.0000         0.0000         -43843.9102         0.0000    -43843.9102    -43843.9102         0.0000          15199.3585     15158.3555    120171.0177     15199.3585     15158.3555

LINE MINIMIZER BRACKET: DX 0.00275665 0.000590147 DU -0.4713 0.0172239 DUDX -331.328 -8.23426 62.6017 
ENERGY:     856         0.0000         0.0000         0.0000         0.0000         -48125.0877      4281.1602         0.0000         0.0000         0.0000         -43843.9275         0.0000    -43843.9275    -43843.9275         0.0000          15198.2697     15157.3515    120171.0177     15198.2697     15157.3515

LINE MINIMIZER BRACKET: DX 6.49309e-05 0.000525216 DU -0.000118236 0.0173421 DUDX -8.23426 -0.470827 62.6017 
LINE MINIMIZER REDUCING GRADIENT FROM 1403.39 TO 1.40339
ENERGY:     857         0.0000         0.0000         0.0000         0.0000         -48135.1345      4284.4429         0.0000         0.0000         0.0000         -43850.6916         0.0000    -43850.6916    -43850.6916         0.0000          15206.4920     15165.6350    120171.0177     15206.4920     15165.6350

ENERGY:     858         0.0000         0.0000         0.0000         0.0000         -48140.6066      4292.1576         0.0000         0.0000         0.0000         -43848.4489         0.0000    -43848.4489    -43848.4489         0.0000          15226.3236     15184.5690    120171.0177     15226.3236     15184.5690

LINE MINIMIZER BRACKET: DX 0.00795304 0.00795304 DU -6.76405 2.24267 DUDX -1403.39 -294.253 881.849 
ENERGY:     859         0.0000         0.0000         0.0000         0.0000         -48136.9665      4285.9704         0.0000         0.0000         0.0000         -43850.9961         0.0000    -43850.9961    -43850.9961         0.0000          15210.4154     15169.4235    120171.0177     15210.4154     15169.4235

LINE MINIMIZER BRACKET: DX 0.00203058 0.00592247 DU -0.304467 2.54713 DUDX -294.253 -3.50045 881.849 
ETITLE:      TS           BOND          ANGLE          DIHED          IMPRP               ELECT            VDW       BOUNDARY           MISC        KINETIC               TOTAL           TEMP      POTENTIAL         TOTAL3        TEMPAVG            PRESSURE      GPRESSURE         VOLUME       PRESSAVG      GPRESSAVG

ENERGY:     860         0.0000         0.0000         0.0000         0.0000         -48137.4475      4286.4710         0.0000         0.0000         0.0000         -43850.9765         0.0000    -43850.9765    -43850.9765         0.0000          15211.6895     15170.6467    120171.0177     15211.6895     15170.6467

LINE MINIMIZER BRACKET: DX 0.00203058 0.000592247 DU -0.304467 0.0195966 DUDX -294.253 -3.50045 82.4954 
ENERGY:     861         0.0000         0.0000         0.0000         0.0000         -48137.0166      4286.0193         0.0000         0.0000         0.0000         -43850.9973         0.0000    -43850.9973    -43850.9973         0.0000          15210.5362     15169.5394    120171.0177     15210.5362     15169.5394

LINE MINIMIZER BRACKET: DX 5.92247e-05 0.000533022 DU -0.00124628 0.0208429 DUDX -3.50045 5.07598 82.4954 
ENERGY:     862         0.0000         0.0000         0.0000         0.0000         -48137.0115      4286.0144         0.0000         0.0000         0.0000         -43850.9971         0.0000    -43850.9971    -43850.9971         0.0000          15210.5246     15169.5283    120171.0177     15210.5246     15169.5283

LINE MINIMIZER BRACKET: DX 5.92247e-06 0.000533022 DU -0.000241012 0.0208429 DUDX 4.21774 5.07598 82.4954 
ENERGY:     863         0.0000         0.0000         0.0000         0.0000         -48137.0166      4286.0193         0.0000         0.0000         0.0000         -43850.9973         0.0000    -43850.9973    -43850.9973         0.0000          15210.5362     15169.5394    120171.0177     15210.5362     15169.5394

LINE MINIMIZER REDUCING GRADIENT FROM 1337.33 TO 1.33733
ENERGY:     864         0.0000         0.0000         0.0000         0.0000         -48145.6078      4287.1175         0.0000         0.0000         0.0000         -43858.4903         0.0000    -43858.4903    -43858.4903         0.0000          15214.1405     15173.7070    120171.0177     15214.1405     15173.7070

ENERGY:     865         0.0000         0.0000         0.0000         0.0000         -48149.3353      4291.3803         0.0000         0.0000         0.0000         -43857.9550         0.0000    -43857.9550    -43857.9550         0.0000          15226.4204     15186.1036    120171.0177     15226.4204     15186.1036

LINE MINIMIZER BRACKET: DX 0.00842841 0.00842841 DU -7.49296 0.535258 DUDX -1337.33 -428.008 578.194 
ENERGY:     866         0.0000         0.0000         0.0000         0.0000         -48147.8310      4288.5381         0.0000         0.0000         0.0000         -43859.2929         0.0000    -43859.2929    -43859.2929         0.0000          15218.3106     15177.9916    120171.0177     15218.3106     15177.9916

LINE MINIMIZER BRACKET: DX 0.00366971 0.0047587 DU -0.802615 1.33787 DUDX -428.008 -4.81289 578.194 
ENERGY:     867         0.0000         0.0000         0.0000         0.0000         -48148.0531      4288.7693         0.0000         0.0000         0.0000         -43859.2838         0.0000    -43859.2838    -43859.2838         0.0000          15218.9733     15178.6626    120171.0177     15218.9733     15178.6626

LINE MINIMIZER BRACKET: DX 0.00366971 0.00047587 DU -0.802615 0.00909554 DUDX -428.008 -4.81289 51.6328 
ENERGY:     868         0.0000         0.0000         0.0000         0.0000         -48147.8541      4288.5609         0.0000         0.0000         0.0000         -43859.2932         0.0000    -43859.2932    -43859.2932         0.0000          15218.3758     15178.0578    120171.0177     15218.3758     15178.0578

LINE MINIMIZER BRACKET: DX 4.78616e-05 0.000428009 DU -0.000297396 0.00939294 DUDX -4.81289 0.845415 51.6328 
LINE MINIMIZER REDUCING GRADIENT FROM 1437.71 TO 1.43771
ENERGY:     869         0.0000         0.0000         0.0000         0.0000         -48154.6622      4288.2352         0.0000         0.0000         0.0000         -43866.4270         0.0000    -43866.4270    -43866.4270         0.0000          15218.6858     15178.9783    120171.0177     15218.6858     15178.9783

ETITLE:      TS           BOND          ANGLE          DIHED          IMPRP               ELECT            VDW       BOUNDARY           MISC        KINETIC               TOTAL           TEMP      POTENTIAL         TOTAL3        TEMPAVG            PRESSURE      GPRESSURE         VOLUME       PRESSAVG      GPRESSAVG

ENERGY:     870         0.0000         0.0000         0.0000         0.0000         -48156.8538      4291.8030         0.0000         0.0000         0.0000         -43865.0508         0.0000    -43865.0508    -43865.0508         0.0000          15229.3465     15189.5387    120171.0177     15229.3465     15189.5387

LINE MINIMIZER BRACKET: DX 0.00784429 0.00784429 DU -7.13381 1.3762 DUDX -1437.71 -378.062 741.829 
ENERGY:     871         0.0000         0.0000         0.0000         0.0000         -48155.9373      4288.9985         0.0000         0.0000         0.0000         -43866.9388         0.0000    -43866.9388    -43866.9388         0.0000          15221.1226     15181.4573    120171.0177     15221.1226     15181.4573

LINE MINIMIZER BRACKET: DX 0.00267897 0.00516532 DU -0.511802 1.888 DUDX -378.062 -5.17035 741.829 
ENERGY:     872         0.0000         0.0000         0.0000         0.0000         -48156.1219      4289.1987         0.0000         0.0000         0.0000         -43866.9232         0.0000    -43866.9232    -43866.9232         0.0000          15221.7286     15182.0620    120171.0177     15221.7286     15182.0620

LINE MINIMIZER BRACKET: DX 0.00267897 0.000516532 DU -0.511802 0.0155887 DUDX -378.062 -5.17035 67.7835 
ENERGY:     873         0.0000         0.0000         0.0000         0.0000         -48155.9562      4289.0177         0.0000         0.0000         0.0000         -43866.9385         0.0000    -43866.9385    -43866.9385         0.0000          15221.1825     15181.5171    120171.0177     15221.1825     15181.5171

LINE MINIMIZER BRACKET: DX 0.00267897 5.16532e-05 DU -0.511802 0.00028504 DUDX -378.062 -5.17035 2.10539 
ENERGY:     874         0.0000         0.0000         0.0000         0.0000         -48155.9417      4289.0031         0.0000         0.0000         0.0000         -43866.9386         0.0000    -43866.9386    -43866.9386         0.0000          15221.1376     15181.4723    120171.0177     15221.1376     15181.4723

LINE MINIMIZER BRACKET: DX 0.00267897 1.24929e-05 DU -0.511802 0.000190846 DUDX -378.062 -5.17035 -3.41234 
ENERGY:     875         0.0000         0.0000         0.0000         0.0000         -48155.9373      4288.9985         0.0000         0.0000         0.0000         -43866.9388         0.0000    -43866.9388    -43866.9388         0.0000          15221.1226     15181.4572    120171.0177     15221.1226     15181.4572

LINE MINIMIZER REDUCING GRADIENT FROM 1492.44 TO 1.49244
ENERGY:     876         0.0000         0.0000         0.0000         0.0000         -48164.4769      4290.4340         0.0000         0.0000         0.0000         -43874.0429         0.0000    -43874.0429    -43874.0429         0.0000          15225.3928     15185.5378    120171.0177     15225.3928     15185.5378

ENERGY:     877         0.0000         0.0000         0.0000         0.0000         -48168.6763      4294.5730         0.0000         0.0000         0.0000         -43874.1033         0.0000    -43874.1033    -43874.1033         0.0000          15237.1537     15196.7219    120171.0177     15237.1537     15196.7219

ENERGY:     878         0.0000         0.0000         0.0000         0.0000         -48168.4331      4301.9728         0.0000         0.0000         0.0000         -43866.4603         0.0000    -43866.4603    -43866.4603         0.0000          15257.7101     15216.2645    120171.0177     15257.7101     15216.2645

LINE MINIMIZER BRACKET: DX 0.00700112 0.00700112 DU -0.060368 7.64301 DUDX -525.227 522.874 1684.73 
ENERGY:     879         0.0000         0.0000         0.0000         0.0000         -48167.1589      4292.1699         0.0000         0.0000         0.0000         -43874.9890         0.0000    -43874.9890    -43874.9890         0.0000          15230.3588     15190.2623    120171.0177     15230.3588     15190.2623

LINE MINIMIZER BRACKET: DX 0.00355735 0.00344377 DU -0.94609 0.885722 DUDX -525.227 -6.06265 522.874 
ETITLE:      TS           BOND          ANGLE          DIHED          IMPRP               ELECT            VDW       BOUNDARY           MISC        KINETIC               TOTAL           TEMP      POTENTIAL         TOTAL3        TEMPAVG            PRESSURE      GPRESSURE         VOLUME       PRESSAVG      GPRESSAVG

ENERGY:     880         0.0000         0.0000         0.0000         0.0000         -48167.3602      4292.3771         0.0000         0.0000         0.0000         -43874.9830         0.0000    -43874.9830    -43874.9830         0.0000          15230.9431     15190.8176    120171.0177     15230.9431     15190.8176

LINE MINIMIZER BRACKET: DX 0.00355735 0.000344377 DU -0.94609 0.00597274 DUDX -525.227 -6.06265 45.5902 
ENERGY:     881         0.0000         0.0000         0.0000         0.0000         -48167.1861      4292.1963         0.0000         0.0000         0.0000         -43874.9897         0.0000    -43874.9897    -43874.9897         0.0000          15230.4313     15190.3312    120171.0177     15230.4313     15190.3312

LINE MINIMIZER BRACKET: DX 4.46e-05 0.000299777 DU -0.000716313 0.00668905 DUDX -6.06265 0.612308 45.5902 
LINE MINIMIZER REDUCING GRADIENT FROM 1728.42 TO 1.72842
ENERGY:     882         0.0000         0.0000         0.0000         0.0000         -48175.4710      4294.1969         0.0000         0.0000         0.0000         -43881.2741         0.0000    -43881.2741    -43881.2741         0.0000          15236.7548     15196.8886    120171.0177     15236.7548     15196.8886

ENERGY:     883         0.0000         0.0000         0.0000         0.0000         -48180.3129      4299.9917         0.0000         0.0000         0.0000         -43880.3212         0.0000    -43880.3212    -43880.3212         0.0000          15252.9451     15212.4310    120171.0177     15252.9451     15212.4310

LINE MINIMIZER BRACKET: DX 0.00562104 0.00562104 DU -6.28436 0.952921 DUDX -1728.42 -493.545 860.182 
ENERGY:     884         0.0000         0.0000         0.0000         0.0000         -48177.6805      4295.8776         0.0000         0.0000         0.0000         -43881.8029         0.0000    -43881.8029    -43881.8029         0.0000          15241.5442     15201.5455    120171.0177     15241.5442     15201.5455

LINE MINIMIZER BRACKET: DX 0.00209196 0.00352908 DU -0.528782 1.4817 DUDX -493.545 -8.18063 860.182 
ENERGY:     885         0.0000         0.0000         0.0000         0.0000         -48178.0030      4296.2148         0.0000         0.0000         0.0000         -43881.7883         0.0000    -43881.7883    -43881.7883         0.0000          15242.5038     15202.4706    120171.0177     15242.5038     15202.4706

LINE MINIMIZER BRACKET: DX 0.00209196 0.000352908 DU -0.528782 0.0145813 DUDX -493.545 -8.18063 75.6769 
ENERGY:     886         0.0000         0.0000         0.0000         0.0000         -48177.7128      4295.9106         0.0000         0.0000         0.0000         -43881.8022         0.0000    -43881.8022    -43881.8022         0.0000          15241.6408     15201.6388    120171.0177     15241.6408     15201.6388

LINE MINIMIZER BRACKET: DX 0.00209196 3.52908e-05 DU -0.528782 0.000705866 DUDX -493.545 -8.18063 0.172535 
LINE MINIMIZER REDUCING GRADIENT FROM 1630.34 TO 1.63034
ENERGY:     887         0.0000         0.0000         0.0000         0.0000         -48187.6197      4299.4040         0.0000         0.0000         0.0000         -43888.2157         0.0000    -43888.2157    -43888.2157         0.0000          15251.9143     15211.9546    120171.0177     15251.9143     15211.9546

ENERGY:     888         0.0000         0.0000         0.0000         0.0000         -48193.7091      4305.7133         0.0000         0.0000         0.0000         -43887.9958         0.0000    -43887.9958    -43887.9958         0.0000          15269.8622     15229.5716    120171.0177     15269.8622     15229.5716

LINE MINIMIZER BRACKET: DX 0.00586791 0.00586791 DU -6.41353 0.219892 DUDX -1630.34 -542.436 635.745 
ENERGY:     889         0.0000         0.0000         0.0000         0.0000         -48190.9522      4301.9788         0.0000         0.0000         0.0000         -43888.9734         0.0000    -43888.9734    -43888.9734         0.0000          15259.2817     15219.2128    120171.0177     15259.2817     15219.2128

LINE MINIMIZER BRACKET: DX 0.00274436 0.00312355 DU -0.757701 0.977594 DUDX -542.436 -5.17391 635.745 
ETITLE:      TS           BOND          ANGLE          DIHED          IMPRP               ELECT            VDW       BOUNDARY           MISC        KINETIC               TOTAL           TEMP      POTENTIAL         TOTAL3        TEMPAVG            PRESSURE      GPRESSURE         VOLUME       PRESSAVG      GPRESSAVG

ENERGY:     890         0.0000         0.0000         0.0000         0.0000         -48191.2773      4302.3126         0.0000         0.0000         0.0000         -43888.9647         0.0000    -43888.9647    -43888.9647         0.0000          15260.2346     15220.1483    120171.0177     15260.2346     15220.1483

LINE MINIMIZER BRACKET: DX 0.00274436 0.000312355 DU -0.757701 0.0086831 DUDX -542.436 -5.17391 57.4224 
ENERGY:     891         0.0000         0.0000         0.0000         0.0000         -48190.9860      4302.0118         0.0000         0.0000         0.0000         -43888.9742         0.0000    -43888.9742    -43888.9742         0.0000          15259.3728     15219.3022    120171.0177     15259.3728     15219.3022

LINE MINIMIZER BRACKET: DX 3.12355e-05 0.000281119 DU -0.000804852 0.00948795 DUDX -5.17391 1.07186 57.4224 
LINE MINIMIZER REDUCING GRADIENT FROM 1698.36 TO 1.69836
ENERGY:     892         0.0000         0.0000         0.0000         0.0000         -48199.7035      4305.0474         0.0000         0.0000         0.0000         -43894.6561         0.0000    -43894.6561    -43894.6561         0.0000          15268.5747     15228.8120    120171.0177     15268.5747     15228.8120

ENERGY:     893         0.0000         0.0000         0.0000         0.0000         -48204.7422      4311.0203         0.0000         0.0000         0.0000         -43893.7218         0.0000    -43893.7218    -43893.7218         0.0000          15285.5862     15245.7188    120171.0177     15285.5862     15245.7188

LINE MINIMIZER BRACKET: DX 0.00526116 0.00526116 DU -5.68194 0.934301 DUDX -1698.36 -459.271 832.94 
ENERGY:     894         0.0000         0.0000         0.0000         0.0000         -48201.9528      4306.8537         0.0000         0.0000         0.0000         -43895.0990         0.0000    -43895.0990    -43895.0990         0.0000          15273.7780     15234.0194    120171.0177     15273.7780     15234.0194

LINE MINIMIZER BRACKET: DX 0.00189705 0.0033641 DU -0.442876 1.37718 DUDX -459.271 -2.1987 832.94 
ENERGY:     895         0.0000         0.0000         0.0000         0.0000         -48202.3013      4307.2143         0.0000         0.0000         0.0000         -43895.0870         0.0000    -43895.0870    -43895.0870         0.0000          15274.8081     15235.0450    120171.0177     15274.8081     15235.0450

LINE MINIMIZER BRACKET: DX 0.00189705 0.00033641 DU -0.442876 0.0120205 DUDX -459.271 -2.1987 79.8003 
ENERGY:     896         0.0000         0.0000         0.0000         0.0000         -48201.9876      4306.8893         0.0000         0.0000         0.0000         -43895.0984         0.0000    -43895.0984    -43895.0984         0.0000          15273.8821     15234.1231    120171.0177     15273.8821     15234.1231

LINE MINIMIZER BRACKET: DX 0.00189705 3.3641e-05 DU -0.442876 0.000641857 DUDX -459.271 -2.1987 5.98685 
ENERGY:     897         0.0000         0.0000         0.0000         0.0000         -48201.9567      4306.8573         0.0000         0.0000         0.0000         -43895.0994         0.0000    -43895.0994    -43895.0994         0.0000          15273.7867     15234.0280    120171.0177     15273.7867     15234.0280

LINE MINIMIZER BRACKET: DX 3.3641e-06 3.02769e-05 DU -0.000367635 0.00100949 DUDX -2.1987 -1.38199 5.98685 
LINE MINIMIZER REDUCING GRADIENT FROM 1618.17 TO 1.61817
ENERGY:     898         0.0000         0.0000         0.0000         0.0000         -48211.2417      4310.6488         0.0000         0.0000         0.0000         -43900.5928         0.0000    -43900.5928    -43900.5928         0.0000          15284.1589     15244.0408    120171.0177     15284.1589     15244.0408

ENERGY:     899         0.0000         0.0000         0.0000         0.0000         -48217.0298      4317.4573         0.0000         0.0000         0.0000         -43899.5724         0.0000    -43899.5724    -43899.5724         0.0000          15302.5866     15261.5904    120171.0177     15302.5866     15261.5904

LINE MINIMIZER BRACKET: DX 0.00529448 0.00529448 DU -5.49346 1.02041 DUDX -1618.17 -439.326 842.628 
Info: Benchmark time: 4 CPUs 0.0101779 s/step 0.117799 days/ns 280.039 MB memory
ETITLE:      TS           BOND          ANGLE          DIHED          IMPRP               ELECT            VDW       BOUNDARY           MISC        KINETIC               TOTAL           TEMP      POTENTIAL         TOTAL3        TEMPAVG            PRESSURE      GPRESSURE         VOLUME       PRESSAVG      GPRESSAVG

ENERGY:     900         0.0000         0.0000         0.0000         0.0000         -48213.6494      4312.6486         0.0000         0.0000         0.0000         -43901.0008         0.0000    -43901.0008    -43901.0008         0.0000          15289.6076     15249.2472    120171.0177     15289.6076     15249.2472

LINE MINIMIZER BRACKET: DX 0.00184002 0.00345445 DU -0.407978 1.42839 DUDX -439.326 -7.98506 842.628 
ENERGY:     901         0.0000         0.0000         0.0000         0.0000         -48214.0536      4313.0660         0.0000         0.0000         0.0000         -43900.9875         0.0000    -43900.9875    -43900.9875         0.0000          15290.7450     15250.3318    120171.0177     15290.7450     15250.3318

LINE MINIMIZER BRACKET: DX 0.00184002 0.000345445 DU -0.407978 0.0132784 DUDX -439.326 -7.98506 74.6023 
ENERGY:     902         0.0000         0.0000         0.0000         0.0000         -48213.6902      4312.6897         0.0000         0.0000         0.0000         -43901.0005         0.0000    -43901.0005    -43901.0005         0.0000          15289.7206     15249.3550    120171.0177     15289.7206     15249.3550

LINE MINIMIZER BRACKET: DX 0.00184002 3.45445e-05 DU -0.407978 0.000340813 DUDX -439.326 -7.98506 0.246005 
LINE MINIMIZER REDUCING GRADIENT FROM 1672.14 TO 1.67214
ENERGY:     903         0.0000         0.0000         0.0000         0.0000         -48222.5807      4316.3468         0.0000         0.0000         0.0000         -43906.2339         0.0000    -43906.2339    -43906.2339         0.0000          15299.5633     15258.6843    120171.0177     15299.5633     15258.6843

ENERGY:     904         0.0000         0.0000         0.0000         0.0000         -48228.0000      4321.8634         0.0000         0.0000         0.0000         -43906.1366         0.0000    -43906.1366    -43906.1366         0.0000          15314.6897     15273.1455    120171.0177     15314.6897     15273.1455

LINE MINIMIZER BRACKET: DX 0.00464354 0.00464354 DU -5.23341 0.0972905 DUDX -1672.14 -566.538 615.493 
ENERGY:     905         0.0000         0.0000         0.0000         0.0000         -48225.6289      4318.7565         0.0000         0.0000         0.0000         -43906.8724         0.0000    -43906.8724    -43906.8724         0.0000          15306.1605     15264.9815    120171.0177     15306.1605     15264.9815

LINE MINIMIZER BRACKET: DX 0.00223897 0.00240457 DU -0.638474 0.735764 DUDX -566.538 -7.45175 615.493 
ENERGY:     906         0.0000         0.0000         0.0000         0.0000         -48225.9079      4319.0423         0.0000         0.0000         0.0000         -43906.8656         0.0000    -43906.8656    -43906.8656         0.0000          15306.9458     15265.7323    120171.0177     15306.9458     15265.7323

LINE MINIMIZER BRACKET: DX 0.00223897 0.000240457 DU -0.638474 0.00676601 DUDX -566.538 -7.45175 53.7623 
ENERGY:     907         0.0000         0.0000         0.0000         0.0000         -48225.6590      4318.7862         0.0000         0.0000         0.0000         -43906.8728         0.0000    -43906.8728    -43906.8728         0.0000          15306.2400     15265.0575    120171.0177     15306.2400     15265.0575

LINE MINIMIZER BRACKET: DX 2.51733e-05 0.000215284 DU -0.000467572 0.00723358 DUDX -7.45175 -1.04722 53.7623 
LINE MINIMIZER REDUCING GRADIENT FROM 1825.39 TO 1.82539
ENERGY:     908         0.0000         0.0000         0.0000         0.0000         -48233.3882      4321.7485         0.0000         0.0000         0.0000         -43911.6397         0.0000    -43911.6397    -43911.6397         0.0000          15314.8688     15273.6920    120171.0177     15314.8688     15273.6920

ENERGY:     909         0.0000         0.0000         0.0000         0.0000         -48238.3720      4326.8282         0.0000         0.0000         0.0000         -43911.5438         0.0000    -43911.5438    -43911.5438         0.0000          15329.1271     15287.6925    120171.0177     15329.1271     15287.6925

LINE MINIMIZER BRACKET: DX 0.00389169 0.00389169 DU -4.76692 0.0959332 DUDX -1825.39 -615.829 682.174 
ETITLE:      TS           BOND          ANGLE          DIHED          IMPRP               ELECT            VDW       BOUNDARY           MISC        KINETIC               TOTAL           TEMP      POTENTIAL         TOTAL3        TEMPAVG            PRESSURE      GPRESSURE         VOLUME       PRESSAVG      GPRESSAVG

ENERGY:     910         0.0000         0.0000         0.0000         0.0000         -48236.1314      4323.9081         0.0000         0.0000         0.0000         -43912.2233         0.0000    -43912.2233    -43912.2233         0.0000          15320.9697     15279.7036    120171.0177     15320.9697     15279.7036

LINE MINIMIZER BRACKET: DX 0.00187095 0.00202073 DU -0.583556 0.679489 DUDX -615.829 -4.6616 682.174 
ENERGY:     911         0.0000         0.0000         0.0000         0.0000         -48236.3896      4324.1719         0.0000         0.0000         0.0000         -43912.2177         0.0000    -43912.2177    -43912.2177         0.0000          15321.7097     15280.4303    120171.0177     15321.7097     15280.4303

LINE MINIMIZER BRACKET: DX 0.00187095 0.000202073 DU -0.583556 0.00561735 DUDX -615.829 -4.6616 62.7311 
ENERGY:     912         0.0000         0.0000         0.0000         0.0000         -48236.1581      4323.9342         0.0000         0.0000         0.0000         -43912.2239         0.0000    -43912.2239    -43912.2239         0.0000          15321.0409     15279.7735    120171.0177     15321.0409     15279.7735

LINE MINIMIZER BRACKET: DX 2.02073e-05 0.000181866 DU -0.000590985 0.00620834 DUDX -4.6616 2.06238 62.7311 
ENERGY:     913         0.0000         0.0000         0.0000         0.0000         -48236.1554      4323.9315         0.0000         0.0000         0.0000         -43912.2238         0.0000    -43912.2238    -43912.2238         0.0000          15321.0338     15279.7665    120171.0177     15321.0338     15279.7665

LINE MINIMIZER BRACKET: DX 2.02073e-06 0.000181866 DU -8.65706e-05 0.00620834 DUDX 1.38883 2.06238 62.7311 
ENERGY:     914         0.0000         0.0000         0.0000         0.0000         -48236.1581      4323.9342         0.0000         0.0000         0.0000         -43912.2239         0.0000    -43912.2239    -43912.2239         0.0000          15321.0409     15279.7735    120171.0177     15321.0409     15279.7735

LINE MINIMIZER REDUCING GRADIENT FROM 1726.48 TO 1.72648
ENERGY:     915         0.0000         0.0000         0.0000         0.0000         -48244.3849      4327.8680         0.0000         0.0000         0.0000         -43916.5169         0.0000    -43916.5169    -43916.5169         0.0000          15332.0682     15290.6572    120171.0177     15332.0682     15290.6572

ENERGY:     916         0.0000         0.0000         0.0000         0.0000         -48250.2263      4333.9793         0.0000         0.0000         0.0000         -43916.2470         0.0000    -43916.2470    -43916.2470         0.0000          15348.8665     15307.0008    120171.0177     15348.8665     15307.0008

LINE MINIMIZER BRACKET: DX 0.00375678 0.00375678 DU -4.29298 0.269873 DUDX -1726.48 -551.223 700.022 
ENERGY:     917         0.0000         0.0000         0.0000         0.0000         -48247.2628      4330.2893         0.0000         0.0000         0.0000         -43916.9735         0.0000    -43916.9735    -43916.9735         0.0000          15338.7668     15297.1945    120171.0177     15338.7668     15297.1945

LINE MINIMIZER BRACKET: DX 0.00166182 0.00209496 DU -0.456589 0.726462 DUDX -551.223 -8.47404 700.022 
ENERGY:     918         0.0000         0.0000         0.0000         0.0000         -48247.5929      4330.6257         0.0000         0.0000         0.0000         -43916.9672         0.0000    -43916.9672    -43916.9672         0.0000          15339.6911     15298.0939    120171.0177     15339.6911     15298.0939

LINE MINIMIZER BRACKET: DX 0.00166182 0.000209496 DU -0.456589 0.0062395 DUDX -551.223 -8.47404 61.1228 
ENERGY:     919         0.0000         0.0000         0.0000         0.0000         -48247.3004      4330.3262         0.0000         0.0000         0.0000         -43916.9742         0.0000    -43916.9742    -43916.9742         0.0000          15338.8653     15297.2902    120171.0177     15338.8653     15297.2902

LINE MINIMIZER BRACKET: DX 2.32017e-05 0.000186294 DU -0.000729592 0.00696909 DUDX -8.47404 -0.780366 61.1228 
LINE MINIMIZER REDUCING GRADIENT FROM 1809.79 TO 1.80979
ETITLE:      TS           BOND          ANGLE          DIHED          IMPRP               ELECT            VDW       BOUNDARY           MISC        KINETIC               TOTAL           TEMP      POTENTIAL         TOTAL3        TEMPAVG            PRESSURE      GPRESSURE         VOLUME       PRESSAVG      GPRESSAVG

ENERGY:     920         0.0000         0.0000         0.0000         0.0000         -48255.4550      4334.3343         0.0000         0.0000         0.0000         -43921.1207         0.0000    -43921.1207    -43921.1207         0.0000          15349.9016     15308.2121    120171.0177     15349.9016     15308.2121

ENERGY:     921         0.0000         0.0000         0.0000         0.0000         -48261.0880      4339.6805         0.0000         0.0000         0.0000         -43921.4075         0.0000    -43921.4075    -43921.4075         0.0000          15364.6469     15322.7922    120171.0177     15364.6469     15322.7922

ENERGY:     922         0.0000         0.0000         0.0000         0.0000         -48264.1394      4346.4767         0.0000         0.0000         0.0000         -43917.6627         0.0000    -43917.6627    -43917.6627         0.0000          15383.3921     15341.3262    120171.0177     15383.3921     15341.3262

LINE MINIMIZER BRACKET: DX 0.0033318 0.0033318 DU -0.286771 3.74477 DUDX -674.131 508.671 1746.59 
ENERGY:     923         0.0000         0.0000         0.0000         0.0000         -48258.9917      4337.2247         0.0000         0.0000         0.0000         -43921.7670         0.0000    -43921.7670    -43921.7670         0.0000          15357.8584     15316.0829    120171.0177     15357.8584     15316.0829

LINE MINIMIZER BRACKET: DX 0.00190699 0.00142481 DU -0.646256 0.359486 DUDX -674.131 -4.58691 508.671 
ENERGY:     924         0.0000         0.0000         0.0000         0.0000         -48259.2216      4337.4587         0.0000         0.0000         0.0000         -43921.7629         0.0000    -43921.7629    -43921.7629         0.0000          15358.5078     15316.7251    120171.0177     15358.5078     15316.7251

LINE MINIMIZER BRACKET: DX 0.00190699 0.000142481 DU -0.646256 0.00405603 DUDX -674.131 -4.58691 46.1856 
ENERGY:     925         0.0000         0.0000         0.0000         0.0000         -48259.0145      4337.2480         0.0000         0.0000         0.0000         -43921.7665         0.0000    -43921.7665    -43921.7665         0.0000          15357.9244     15316.1482    120171.0177     15357.9244     15316.1482

LINE MINIMIZER BRACKET: DX 0.00190699 1.42481e-05 DU -0.646256 0.00042869 DUDX -674.131 -4.58691 0.487957 
LINE MINIMIZER REDUCING GRADIENT FROM 1866.58 TO 1.86658
ENERGY:     926         0.0000         0.0000         0.0000         0.0000         -48266.1791      4340.5154         0.0000         0.0000         0.0000         -43925.6637         0.0000    -43925.6637    -43925.6637         0.0000          15366.8889     15325.1107    120171.0177     15366.8889     15325.1107

ENERGY:     927         0.0000         0.0000         0.0000         0.0000         -48270.9986      4345.1132         0.0000         0.0000         0.0000         -43925.8854         0.0000    -43925.8854    -43925.8854         0.0000          15379.5206     15337.5994    120171.0177     15379.5206     15337.5994

ENERGY:     928         0.0000         0.0000         0.0000         0.0000         -48273.4289      4351.1285         0.0000         0.0000         0.0000         -43922.3003         0.0000    -43922.3003    -43922.3003         0.0000          15396.0015     15353.8015    120171.0177     15396.0015     15353.8015

LINE MINIMIZER BRACKET: DX 0.00304845 0.00304845 DU -0.221679 3.58507 DUDX -684.195 540.736 1818.86 
ENERGY:     929         0.0000         0.0000         0.0000         0.0000         -48269.1673      4342.9187         0.0000         0.0000         0.0000         -43926.2486         0.0000    -43926.2486    -43926.2486         0.0000          15373.4865     15331.6475    120171.0177     15373.4865     15331.6475

LINE MINIMIZER BRACKET: DX 0.00170491 0.00134354 DU -0.584876 0.363196 DUDX -684.195 -6.43717 540.736 
ETITLE:      TS           BOND          ANGLE          DIHED          IMPRP               ELECT            VDW       BOUNDARY           MISC        KINETIC               TOTAL           TEMP      POTENTIAL         TOTAL3        TEMPAVG            PRESSURE      GPRESSURE         VOLUME       PRESSAVG      GPRESSAVG

ENERGY:     930         0.0000         0.0000         0.0000         0.0000         -48269.3699      4343.1261         0.0000         0.0000         0.0000         -43926.2438         0.0000    -43926.2438    -43926.2438         0.0000          15374.0627     15332.2169    120171.0177     15374.0627     15332.2169

LINE MINIMIZER BRACKET: DX 0.00170491 0.000134354 DU -0.584876 0.00483407 DUDX -684.195 -6.43717 47.705 
ENERGY:     931         0.0000         0.0000         0.0000         0.0000         -48269.1877      4342.9393         0.0000         0.0000         0.0000         -43926.2483         0.0000    -43926.2483    -43926.2483         0.0000          15373.5441     15331.7045    120171.0177     15373.5441     15331.7045

LINE MINIMIZER BRACKET: DX 0.00170491 1.34354e-05 DU -0.584876 0.000254456 DUDX -684.195 -6.43717 -1.03251 
ENERGY:     932         0.0000         0.0000         0.0000         0.0000         -48269.1673      4342.9187         0.0000         0.0000         0.0000         -43926.2486         0.0000    -43926.2486    -43926.2486         0.0000          15373.4865     15331.6475    120171.0177     15373.4865     15331.6475

LINE MINIMIZER REDUCING GRADIENT FROM 1834.34 TO 1.83434
ENERGY:     933         0.0000         0.0000         0.0000         0.0000         -48275.8733      4345.8457         0.0000         0.0000         0.0000         -43930.0276         0.0000    -43930.0276    -43930.0276         0.0000          15381.2494     15339.2260    120171.0177     15381.2494     15339.2260

ENERGY:     934         0.0000         0.0000         0.0000         0.0000         -48280.4102      4350.0643         0.0000         0.0000         0.0000         -43930.3460         0.0000    -43930.3460    -43930.3460         0.0000          15392.4712     15350.1031    120171.0177     15392.4712     15350.1031

ENERGY:     935         0.0000         0.0000         0.0000         0.0000         -48282.7222      4355.6846         0.0000         0.0000         0.0000         -43927.0376         0.0000    -43927.0376    -43927.0376         0.0000          15407.5154     15364.6295    120171.0177     15407.5154     15364.6295

LINE MINIMIZER BRACKET: DX 0.00298596 0.00298596 DU -0.318338 3.30833 DUDX -692.907 494.172 1735.71 
ENERGY:     936         0.0000         0.0000         0.0000         0.0000         -48278.8114      4348.1670         0.0000         0.0000         0.0000         -43930.6444         0.0000    -43930.6444    -43930.6444         0.0000          15387.4164     15345.2116    120171.0177     15387.4164     15345.2116

LINE MINIMIZER BRACKET: DX 0.00175792 0.00122805 DU -0.616817 0.298479 DUDX -692.907 -1.2913 494.172 
LINE MINIMIZER REDUCING GRADIENT FROM 2019.9 TO 2.0199
ENERGY:     937         0.0000         0.0000         0.0000         0.0000         -48284.7725      4350.3031         0.0000         0.0000         0.0000         -43934.4694         0.0000    -43934.4694    -43934.4694         0.0000          15393.1553     15351.0458    120171.0177     15393.1553     15351.0458

ENERGY:     938         0.0000         0.0000         0.0000         0.0000         -48288.4921      4353.3193         0.0000         0.0000         0.0000         -43935.1727         0.0000    -43935.1727    -43935.1727         0.0000          15401.5033     15359.4803    120171.0177     15401.5033     15359.4803

ENERGY:     939         0.0000         0.0000         0.0000         0.0000         -48289.9666      4357.2770         0.0000         0.0000         0.0000         -43932.6896         0.0000    -43932.6896    -43932.6896         0.0000          15412.5285     15370.5841    120171.0177     15412.5285     15370.5841

LINE MINIMIZER BRACKET: DX 0.00264456 0.00264456 DU -0.703304 2.48318 DUDX -860.598 330.292 1557.57 
ETITLE:      TS           BOND          ANGLE          DIHED          IMPRP               ELECT            VDW       BOUNDARY           MISC        KINETIC               TOTAL           TEMP      POTENTIAL         TOTAL3        TEMPAVG            PRESSURE      GPRESSURE         VOLUME       PRESSAVG      GPRESSAVG

ENERGY:     940         0.0000         0.0000         0.0000         0.0000         -48287.6879      4352.3929         0.0000         0.0000         0.0000         -43935.2950         0.0000    -43935.2950    -43935.2950         0.0000          15398.9296     15356.8843    120171.0177     15398.9296     15356.8843

LINE MINIMIZER BRACKET: DX 0.00191206 0.000732491 DU -0.825608 0.122304 DUDX -860.598 -4.01799 330.292 
ENERGY:     941         0.0000         0.0000         0.0000         0.0000         -48287.7769      4352.4824         0.0000         0.0000         0.0000         -43935.2946         0.0000    -43935.2946    -43935.2946         0.0000          15399.1756     15357.1327    120171.0177     15399.1756     15357.1327

LINE MINIMIZER BRACKET: DX 0.00191206 7.32491e-05 DU -0.825608 0.000480842 DUDX -860.598 -4.01799 29.1884 
ENERGY:     942         0.0000         0.0000         0.0000         0.0000         -48287.7051      4352.4098         0.0000         0.0000         0.0000         -43935.2952         0.0000    -43935.2952    -43935.2952         0.0000          15398.9757     15356.9309    120171.0177     15398.9757     15356.9309

LINE MINIMIZER BRACKET: DX 1.39058e-05 5.93433e-05 DU -0.000176056 0.000656898 DUDX -4.01799 2.28017 29.1884 
ENERGY:     943         0.0000         0.0000         0.0000         0.0000         -48287.7035      4352.4081         0.0000         0.0000         0.0000         -43935.2953         0.0000    -43935.2953    -43935.2953         0.0000          15398.9705     15356.9257    120171.0177     15398.9705     15356.9257

LINE MINIMIZER BRACKET: DX 1.25152e-05 1.39058e-06 DU -0.000308647 0.000132591 DUDX -4.01799 1.65023 2.28017 
LINE MINIMIZER REDUCING GRADIENT FROM 2103.66 TO 2.10366
ENERGY:     944         0.0000         0.0000         0.0000         0.0000         -48292.7029      4353.7414         0.0000         0.0000         0.0000         -43938.9615         0.0000    -43938.9615    -43938.9615         0.0000          15403.0774     15361.6189    120171.0177     15403.0774     15361.6189

ENERGY:     945         0.0000         0.0000         0.0000         0.0000         -48295.5069      4356.1656         0.0000         0.0000         0.0000         -43939.3413         0.0000    -43939.3413    -43939.3413         0.0000          15410.1903     15369.1989    120171.0177     15410.1903     15369.1989

ENERGY:     946         0.0000         0.0000         0.0000         0.0000         -48296.0895      4359.7055         0.0000         0.0000         0.0000         -43936.3840         0.0000    -43936.3840    -43936.3840         0.0000          15420.4077     15379.7751    120171.0177     15420.4077     15379.7751

LINE MINIMIZER BRACKET: DX 0.00252279 0.00252279 DU -0.379854 2.9573 DUDX -803.501 511.167 1847.56 
ENERGY:     947         0.0000         0.0000         0.0000         0.0000         -48294.6890      4355.0993         0.0000         0.0000         0.0000         -43939.5897         0.0000    -43939.5897    -43939.5897         0.0000          15407.0789     15365.9208    120171.0177     15407.0789     15365.9208

LINE MINIMIZER BRACKET: DX 0.00154841 0.000974382 DU -0.628212 0.248358 DUDX -803.501 0.181978 511.167 
LINE MINIMIZER REDUCING GRADIENT FROM 1976.41 TO 1.97641
ENERGY:     948         0.0000         0.0000         0.0000         0.0000         -48299.7620      4356.5363         0.0000         0.0000         0.0000         -43943.2257         0.0000    -43943.2257    -43943.2257         0.0000          15411.5583     15370.9776    120171.0177     15411.5583     15370.9776

ENERGY:     949         0.0000         0.0000         0.0000         0.0000         -48302.5086      4359.1208         0.0000         0.0000         0.0000         -43943.3879         0.0000    -43943.3879    -43943.3879         0.0000          15419.2323     15379.0821    120171.0177     15419.2323     15379.0821

ETITLE:      TS           BOND          ANGLE          DIHED          IMPRP               ELECT            VDW       BOUNDARY           MISC        KINETIC               TOTAL           TEMP      POTENTIAL         TOTAL3        TEMPAVG            PRESSURE      GPRESSURE         VOLUME       PRESSAVG      GPRESSAVG

ENERGY:     950         0.0000         0.0000         0.0000         0.0000         -48302.9015      4362.8942         0.0000         0.0000         0.0000         -43940.0073         0.0000    -43940.0073    -43940.0073         0.0000          15430.2609     15390.4052    120171.0177     15430.2609     15390.4052

LINE MINIMIZER BRACKET: DX 0.00271037 0.00271037 DU -0.162132 3.38061 DUDX -700.941 592.037 1910.77 
ENERGY:     951         0.0000         0.0000         0.0000         0.0000         -48301.5512      4357.8033         0.0000         0.0000         0.0000         -43943.7479         0.0000    -43943.7479    -43943.7479         0.0000          15415.3567     15375.0283    120171.0177     15415.3567     15375.0283

LINE MINIMIZER BRACKET: DX 0.00147954 0.00123082 DU -0.522134 0.360002 DUDX -700.941 0.925914 592.037 
MINIMIZER RESTARTING CONJUGATE GRADIENT ALGORITHM
LINE MINIMIZER REDUCING GRADIENT FROM 2042.53 TO 2.04253
ENERGY:     952         0.0000         0.0000         0.0000         0.0000         -48311.5727      4355.1718         0.0000         0.0000         0.0000         -43956.4009         0.0000    -43956.4009    -43956.4009         0.0000          15407.3682     15366.7335    120171.0177     15407.3682     15366.7335

ENERGY:     953         0.0000         0.0000         0.0000         0.0000         -48317.3267      4357.7360         0.0000         0.0000         0.0000         -43959.5907         0.0000    -43959.5907    -43959.5907         0.0000          15412.8232     15370.8191    120171.0177     15412.8232     15370.8191

ENERGY:     954         0.0000         0.0000         0.0000         0.0000         -48318.8568      4366.0044         0.0000         0.0000         0.0000         -43952.8523         0.0000    -43952.8523    -43952.8523         0.0000          15432.8723     15388.2345    120171.0177     15432.8723     15388.2345

LINE MINIMIZER BRACKET: DX 0.00849765 0.00849765 DU -3.1898 6.73835 DUDX -936.199 191.641 1403.76 
ENERGY:     955         0.0000         0.0000         0.0000         0.0000         -48316.6582      4356.9225         0.0000         0.0000         0.0000         -43959.7357         0.0000    -43959.7357    -43959.7357         0.0000          15410.9186     15369.2268    120171.0177     15410.9186     15369.2268

LINE MINIMIZER BRACKET: DX 0.00706162 0.00143603 DU -3.33477 0.144965 DUDX -936.199 -4.26412 191.641 
ENERGY:     956         0.0000         0.0000         0.0000         0.0000         -48316.7317      4356.9967         0.0000         0.0000         0.0000         -43959.7351         0.0000    -43959.7351    -43959.7351         0.0000          15411.0881     15369.3666    120171.0177     15411.0881     15369.3666

LINE MINIMIZER BRACKET: DX 0.00706162 0.000143603 DU -3.33477 0.000600951 DUDX -936.199 -4.26412 15.1133 
ENERGY:     957         0.0000         0.0000         0.0000         0.0000         -48316.6769      4356.9411         0.0000         0.0000         0.0000         -43959.7358         0.0000    -43959.7358    -43959.7358         0.0000          15410.9610     15369.2618    120171.0177     15410.9610     15369.2618

LINE MINIMIZER BRACKET: DX 3.62376e-05 0.000107365 DU -8.79366e-05 0.000688888 DUDX -4.26412 0.622774 15.1133 
LINE MINIMIZER REDUCING GRADIENT FROM 2436.01 TO 2.43601
ENERGY:     958         0.0000         0.0000         0.0000         0.0000         -48323.9999      4352.6120         0.0000         0.0000         0.0000         -43971.3879         0.0000    -43971.3879    -43971.3879         0.0000          15399.1021     15358.2837    120171.0177     15399.1021     15358.2837

ENERGY:     959         0.0000         0.0000         0.0000         0.0000         -48329.0668      4353.1185         0.0000         0.0000         0.0000         -43975.9483         0.0000    -43975.9483    -43975.9483         0.0000          15399.4379     15358.4072    120171.0177     15399.4379     15358.4072

ETITLE:      TS           BOND          ANGLE          DIHED          IMPRP               ELECT            VDW       BOUNDARY           MISC        KINETIC               TOTAL           TEMP      POTENTIAL         TOTAL3        TEMPAVG            PRESSURE      GPRESSURE         VOLUME       PRESSAVG      GPRESSAVG

ENERGY:     960         0.0000         0.0000         0.0000         0.0000         -48331.8614      4357.9983         0.0000         0.0000         0.0000         -43973.8631         0.0000    -43973.8631    -43973.8631         0.0000          15410.8350     15368.6358    120171.0177     15410.8350     15368.6358

LINE MINIMIZER BRACKET: DX 0.00638395 0.00638395 DU -4.56039 2.08516 DUDX -1249.23 -192.965 845.962 
ENERGY:     961         0.0000         0.0000         0.0000         0.0000         -48329.7602      4353.6965         0.0000         0.0000         0.0000         -43976.0637         0.0000    -43976.0637    -43976.0637         0.0000          15400.7178     15359.5423    120171.0177     15400.7178     15359.5423

LINE MINIMIZER BRACKET: DX 0.00118543 0.00519852 DU -0.1154 2.20056 DUDX -192.965 -1.80038 845.962 
LINE MINIMIZER REDUCING GRADIENT FROM 1740.91 TO 1.74091
ENERGY:     962         0.0000         0.0000         0.0000         0.0000         -48336.5610      4351.8757         0.0000         0.0000         0.0000         -43984.6853         0.0000    -43984.6853    -43984.6853         0.0000          15395.1822     15354.0358    120171.0177     15395.1822     15354.0358

ENERGY:     963         0.0000         0.0000         0.0000         0.0000         -48340.8340      4354.3274         0.0000         0.0000         0.0000         -43986.5066         0.0000    -43986.5066    -43986.5066         0.0000          15400.5407     15358.4826    120171.0177     15400.5407     15358.4826

ENERGY:     964         0.0000         0.0000         0.0000         0.0000         -48342.4167      4360.0874         0.0000         0.0000         0.0000         -43982.3293         0.0000    -43982.3293    -43982.3293         0.0000          15414.5399     15371.0100    120171.0177     15414.5399     15371.0100

LINE MINIMIZER BRACKET: DX 0.00719431 0.00719431 DU -1.82124 4.17729 DUDX -697.652 174.764 975.655 
ENERGY:     965         0.0000         0.0000         0.0000         0.0000         -48340.1808      4353.5363         0.0000         0.0000         0.0000         -43986.6445         0.0000    -43986.6445    -43986.6445         0.0000          15398.6788     15356.8604    120171.0177     15398.6788     15356.8604

LINE MINIMIZER BRACKET: DX 0.0057252 0.00146911 DU -1.95914 0.137907 DUDX -697.652 3.90678 174.764 
ENERGY:     966         0.0000         0.0000         0.0000         0.0000         -48339.8950      4353.2662         0.0000         0.0000         0.0000         -43986.6287         0.0000    -43986.6287    -43986.6287         0.0000          15398.0535     15356.3222    120171.0177     15398.0535     15356.3222

LINE MINIMIZER BRACKET: DX 0.00057252 0.00146911 DU -0.0157274 0.137907 DUDX -63.3753 3.90678 174.764 
ENERGY:     967         0.0000         0.0000         0.0000         0.0000         -48340.1532      4353.5084         0.0000         0.0000         0.0000         -43986.6449         0.0000    -43986.6449    -43986.6449         0.0000          15398.6127     15356.8032    120171.0177     15398.6127     15356.8032

LINE MINIMIZER BRACKET: DX 0.000515268 5.7252e-05 DU -0.0161244 0.000397004 DUDX -63.3753 -2.79897 3.90678 
ENERGY:     968         0.0000         0.0000         0.0000         0.0000         -48340.1572      4353.5124         0.0000         0.0000         0.0000         -43986.6448         0.0000    -43986.6448    -43986.6448         0.0000          15398.6223     15356.8115    120171.0177     15398.6223     15356.8115

LINE MINIMIZER BRACKET: DX 0.000515268 8.23189e-06 DU -0.0161244 5.80212e-05 DUDX -63.3753 -2.79897 -1.83452 
ENERGY:     969         0.0000         0.0000         0.0000         0.0000         -48340.1532      4353.5084         0.0000         0.0000         0.0000         -43986.6449         0.0000    -43986.6449    -43986.6449         0.0000          15398.6127     15356.8032    120171.0177     15398.6127     15356.8032

LINE MINIMIZER REDUCING GRADIENT FROM 1329.52 TO 1.32952
ETITLE:      TS           BOND          ANGLE          DIHED          IMPRP               ELECT            VDW       BOUNDARY           MISC        KINETIC               TOTAL           TEMP      POTENTIAL         TOTAL3        TEMPAVG            PRESSURE      GPRESSURE         VOLUME       PRESSAVG      GPRESSAVG

ENERGY:     970         0.0000         0.0000         0.0000         0.0000         -48346.7718      4353.2726         0.0000         0.0000         0.0000         -43993.4992         0.0000    -43993.4992    -43993.4992         0.0000          15397.9318     15356.5875    120171.0177     15397.9318     15356.5875

ENERGY:     971         0.0000         0.0000         0.0000         0.0000         -48350.5541      4357.1357         0.0000         0.0000         0.0000         -43993.4184         0.0000    -43993.4184    -43993.4184         0.0000          15407.7383     15365.8990    120171.0177     15407.7383     15365.8990

LINE MINIMIZER BRACKET: DX 0.00809331 0.00809331 DU -6.85433 0.080808 DUDX -1329.52 -398.31 399.114 
ENERGY:     972         0.0000         0.0000         0.0000         0.0000         -48348.9832      4354.7099         0.0000         0.0000         0.0000         -43994.2732         0.0000    -43994.2732    -43994.2732         0.0000          15401.5512     15360.0589    120171.0177     15401.5512     15360.0589

LINE MINIMIZER BRACKET: DX 0.0039477 0.00414562 DU -0.774066 0.854874 DUDX -398.31 0.233279 399.114 
LINE MINIMIZER REDUCING GRADIENT FROM 1301.96 TO 1.30196
ENERGY:     973         0.0000         0.0000         0.0000         0.0000         -48353.9462      4353.4124         0.0000         0.0000         0.0000         -44000.5338         0.0000    -44000.5338    -44000.5338         0.0000          15398.2197     15357.6253    120171.0177     15398.2197     15357.6253

ENERGY:     974         0.0000         0.0000         0.0000         0.0000         -48357.6275      4355.8657         0.0000         0.0000         0.0000         -44001.7618         0.0000    -44001.7618    -44001.7618         0.0000          15404.2239     15363.4764    120171.0177     15404.2239     15363.4764

ENERGY:     975         0.0000         0.0000         0.0000         0.0000         -48360.0702      4362.8111         0.0000         0.0000         0.0000         -43997.2591         0.0000    -43997.2591    -43997.2591         0.0000          15421.3079     15379.0332    120171.0177     15421.3079     15379.0332

LINE MINIMIZER BRACKET: DX 0.00676978 0.00676978 DU -1.22798 4.50264 DUDX -555.892 208.676 1172.92 
ENERGY:     976         0.0000         0.0000         0.0000         0.0000         -48356.7651      4354.8223         0.0000         0.0000         0.0000         -44001.9428         0.0000    -44001.9428    -44001.9428         0.0000          15401.6606     15361.0652    120171.0177     15401.6606     15361.0652

LINE MINIMIZER BRACKET: DX 0.00495895 0.00181083 DU -1.40904 0.18106 DUDX -555.892 -6.42764 208.676 
ENERGY:     977         0.0000         0.0000         0.0000         0.0000         -48356.8551      4354.9132         0.0000         0.0000         0.0000         -44001.9418         0.0000    -44001.9418    -44001.9418         0.0000          15401.8852     15361.2786    120171.0177     15401.8852     15361.2786

LINE MINIMIZER BRACKET: DX 0.00495895 0.000181083 DU -1.40904 0.000988669 DUDX -555.892 -6.42764 14.5757 
ENERGY:     978         0.0000         0.0000         0.0000         0.0000         -48356.7897      4354.8466         0.0000         0.0000         0.0000         -44001.9431         0.0000    -44001.9431    -44001.9431         0.0000          15401.7199     15361.1215    120171.0177     15401.7199     15361.1215

LINE MINIMIZER BRACKET: DX 4.89566e-05 0.000132126 DU -0.000261889 0.00125056 DUDX -6.42764 -0.763328 14.5757 
LINE MINIMIZER REDUCING GRADIENT FROM 1202.24 TO 1.20224
ENERGY:     979         0.0000         0.0000         0.0000         0.0000         -48366.3010      4356.3923         0.0000         0.0000         0.0000         -44009.9087         0.0000    -44009.9087    -44009.9087         0.0000          15403.7275     15362.3938    120171.0177     15403.7275     15362.3938

ETITLE:      TS           BOND          ANGLE          DIHED          IMPRP               ELECT            VDW       BOUNDARY           MISC        KINETIC               TOTAL           TEMP      POTENTIAL         TOTAL3        TEMPAVG            PRESSURE      GPRESSURE         VOLUME       PRESSAVG      GPRESSAVG

ENERGY:     980         0.0000         0.0000         0.0000         0.0000         -48369.7300      4362.8229         0.0000         0.0000         0.0000         -44006.9071         0.0000    -44006.9071    -44006.9071         0.0000          15418.7224     15375.5702    120171.0177     15418.7224     15375.5702

LINE MINIMIZER BRACKET: DX 0.0108162 0.0108162 DU -7.96564 3.00164 DUDX -1202.24 -251.94 848.127 
ENERGY:     981         0.0000         0.0000         0.0000         0.0000         -48367.6687      4357.4104         0.0000         0.0000         0.0000         -44010.2584         0.0000    -44010.2584    -44010.2584         0.0000          15405.9591     15364.3190    120171.0177     15405.9591     15364.3190

LINE MINIMIZER BRACKET: DX 0.00257344 0.00824276 DU -0.349646 3.35128 DUDX -251.94 -9.50816 848.127 
ENERGY:     982         0.0000         0.0000         0.0000         0.0000         -48368.0306      4357.7976         0.0000         0.0000         0.0000         -44010.2330         0.0000    -44010.2330    -44010.2330         0.0000          15406.8442     15365.0915    120171.0177     15406.8442     15365.0915

LINE MINIMIZER BRACKET: DX 0.00257344 0.000824276 DU -0.349646 0.0253316 DUDX -251.94 -9.50816 70.4996 
ENERGY:     983         0.0000         0.0000         0.0000         0.0000         -48367.7130      4357.4545         0.0000         0.0000         0.0000         -44010.2584         0.0000    -44010.2584    -44010.2584         0.0000          15406.0611     15364.4082    120171.0177     15406.0611     15364.4082

LINE MINIMIZER BRACKET: DX 9.73822e-05 0.000726893 DU -7.50656e-05 0.0254067 DUDX -9.50816 -0.116447 70.4996 
LINE MINIMIZER REDUCING GRADIENT FROM 1175.34 TO 1.17534
ENERGY:     984         0.0000         0.0000         0.0000         0.0000         -48377.0029      4359.2673         0.0000         0.0000         0.0000         -44017.7356         0.0000    -44017.7356    -44017.7356         0.0000          15409.8897     15368.2456    120171.0177     15409.8897     15368.2456

ENERGY:     985         0.0000         0.0000         0.0000         0.0000         -48382.6577      4365.3960         0.0000         0.0000         0.0000         -44017.2617         0.0000    -44017.2617    -44017.2617         0.0000          15424.8186     15382.0602    120171.0177     15424.8186     15382.0602

LINE MINIMIZER BRACKET: DX 0.00943355 0.00943355 DU -7.47717 0.473935 DUDX -1175.34 -394.597 528.973 
ENERGY:     986         0.0000         0.0000         0.0000         0.0000         -48379.9585      4361.3647         0.0000         0.0000         0.0000         -44018.5938         0.0000    -44018.5938    -44018.5938         0.0000          15414.9266     15372.9596    120171.0177     15414.9266     15372.9596

LINE MINIMIZER BRACKET: DX 0.00418407 0.00524948 DU -0.858231 1.33217 DUDX -394.597 -9.18168 528.973 
ENERGY:     987         0.0000         0.0000         0.0000         0.0000         -48380.2798      4361.6933         0.0000         0.0000         0.0000         -44018.5865         0.0000    -44018.5865    -44018.5865         0.0000          15415.7232     15373.6980    120171.0177     15415.7232     15373.6980

LINE MINIMIZER BRACKET: DX 0.00418407 0.000524948 DU -0.858231 0.00730362 DUDX -394.597 -9.18168 41.5915 
ENERGY:     988         0.0000         0.0000         0.0000         0.0000         -48380.0232      4361.4288         0.0000         0.0000         0.0000         -44018.5944         0.0000    -44018.5944    -44018.5944         0.0000          15415.0819     15373.1037    120171.0177     15415.0819     15373.1037

LINE MINIMIZER BRACKET: DX 0.000104351 0.000420598 DU -0.000607424 0.00791104 DUDX -9.18168 0.861362 41.5915 
LINE MINIMIZER REDUCING GRADIENT FROM 1062.38 TO 1.06238
ENERGY:     989         0.0000         0.0000         0.0000         0.0000         -48390.2545      4363.9526         0.0000         0.0000         0.0000         -44026.3019         0.0000    -44026.3019    -44026.3019         0.0000          15421.9065     15380.8627    120171.0177     15421.9065     15380.8627

ETITLE:      TS           BOND          ANGLE          DIHED          IMPRP               ELECT            VDW       BOUNDARY           MISC        KINETIC               TOTAL           TEMP      POTENTIAL         TOTAL3        TEMPAVG            PRESSURE      GPRESSURE         VOLUME       PRESSAVG      GPRESSAVG

ENERGY:     990         0.0000         0.0000         0.0000         0.0000         -48395.3276      4369.6775         0.0000         0.0000         0.0000         -44025.6502         0.0000    -44025.6502    -44025.6502         0.0000          15437.4840     15396.7519    120171.0177     15437.4840     15396.7519

LINE MINIMIZER BRACKET: DX 0.0110129 0.0110129 DU -7.70747 0.651746 DUDX -1062.38 -331.219 462.546 
ENERGY:     991         0.0000         0.0000         0.0000         0.0000         -48393.0360      4365.9465         0.0000         0.0000         0.0000         -44027.0895         0.0000    -44027.0895    -44027.0895         0.0000          15427.3429     15386.5231    120171.0177     15427.3429     15386.5231

LINE MINIMIZER BRACKET: DX 0.00467173 0.00634116 DU -0.787535 1.43928 DUDX -331.219 -5.0379 462.546 
ENERGY:     992         0.0000         0.0000         0.0000         0.0000         -48393.3413      4366.2642         0.0000         0.0000         0.0000         -44027.0771         0.0000    -44027.0771    -44027.0771         0.0000          15428.2108     15387.4117    120171.0177     15428.2108     15387.4117

LINE MINIMIZER BRACKET: DX 0.00467173 0.000634116 DU -0.787535 0.0123179 DUDX -331.219 -5.0379 40.3238 
ENERGY:     993         0.0000         0.0000         0.0000         0.0000         -48393.0680      4365.9787         0.0000         0.0000         0.0000         -44027.0893         0.0000    -44027.0893    -44027.0893         0.0000          15427.4314     15386.6138    120171.0177     15427.4314     15386.6138

LINE MINIMIZER BRACKET: DX 0.00467173 6.52944e-05 DU -0.787535 0.000106494 DUDX -331.219 -5.0379 -0.382086 
ENERGY:     994         0.0000         0.0000         0.0000         0.0000         -48393.0360      4365.9465         0.0000         0.0000         0.0000         -44027.0895         0.0000    -44027.0895    -44027.0895         0.0000          15427.3429     15386.5231    120171.0177     15427.3429     15386.5231

LINE MINIMIZER REDUCING GRADIENT FROM 1042.23 TO 1.04223
ENERGY:     995         0.0000         0.0000         0.0000         0.0000         -48403.3992      4369.0759         0.0000         0.0000         0.0000         -44034.3233         0.0000    -44034.3233    -44034.3233         0.0000          15434.7156     15394.0059    120171.0177     15434.7156     15394.0059

ENERGY:     996         0.0000         0.0000         0.0000         0.0000         -48407.1285      4374.4162         0.0000         0.0000         0.0000         -44032.7123         0.0000    -44032.7123    -44032.7123         0.0000          15448.6664     15408.0047    120171.0177     15448.6664     15408.0047

LINE MINIMIZER BRACKET: DX 0.0111361 0.0111361 DU -7.23383 1.61103 DUDX -1042.23 -256.783 546.465 
ENERGY:     997         0.0000         0.0000         0.0000         0.0000         -48405.3222      4370.5357         0.0000         0.0000         0.0000         -44034.7865         0.0000    -44034.7865    -44034.7865         0.0000          15438.4367     15397.7485    120171.0177     15438.4367     15397.7485

LINE MINIMIZER BRACKET: DX 0.00356152 0.00757454 DU -0.463218 2.07425 DUDX -256.783 -2.80102 546.465 
ENERGY:     998         0.0000         0.0000         0.0000         0.0000         -48405.6441      4370.8757         0.0000         0.0000         0.0000         -44034.7683         0.0000    -44034.7683    -44034.7683         0.0000          15439.3106     15398.6261    120171.0177     15439.3106     15398.6261

LINE MINIMIZER BRACKET: DX 0.00356152 0.000757454 DU -0.463218 0.0181646 DUDX -256.783 -2.80102 51.6847 
ENERGY:     999         0.0000         0.0000         0.0000         0.0000         -48405.3559      4370.5693         0.0000         0.0000         0.0000         -44034.7867         0.0000    -44034.7867    -44034.7867         0.0000          15438.5221     15397.8344    120171.0177     15438.5221     15397.8344

LINE MINIMIZER BRACKET: DX 7.57454e-05 0.000681708 DU -0.000178078 0.0183427 DUDX -2.80102 2.63942 51.6847 
TIMING: 1000  CPU: 10.6081, 0.0105124/step  Wall: 10.6264, 0.010512/step, 0 hours remaining, 280.039062 MB of memory in use.
ETITLE:      TS           BOND          ANGLE          DIHED          IMPRP               ELECT            VDW       BOUNDARY           MISC        KINETIC               TOTAL           TEMP      POTENTIAL         TOTAL3        TEMPAVG            PRESSURE      GPRESSURE         VOLUME       PRESSAVG      GPRESSAVG

ENERGY:    1000         0.0000         0.0000         0.0000         0.0000         -48405.3559      4370.5693         0.0000         0.0000         0.0000         -44034.7867         0.0000    -44034.7867    -44034.7867         0.0000          15438.5221     15397.8344    120171.0177     15438.5221     15397.8344

OPENING COORDINATE DCD FILE
WRITING COORDINATES TO DCD FILE NAMD_7D35_D0.dcd AT STEP 1000
The last position output (seq=1000) takes 0.000 seconds, 280.039 MB of memory in use
TCL: Running for 100000 steps
ENERGY:    1000         0.0000         0.0000         0.0000         0.0000         -48405.3559      4370.5693         0.0000         0.0000         0.0000         -44034.7867         0.0000    -44034.7867    -44034.8042         0.0000          -4678.2783     -4678.2783    120171.0177     -4678.2783     -4678.2783

TIMING: 2000  CPU: 21.5527, 0.0109286/step  Wall: 21.5698, 0.0109258/step, 0.300459 hours remaining, 280.683594 MB of memory in use.
ENERGY:    2000         0.0000         0.0000         0.0000         0.0000         -45010.1393      4011.1974         0.0000         0.0000      3738.9711         -37259.9708       214.3101    -40998.9418    -37260.7722       151.0696           -142.4456      -147.3131    105751.8461       -12.2302       -12.4992

WRITING COORDINATES TO DCD FILE NAMD_7D35_D0.dcd AT STEP 2000
The last position output (seq=2000) takes 0.000 seconds, 280.684 MB of memory in use
TIMING: 3000  CPU: 33.0613, 0.0115086/step  Wall: 33.0782, 0.0115083/step, 0.313282 hours remaining, 280.683594 MB of memory in use.
ENERGY:    3000         0.0000         0.0000         0.0000         0.0000         -43259.8966      3391.9323         0.0000         0.0000      4637.4092         -35230.5551       265.8068    -39867.9644    -35226.8596       245.6685            -80.3678       -55.1444    103971.8379         1.6460         1.8470

WRITING COORDINATES TO DCD FILE NAMD_7D35_D0.dcd AT STEP 3000
The last position output (seq=3000) takes 0.000 seconds, 280.684 MB of memory in use
TIMING: 4000  CPU: 44.7739, 0.0117126/step  Wall: 44.7928, 0.0117146/step, 0.315643 hours remaining, 280.859375 MB of memory in use.
ENERGY:    4000         0.0000         0.0000         0.0000         0.0000         -42896.6161      3293.7590         0.0000         0.0000      5037.9995         -34564.8576       288.7678    -39602.8571    -34561.6133       280.1167            643.2513       635.7561    101420.4875       -22.8144       -22.9925

WRITING COORDINATES TO DCD FILE NAMD_7D35_D0.dcd AT STEP 4000
The last position output (seq=4000) takes 0.000 seconds, 280.859 MB of memory in use
LDB: ============= START OF LOAD BALANCING ============== 62.9506
LDB: ============== END OF LOAD BALANCING =============== 62.9506
Info: useSync: 0 useProxySync: 0
LDB: =============== DONE WITH MIGRATION ================ 62.9506
LDB: ============= START OF LOAD BALANCING ============== 64.15
LDB: Largest compute 8 load 0.120958 is 10.3% of average load 1.170968
LDB: Average compute 0.023780 is 2.0% of average load 1.170968
LDB: TIME 64.1501 LOAD: AVG 1.17097 MAX 1.19939  PROXIES: TOTAL 24 MAXPE 6 MAXPATCH 3 None MEM: 281.383 MB
LDB: TIME 64.1501 LOAD: AVG 1.17097 MAX 1.19939  PROXIES: TOTAL 24 MAXPE 6 MAXPATCH 3 RefineTorusLB MEM: 281.383 MB
LDB: TIME 64.1502 LOAD: AVG 1.17097 MAX 1.19939  PROXIES: TOTAL 24 MAXPE 6 MAXPATCH 3 RefineTorusLB MEM: 281.383 MB
LDB: ============== END OF LOAD BALANCING =============== 64.1502
Info: useSync: 0 useProxySync: 0
LDB: =============== DONE WITH MIGRATION ================ 64.1503
TIMING: 5000  CPU: 56.6785, 0.0119047/step  Wall: 56.6951, 0.0119024/step, 0.317397 hours remaining, 281.687500 MB of memory in use.
ENERGY:    5000         0.0000         0.0000         0.0000         0.0000         -42528.8760      3179.3640         0.0000         0.0000      5136.5886         -34212.9234       294.4187    -39349.5120    -34209.8786       291.3333            341.6618       358.3287    100563.6324        13.4651        13.3791

WRITING COORDINATES TO DCD FILE NAMD_7D35_D0.dcd AT STEP 5000
The last position output (seq=5000) takes 0.000 seconds, 281.688 MB of memory in use
TIMING: 6000  CPU: 68.8152, 0.0121367/step  Wall: 68.829, 0.0121339/step, 0.320199 hours remaining, 281.687500 MB of memory in use.
ENERGY:    6000         0.0000         0.0000         0.0000         0.0000         -42189.5118      3056.3090         0.0000         0.0000      5168.3533         -33964.8495       296.2394    -39133.2028    -33955.2963       298.7682            -69.5472       -64.4587    100146.8700        11.4288        11.3241

WRITING COORDINATES TO DCD FILE NAMD_7D35_D0.dcd AT STEP 6000
The last position output (seq=6000) takes 0.000 seconds, 281.688 MB of memory in use
TIMING: 7000  CPU: 80.9039, 0.0120886/step  Wall: 80.9177, 0.0120887/step, 0.315649 hours remaining, 281.687500 MB of memory in use.
ENERGY:    7000         0.0000         0.0000         0.0000         0.0000         -42152.0553      3055.5828         0.0000         0.0000      5138.4473         -33958.0252       294.5252    -39096.4725    -33953.9365       300.9047             66.9545        78.5420    100439.7826       -14.6275       -14.6635

WRITING COORDINATES TO DCD FILE NAMD_7D35_D0.dcd AT STEP 7000
The last position output (seq=7000) takes 0.000 seconds, 281.688 MB of memory in use
TIMING: 8000  CPU: 92.9965, 0.0120927/step  Wall: 93.009, 0.0120913/step, 0.312358 hours remaining, 281.992188 MB of memory in use.
ENERGY:    8000         0.0000         0.0000         0.0000         0.0000         -42346.1459      3089.5118         0.0000         0.0000      5237.9664         -34018.6678       300.2295    -39256.6342    -34016.6174       299.6159            248.1684       220.4736     99843.6545         1.9907         1.5596

WRITING COORDINATES TO DCD FILE NAMD_7D35_D0.dcd AT STEP 8000
The last position output (seq=8000) takes 0.000 seconds, 281.992 MB of memory in use
LDB: ============= START OF LOAD BALANCING ============== 111.262
LDB: ============== END OF LOAD BALANCING =============== 111.262
Info: useSync: 0 useProxySync: 0
LDB: =============== DONE WITH MIGRATION ================ 111.262
LDB: ============= START OF LOAD BALANCING ============== 112.481
LDB: Largest compute 9 load 0.119695 is 10.1% of average load 1.181859
LDB: Average compute 0.024033 is 2.0% of average load 1.181859
LDB: TIME 112.481 LOAD: AVG 1.18186 MAX 1.21857  PROXIES: TOTAL 24 MAXPE 6 MAXPATCH 3 None MEM: 282.453 MB
LDB: TIME 112.481 LOAD: AVG 1.18186 MAX 1.21857  PROXIES: TOTAL 24 MAXPE 6 MAXPATCH 3 RefineTorusLB MEM: 282.453 MB
LDB: TIME 112.481 LOAD: AVG 1.18186 MAX 1.21857  PROXIES: TOTAL 24 MAXPE 6 MAXPATCH 3 RefineTorusLB MEM: 282.453 MB
LDB: ============== END OF LOAD BALANCING =============== 112.481
Info: useSync: 0 useProxySync: 0
LDB: =============== DONE WITH MIGRATION ================ 112.481
TIMING: 9000  CPU: 105.057, 0.0120606/step  Wall: 105.073, 0.0120638/step, 0.308296 hours remaining, 282.453125 MB of memory in use.
ENERGY:    9000         0.0000         0.0000         0.0000         0.0000         -42319.8224      3038.8393         0.0000         0.0000      5201.9565         -34079.0265       298.1655    -39280.9830    -34075.8822       299.1987             -5.9019       -22.1435     99903.7195        19.6456        19.6460

WRITING COORDINATES TO DCD FILE NAMD_7D35_D0.dcd AT STEP 9000
The last position output (seq=9000) takes 0.000 seconds, 282.453 MB of memory in use
TIMING: 10000  CPU: 117.166, 0.0121086/step  Wall: 117.179, 0.0121067/step, 0.30603 hours remaining, 282.453125 MB of memory in use.
ETITLE:      TS           BOND          ANGLE          DIHED          IMPRP               ELECT            VDW       BOUNDARY           MISC        KINETIC               TOTAL           TEMP      POTENTIAL         TOTAL3        TEMPAVG            PRESSURE      GPRESSURE         VOLUME       PRESSAVG      GPRESSAVG

ENERGY:   10000         0.0000         0.0000         0.0000         0.0000         -42299.3243      3070.1805         0.0000         0.0000      5118.1295         -34111.0143       293.3607    -39229.1438    -34106.0203       300.5884             16.5378        36.7921    100102.6522        11.6614        11.7064

WRITING COORDINATES TO DCD FILE NAMD_7D35_D0.dcd AT STEP 10000
The last position output (seq=10000) takes 0.000 seconds, 282.453 MB of memory in use
TIMING: 11000  CPU: 129.302, 0.0121366/step  Wall: 129.314, 0.0121347/step, 0.303368 hours remaining, 282.453125 MB of memory in use.
ENERGY:   11000         0.0000         0.0000         0.0000         0.0000         -42463.5803      3123.7760         0.0000         0.0000      5282.4824         -34057.3219       302.7810    -39339.8043    -34052.9566       298.7732            553.0899       545.5120     99642.8299        -2.5548        -2.7583

WRITING COORDINATES TO DCD FILE NAMD_7D35_D0.dcd AT STEP 11000
TIMING: 12000  CPU: 141.471, 0.0121686/step  Wall: 141.484, 0.0121697/step, 0.300863 hours remaining, 282.453125 MB of memory in use.
ENERGY:   12000         0.0000         0.0000         0.0000         0.0000         -42568.1120      3245.0661         0.0000         0.0000      5191.3709         -34131.6750       297.5587    -39323.0459    -34128.5363       300.3216           1209.0419      1193.0445     99985.5132         3.2024         3.5390

WRITING COORDINATES TO DCD FILE NAMD_7D35_D0.dcd AT STEP 12000
LDB: ============= START OF LOAD BALANCING ============== 159.704
LDB: ============== END OF LOAD BALANCING =============== 159.704
Info: useSync: 0 useProxySync: 0
LDB: =============== DONE WITH MIGRATION ================ 159.704
LDB: ============= START OF LOAD BALANCING ============== 160.918
LDB: Largest compute 8 load 0.118809 is 10.0% of average load 1.183208
LDB: Average compute 0.024058 is 2.0% of average load 1.183208
LDB: TIME 160.918 LOAD: AVG 1.18321 MAX 1.21372  PROXIES: TOTAL 24 MAXPE 6 MAXPATCH 3 None MEM: 282.453 MB
LDB: TIME 160.918 LOAD: AVG 1.18321 MAX 1.21372  PROXIES: TOTAL 24 MAXPE 6 MAXPATCH 3 RefineTorusLB MEM: 282.453 MB
LDB: TIME 160.918 LOAD: AVG 1.18321 MAX 1.21372  PROXIES: TOTAL 24 MAXPE 6 MAXPATCH 3 RefineTorusLB MEM: 282.453 MB
LDB: ============== END OF LOAD BALANCING =============== 160.918
Info: useSync: 0 useProxySync: 0
LDB: =============== DONE WITH MIGRATION ================ 160.918
TIMING: 13000  CPU: 153.555, 0.0120846/step  Wall: 153.568, 0.0120842/step, 0.295392 hours remaining, 282.453125 MB of memory in use.
ENERGY:   13000         0.0000         0.0000         0.0000         0.0000         -42278.0037      3033.7842         0.0000         0.0000      5234.4709         -34009.7486       300.0291    -39244.2195    -34006.8810       298.8322            -51.6087       -50.4343    100245.3792         5.0505         5.3100

WRITING COORDINATES TO DCD FILE NAMD_7D35_D0.dcd AT STEP 13000
TIMING: 14000  CPU: 165.556, 0.0120005/step  Wall: 165.567, 0.0119985/step, 0.289964 hours remaining, 282.453125 MB of memory in use.
ENERGY:   14000         0.0000         0.0000         0.0000         0.0000         -42240.4018      3142.0023         0.0000         0.0000      5111.2791         -33987.1203       292.9680    -39098.3994    -33985.0777       298.8849            117.4098       127.0033    100254.5723        21.0429        21.2493

WRITING COORDINATES TO DCD FILE NAMD_7D35_D0.dcd AT STEP 14000
TIMING: 15000  CPU: 177.573, 0.0120165/step  Wall: 177.584, 0.0120176/step, 0.287087 hours remaining, 282.453125 MB of memory in use.
ENERGY:   15000         0.0000         0.0000         0.0000         0.0000         -42558.0498      3260.0554         0.0000         0.0000      5141.6134         -34156.3810       294.7067    -39297.9944    -34150.6919       298.3208            539.7470       541.3173    100194.2274        11.6713        11.6329

WRITING COORDINATES TO DCD FILE NAMD_7D35_D0.dcd AT STEP 15000
TIMING: 16000  CPU: 189.593, 0.0120205/step  Wall: 189.605, 0.0120204/step, 0.283816 hours remaining, 282.453125 MB of memory in use.
ENERGY:   16000         0.0000         0.0000         0.0000         0.0000         -42429.7614      3072.9022         0.0000         0.0000      5242.2990         -34114.5602       300.4778    -39356.8593    -34111.4420       299.6663           -219.5698      -209.5720    100520.0049        -4.2057        -4.6201

WRITING COORDINATES TO DCD FILE NAMD_7D35_D0.dcd AT STEP 16000
LDB: ============= START OF LOAD BALANCING ============== 207.821
LDB: ============== END OF LOAD BALANCING =============== 207.821
Info: useSync: 0 useProxySync: 0
LDB: =============== DONE WITH MIGRATION ================ 207.821
LDB: ============= START OF LOAD BALANCING ============== 209.039
LDB: Largest compute 8 load 0.125907 is 10.6% of average load 1.186707
LDB: Average compute 0.024136 is 2.0% of average load 1.186707
LDB: TIME 209.039 LOAD: AVG 1.18671 MAX 1.21774  PROXIES: TOTAL 24 MAXPE 6 MAXPATCH 3 None MEM: 282.453 MB
LDB: TIME 209.039 LOAD: AVG 1.18671 MAX 1.21774  PROXIES: TOTAL 24 MAXPE 6 MAXPATCH 3 RefineTorusLB MEM: 282.453 MB
LDB: TIME 209.039 LOAD: AVG 1.18671 MAX 1.21774  PROXIES: TOTAL 24 MAXPE 6 MAXPATCH 3 RefineTorusLB MEM: 282.453 MB
LDB: ============== END OF LOAD BALANCING =============== 209.039
Info: useSync: 0 useProxySync: 0
LDB: =============== DONE WITH MIGRATION ================ 209.039
TIMING: 17000  CPU: 201.686, 0.0120925/step  Wall: 201.696, 0.0120912/step, 0.282128 hours remaining, 282.453125 MB of memory in use.
ENERGY:   17000         0.0000         0.0000         0.0000         0.0000         -42459.3073      3138.7199         0.0000         0.0000      5175.2111         -34145.3763       296.6325    -39320.5874    -34141.1960       297.7433            372.9890       365.8028    100030.5326        -6.6351        -7.1973

WRITING COORDINATES TO DCD FILE NAMD_7D35_D0.dcd AT STEP 17000
TIMING: 18000  CPU: 213.798, 0.0121125/step  Wall: 213.807, 0.0121111/step, 0.279228 hours remaining, 282.453125 MB of memory in use.
ENERGY:   18000         0.0000         0.0000         0.0000         0.0000         -42451.7118      3072.8497         0.0000         0.0000      5220.4349         -34158.4271       299.2246    -39378.8621    -34153.8477       300.3629            104.4916        90.2009     99518.6915         4.7674         4.7330

WRITING COORDINATES TO DCD FILE NAMD_7D35_D0.dcd AT STEP 18000
TIMING: 19000  CPU: 225.899, 0.0121005/step  Wall: 225.909, 0.0121018/step, 0.275652 hours remaining, 282.453125 MB of memory in use.
ENERGY:   19000         0.0000         0.0000         0.0000         0.0000         -42222.8389      2925.3539         0.0000         0.0000      5175.4203         -34122.0648       296.6445    -39297.4850    -34116.4541       298.9714             84.0328        78.5774     99520.6361        26.4562        26.1526

WRITING COORDINATES TO DCD FILE NAMD_7D35_D0.dcd AT STEP 19000
TIMING: 20000  CPU: 237.995, 0.0120965/step  Wall: 238.001, 0.0120925/step, 0.272082 hours remaining, 282.453125 MB of memory in use.
ETITLE:      TS           BOND          ANGLE          DIHED          IMPRP               ELECT            VDW       BOUNDARY           MISC        KINETIC               TOTAL           TEMP      POTENTIAL         TOTAL3        TEMPAVG            PRESSURE      GPRESSURE         VOLUME       PRESSAVG      GPRESSAVG

ENERGY:   20000         0.0000         0.0000         0.0000         0.0000         -42420.1996      3074.6207         0.0000         0.0000      5297.4611         -34048.1178       303.6396    -39345.5789    -34039.8517       299.8860            126.4413       133.1239     99801.9696        -2.1581        -2.0932

WRITING COORDINATES TO DCD FILE NAMD_7D35_D0.dcd AT STEP 20000
LDB: ============= START OF LOAD BALANCING ============== 256.242
LDB: ============== END OF LOAD BALANCING =============== 256.242
Info: useSync: 0 useProxySync: 0
LDB: =============== DONE WITH MIGRATION ================ 256.242
LDB: ============= START OF LOAD BALANCING ============== 257.462
LDB: Largest compute 9 load 0.125046 is 10.5% of average load 1.189040
LDB: Average compute 0.024185 is 2.0% of average load 1.189040
LDB: TIME 257.462 LOAD: AVG 1.18904 MAX 1.21954  PROXIES: TOTAL 24 MAXPE 6 MAXPATCH 3 None MEM: 282.453 MB
LDB: TIME 257.462 LOAD: AVG 1.18904 MAX 1.21954  PROXIES: TOTAL 24 MAXPE 6 MAXPATCH 3 RefineTorusLB MEM: 282.453 MB
LDB: TIME 257.462 LOAD: AVG 1.18904 MAX 1.21954  PROXIES: TOTAL 24 MAXPE 6 MAXPATCH 3 RefineTorusLB MEM: 282.453 MB
LDB: ============== END OF LOAD BALANCING =============== 257.462
Info: useSync: 0 useProxySync: 0
LDB: =============== DONE WITH MIGRATION ================ 257.462
TIMING: 21000  CPU: 250.127, 0.0121324/step  Wall: 250.135, 0.0121335/step, 0.269633 hours remaining, 282.453125 MB of memory in use.
ENERGY:   21000         0.0000         0.0000         0.0000         0.0000         -42217.1885      2988.7969         0.0000         0.0000      5221.1189         -34007.2726       299.2638    -39228.3915    -34002.5271       299.2213            -77.4262       -78.6989     99956.1639         5.5174         5.6841

WRITING COORDINATES TO DCD FILE NAMD_7D35_D0.dcd AT STEP 21000
TIMING: 22000  CPU: 262.204, 0.0120765/step  Wall: 262.212, 0.0120774/step, 0.265031 hours remaining, 282.453125 MB of memory in use.
ENERGY:   22000         0.0000         0.0000         0.0000         0.0000         -42532.2716      3167.7416         0.0000         0.0000      5248.0465         -34116.4835       300.8072    -39364.5300    -34110.4763       300.0374            509.2538       524.0091     99344.3555        14.9811        14.5612

WRITING COORDINATES TO DCD FILE NAMD_7D35_D0.dcd AT STEP 22000
TIMING: 23000  CPU: 274.372, 0.0121685/step  Wall: 274.379, 0.0121671/step, 0.26362 hours remaining, 282.453125 MB of memory in use.
ENERGY:   23000         0.0000         0.0000         0.0000         0.0000         -42311.1096      2980.6311         0.0000         0.0000      5131.4949         -34198.9836       294.1267    -39330.4785    -34195.5354       299.5223           -304.2677      -322.0739     99617.7762        -1.8408        -1.7365

WRITING COORDINATES TO DCD FILE NAMD_7D35_D0.dcd AT STEP 23000
TIMING: 24000  CPU: 286.537, 0.0121645/step  Wall: 286.543, 0.0121641/step, 0.260177 hours remaining, 282.453125 MB of memory in use.
ENERGY:   24000         0.0000         0.0000         0.0000         0.0000         -42292.6145      2936.5804         0.0000         0.0000      5156.5175         -34199.5167       295.5610    -39356.0341    -34192.7690       299.3781           -256.3254      -262.6731     99483.2835         3.9498         3.3660

WRITING COORDINATES TO DCD FILE NAMD_7D35_D0.dcd AT STEP 24000
LDB: ============= START OF LOAD BALANCING ============== 304.792
LDB: ============== END OF LOAD BALANCING =============== 304.792
Info: useSync: 0 useProxySync: 0
LDB: =============== DONE WITH MIGRATION ================ 304.792
LDB: ============= START OF LOAD BALANCING ============== 306.027
LDB: Largest compute 181 load 0.121898 is 10.2% of average load 1.193207
LDB: Average compute 0.024299 is 2.0% of average load 1.193207
LDB: TIME 306.027 LOAD: AVG 1.19321 MAX 1.23416  PROXIES: TOTAL 24 MAXPE 6 MAXPATCH 3 None MEM: 282.453 MB
LDB: TIME 306.027 LOAD: AVG 1.19321 MAX 1.23416  PROXIES: TOTAL 24 MAXPE 6 MAXPATCH 3 RefineTorusLB MEM: 282.453 MB
LDB: TIME 306.027 LOAD: AVG 1.19321 MAX 1.22731  PROXIES: TOTAL 24 MAXPE 6 MAXPATCH 3 RefineTorusLB MEM: 282.453 MB
LDB: ============== END OF LOAD BALANCING =============== 306.027
Info: useSync: 0 useProxySync: 0
LDB: =============== DONE WITH MIGRATION ================ 306.027
TIMING: 25000  CPU: 298.677, 0.01214/step  Wall: 298.681, 0.0121378/step, 0.256243 hours remaining, 282.453125 MB of memory in use.
ENERGY:   25000         0.0000         0.0000         0.0000         0.0000         -42295.5269      3012.0574         0.0000         0.0000      5176.5884         -34106.8810       296.7114    -39283.4695    -34105.9081       299.5720            117.8492       110.9638     99776.1586        -7.3119        -7.6532

WRITING COORDINATES TO DCD FILE NAMD_7D35_D0.dcd AT STEP 25000
TIMING: 26000  CPU: 310.704, 0.0120276/step  Wall: 310.712, 0.012031/step, 0.250646 hours remaining, 282.453125 MB of memory in use.
ENERGY:   26000         0.0000         0.0000         0.0000         0.0000         -42341.1298      3016.9177         0.0000         0.0000      5203.8053         -34120.4067       298.2714    -39324.2120    -34115.0694       297.8692             94.9377       108.2269     99731.0395         4.4217         3.8014

WRITING COORDINATES TO DCD FILE NAMD_7D35_D0.dcd AT STEP 26000
TIMING: 27000  CPU: 322.733, 0.0120281/step  Wall: 322.739, 0.0120265/step, 0.247212 hours remaining, 282.453125 MB of memory in use.
ENERGY:   27000         0.0000         0.0000         0.0000         0.0000         -42394.1830      3116.3014         0.0000         0.0000      5218.2936         -34059.5880       299.1019    -39277.8816    -34050.9657       298.8223            487.2209       483.1088     99853.2185        11.3004        10.9752

WRITING COORDINATES TO DCD FILE NAMD_7D35_D0.dcd AT STEP 27000
TIMING: 28000  CPU: 334.813, 0.0120803/step  Wall: 334.821, 0.0120822/step, 0.245 hours remaining, 282.453125 MB of memory in use.
ENERGY:   28000         0.0000         0.0000         0.0000         0.0000         -42288.9233      2994.5866         0.0000         0.0000      5161.2440         -34133.0926       295.8319    -39294.3366    -34126.8319       300.0920            173.7522       183.7018     99801.9994        13.5099        13.8112

WRITING COORDINATES TO DCD FILE NAMD_7D35_D0.dcd AT STEP 28000
LDB: ============= START OF LOAD BALANCING ============== 353.036
LDB: ============== END OF LOAD BALANCING =============== 353.036
Info: useSync: 0 useProxySync: 0
LDB: =============== DONE WITH MIGRATION ================ 353.036
LDB: ============= START OF LOAD BALANCING ============== 354.25
LDB: Largest compute 181 load 0.118275 is 10.0% of average load 1.177892
LDB: Average compute 0.023963 is 2.0% of average load 1.177892
LDB: TIME 354.251 LOAD: AVG 1.17789 MAX 1.21422  PROXIES: TOTAL 24 MAXPE 6 MAXPATCH 3 None MEM: 282.453 MB
LDB: TIME 354.251 LOAD: AVG 1.17789 MAX 1.21422  PROXIES: TOTAL 24 MAXPE 6 MAXPATCH 3 RefineTorusLB MEM: 282.453 MB
LDB: TIME 354.251 LOAD: AVG 1.17789 MAX 1.21422  PROXIES: TOTAL 24 MAXPE 6 MAXPATCH 3 RefineTorusLB MEM: 282.453 MB
LDB: ============== END OF LOAD BALANCING =============== 354.251
Info: useSync: 0 useProxySync: 0
LDB: =============== DONE WITH MIGRATION ================ 354.251
TIMING: 29000  CPU: 346.893, 0.0120803/step  Wall: 346.9, 0.0120792/step, 0.241584 hours remaining, 282.453125 MB of memory in use.
ENERGY:   29000         0.0000         0.0000         0.0000         0.0000         -42423.3856      3103.9758         0.0000         0.0000      5181.4285         -34137.9813       296.9888    -39319.4098    -34134.0863       299.3874            -53.2614       -58.1835    100097.7684         6.8166         6.6615

WRITING COORDINATES TO DCD FILE NAMD_7D35_D0.dcd AT STEP 29000
TIMING: 30000  CPU: 358.945, 0.0120523/step  Wall: 358.95, 0.0120497/step, 0.237647 hours remaining, 282.453125 MB of memory in use.
ETITLE:      TS           BOND          ANGLE          DIHED          IMPRP               ELECT            VDW       BOUNDARY           MISC        KINETIC               TOTAL           TEMP      POTENTIAL         TOTAL3        TEMPAVG            PRESSURE      GPRESSURE         VOLUME       PRESSAVG      GPRESSAVG

ENERGY:   30000         0.0000         0.0000         0.0000         0.0000         -42610.9397      3193.3270         0.0000         0.0000      5258.2736         -34159.3390       301.3934    -39417.6127    -34157.4920       299.9295            767.7151       763.8142     99590.8266        -5.5716        -5.1445

WRITING COORDINATES TO DCD FILE NAMD_7D35_D0.dcd AT STEP 30000
TIMING: 31000  CPU: 371.238, 0.0122922/step  Wall: 371.242, 0.0122921/step, 0.239013 hours remaining, 282.453125 MB of memory in use.
ENERGY:   31000         0.0000         0.0000         0.0000         0.0000         -42490.5177      3124.1498         0.0000         0.0000      5142.8249         -34223.5431       294.7761    -39366.3679    -34219.5204       296.2889           -521.7971      -507.7886     99599.7063         3.6269         2.9882

WRITING COORDINATES TO DCD FILE NAMD_7D35_D0.dcd AT STEP 31000
TIMING: 32000  CPU: 383.342, 0.0121042/step  Wall: 383.347, 0.0121049/step, 0.232011 hours remaining, 282.453125 MB of memory in use.
ENERGY:   32000         0.0000         0.0000         0.0000         0.0000         -42270.8687      2968.0343         0.0000         0.0000      5271.8407         -34030.9937       302.1711    -39302.8344    -34029.1583       299.0434           -600.0045      -586.5744    100414.9503         5.3017         5.3298

WRITING COORDINATES TO DCD FILE NAMD_7D35_D0.dcd AT STEP 32000
LDB: ============= START OF LOAD BALANCING ============== 401.574
LDB: ============== END OF LOAD BALANCING =============== 401.574
Info: useSync: 0 useProxySync: 0
LDB: =============== DONE WITH MIGRATION ================ 401.574
LDB: ============= START OF LOAD BALANCING ============== 402.787
LDB: Largest compute 180 load 0.119976 is 10.1% of average load 1.182143
LDB: Average compute 0.024005 is 2.0% of average load 1.182143
LDB: TIME 402.787 LOAD: AVG 1.18214 MAX 1.21315  PROXIES: TOTAL 24 MAXPE 6 MAXPATCH 3 None MEM: 282.453 MB
LDB: TIME 402.787 LOAD: AVG 1.18214 MAX 1.21315  PROXIES: TOTAL 24 MAXPE 6 MAXPATCH 3 RefineTorusLB MEM: 282.453 MB
LDB: TIME 402.787 LOAD: AVG 1.18214 MAX 1.21315  PROXIES: TOTAL 24 MAXPE 6 MAXPATCH 3 RefineTorusLB MEM: 282.453 MB
LDB: ============== END OF LOAD BALANCING =============== 402.787
Info: useSync: 0 useProxySync: 0
LDB: =============== DONE WITH MIGRATION ================ 402.787
TIMING: 33000  CPU: 395.378, 0.0120362/step  Wall: 395.384, 0.0120368/step, 0.227361 hours remaining, 282.453125 MB of memory in use.
ENERGY:   33000         0.0000         0.0000         0.0000         0.0000         -42407.4690      3126.5350         0.0000         0.0000      5183.0887         -34097.8453       297.0840    -39280.9340    -34091.5831       300.2816            -40.2589       -51.0819    100915.9501        16.4857        16.4841

WRITING COORDINATES TO DCD FILE NAMD_7D35_D0.dcd AT STEP 33000
TIMING: 34000  CPU: 407.486, 0.0121082/step  Wall: 407.491, 0.0121076/step, 0.225336 hours remaining, 282.453125 MB of memory in use.
ENERGY:   34000         0.0000         0.0000         0.0000         0.0000         -42404.1954      3142.4476         0.0000         0.0000      5276.9551         -33984.7927       302.4642    -39261.7477    -33984.1599       301.2653            178.4107       168.3021     99351.3932         4.7360         4.9777

WRITING COORDINATES TO DCD FILE NAMD_7D35_D0.dcd AT STEP 34000
TIMING: 35000  CPU: 419.642, 0.0121562/step  Wall: 419.647, 0.0121559/step, 0.222858 hours remaining, 282.453125 MB of memory in use.
ENERGY:   35000         0.0000         0.0000         0.0000         0.0000         -42570.9523      3021.3633         0.0000         0.0000      5235.1306         -34314.4584       300.0669    -39549.5890    -34308.3286       300.1554           -319.9012      -297.4256    100116.8657       -10.3356       -10.7903

WRITING COORDINATES TO DCD FILE NAMD_7D35_D0.dcd AT STEP 35000
